id,schedule_code,effective_date,change_type,li_item_id,pbs_code,drug_id,brand_name,old_value,new_value,affected_items,significance,notes,created_at
2541,1983062564,2092-01-01T00:00:00.000Z,delisted,10104T_13914_30617_30622_30624,10104T,1000002,Ferinject,"{""pbs_code"":""10104T"",""formulary"":""F2"",""brand_name"":""Ferinject"",""li_item_id"":""10104T_13914_30617_30622_30624"",""determined_price"":40.97}",,,normal,PBS listing was present in the previous schedule and is now absent.,2026-08-29T11:14:36.234Z
2542,1983062564,2092-01-01T00:00:00.000Z,delisted,10104T_13914_30617_30622_68214,10104T,1000002,Ferric Carboxymaltose-Teva,"{""pbs_code"":""10104T"",""formulary"":""F2"",""brand_name"":""Ferric Carboxymaltose-Teva"",""li_item_id"":""10104T_13914_30617_30622_68214"",""determined_price"":40.97}",,,normal,PBS listing was present in the previous schedule and is now absent.,2026-08-29T11:14:36.234Z
2543,1983062564,2092-01-01T00:00:00.000Z,delisted,10104T_13914_30617_30622_68217,10104T,1000002,Ferrive,"{""pbs_code"":""10104T"",""formulary"":""F2"",""brand_name"":""Ferrive"",""li_item_id"":""10104T_13914_30617_30622_68217"",""determined_price"":40.97}",,,normal,PBS listing was present in the previous schedule and is now absent.,2026-08-29T11:14:36.234Z
2544,1983062564,2092-01-01T00:00:00.000Z,delisted,10104T_13914_30617_30622_68219,10104T,1000002,FERIVO,"{""pbs_code"":""10104T"",""formulary"":""F2"",""brand_name"":""FERIVO"",""li_item_id"":""10104T_13914_30617_30622_68219"",""determined_price"":40.97}",,,normal,PBS listing was present in the previous schedule and is now absent.,2026-08-29T11:14:36.234Z
2545,1983062564,2092-01-01T00:00:00.000Z,delisted,10104T_13914_30617_30622_68865,10104T,1000002,FERRICARBO,"{""pbs_code"":""10104T"",""formulary"":""F2"",""brand_name"":""FERRICARBO"",""li_item_id"":""10104T_13914_30617_30622_68865"",""determined_price"":40.97}",,,normal,PBS listing was present in the previous schedule and is now absent.,2026-08-29T11:14:36.234Z
2546,1983062564,2092-01-01T00:00:00.000Z,delisted,11702X_23004_30617_47149_47151,11702X,1000002,Ferinject,"{""pbs_code"":""11702X"",""formulary"":""F2"",""brand_name"":""Ferinject"",""li_item_id"":""11702X_23004_30617_47149_47151"",""determined_price"":81.94}",,,normal,PBS listing was present in the previous schedule and is now absent.,2026-08-29T11:14:36.234Z
2547,1983062564,2092-01-01T00:00:00.000Z,delisted,11702X_23004_30617_47149_68215,11702X,1000002,Ferric Carboxymaltose-Teva,"{""pbs_code"":""11702X"",""formulary"":""F2"",""brand_name"":""Ferric Carboxymaltose-Teva"",""li_item_id"":""11702X_23004_30617_47149_68215"",""determined_price"":81.94}",,,normal,PBS listing was present in the previous schedule and is now absent.,2026-08-29T11:14:36.234Z
2548,1983062564,2092-01-01T00:00:00.000Z,delisted,11702X_23004_30617_47149_68216,11702X,1000002,Ferrive,"{""pbs_code"":""11702X"",""formulary"":""F2"",""brand_name"":""Ferrive"",""li_item_id"":""11702X_23004_30617_47149_68216"",""determined_price"":81.94}",,,normal,PBS listing was present in the previous schedule and is now absent.,2026-08-29T11:14:36.234Z
2549,1983062564,2092-01-01T00:00:00.000Z,delisted,11702X_23004_30617_47149_68218,11702X,1000002,FERIVO,"{""pbs_code"":""11702X"",""formulary"":""F2"",""brand_name"":""FERIVO"",""li_item_id"":""11702X_23004_30617_47149_68218"",""determined_price"":81.94}",,,normal,PBS listing was present in the previous schedule and is now absent.,2026-08-29T11:14:36.234Z
2550,1983062564,2092-01-01T00:00:00.000Z,delisted,11702X_23004_30617_47149_68864,11702X,1000002,FERRICARBO,"{""pbs_code"":""11702X"",""formulary"":""F2"",""brand_name"":""FERRICARBO"",""li_item_id"":""11702X_23004_30617_47149_68864"",""determined_price"":81.94}",,,normal,PBS listing was present in the previous schedule and is now absent.,2026-08-29T11:14:36.234Z
2551,1983062564,2092-01-01T00:00:00.000Z,delisted,10201X_15315_34257_34261_34264,10201X,2100002999,Rosuzet Composite Pack,"{""pbs_code"":""10201X"",""formulary"":""F2"",""brand_name"":""Rosuzet Composite Pack"",""li_item_id"":""10201X_15315_34257_34261_34264"",""determined_price"":13.88}",,,normal,PBS listing was present in the previous schedule and is now absent.,2026-08-29T11:14:36.234Z
2552,1983062564,2092-01-01T00:00:00.000Z,delisted,10201X_15315_34257_34261_45176,10201X,2100002999,Ezalo Composite Pack 10mg+20mg,"{""pbs_code"":""10201X"",""formulary"":""F2"",""brand_name"":""Ezalo Composite Pack 10mg+20mg"",""li_item_id"":""10201X_15315_34257_34261_45176"",""determined_price"":13.88}",,,normal,PBS listing was present in the previous schedule and is now absent.,2026-08-29T11:14:36.234Z
2553,1983062564,2092-01-01T00:00:00.000Z,delisted,10201X_15315_34257_34261_56436,10201X,2100002999,Pharmacor Ezetimibe Rosuvastatin Composite Pack,"{""pbs_code"":""10201X"",""formulary"":""F2"",""brand_name"":""Pharmacor Ezetimibe Rosuvastatin Composite Pack"",""li_item_id"":""10201X_15315_34257_34261_56436"",""determined_price"":13.88}",,,normal,PBS listing was present in the previous schedule and is now absent.,2026-08-29T11:14:36.234Z
2554,1983062564,2092-01-01T00:00:00.000Z,delisted,10201X_15315_34257_34261_59702,10201X,2100002999,Ezetimibe - Rosuvastatin Sandoz 10 mg/20 mg,"{""pbs_code"":""10201X"",""formulary"":""F2"",""brand_name"":""Ezetimibe - Rosuvastatin Sandoz 10 mg/20 mg"",""li_item_id"":""10201X_15315_34257_34261_59702"",""determined_price"":13.88}",,,normal,PBS listing was present in the previous schedule and is now absent.,2026-08-29T11:14:36.234Z
2555,1983062564,2092-01-01T00:00:00.000Z,delisted,10204C_15312_34257_34269_34272,10204C,2100002999,Rosuzet Composite Pack,"{""pbs_code"":""10204C"",""formulary"":""F2"",""brand_name"":""Rosuzet Composite Pack"",""li_item_id"":""10204C_15312_34257_34269_34272"",""determined_price"":10.75}",,,normal,PBS listing was present in the previous schedule and is now absent.,2026-08-29T11:14:36.234Z
2556,1983062564,2092-01-01T00:00:00.000Z,delisted,10204C_15312_34257_34269_45178,10204C,2100002999,Ezalo Composite Pack 10mg+5mg,"{""pbs_code"":""10204C"",""formulary"":""F2"",""brand_name"":""Ezalo Composite Pack 10mg+5mg"",""li_item_id"":""10204C_15312_34257_34269_45178"",""determined_price"":10.75}",,,normal,PBS listing was present in the previous schedule and is now absent.,2026-08-29T11:14:36.234Z
2557,1983062564,2092-01-01T00:00:00.000Z,delisted,10204C_15312_34257_34269_59711,10204C,2100002999,Ezetimibe - Rosuvastatin Sandoz 10 mg/5 mg,"{""pbs_code"":""10204C"",""formulary"":""F2"",""brand_name"":""Ezetimibe - Rosuvastatin Sandoz 10 mg/5 mg"",""li_item_id"":""10204C_15312_34257_34269_59711"",""determined_price"":10.75}",,,normal,PBS listing was present in the previous schedule and is now absent.,2026-08-29T11:14:36.234Z
2558,1983062564,2092-01-01T00:00:00.000Z,delisted,10207F_15316_34257_34265_34268,10207F,2100002999,Rosuzet Composite Pack,"{""pbs_code"":""10207F"",""formulary"":""F2"",""brand_name"":""Rosuzet Composite Pack"",""li_item_id"":""10207F_15316_34257_34265_34268"",""determined_price"":13.59}",,,normal,PBS listing was present in the previous schedule and is now absent.,2026-08-29T11:14:36.234Z
2559,1983062564,2092-01-01T00:00:00.000Z,delisted,10207F_15316_34257_34265_45177,10207F,2100002999,Ezalo Composite Pack 10mg+40mg,"{""pbs_code"":""10207F"",""formulary"":""F2"",""brand_name"":""Ezalo Composite Pack 10mg+40mg"",""li_item_id"":""10207F_15316_34257_34265_45177"",""determined_price"":13.59}",,,normal,PBS listing was present in the previous schedule and is now absent.,2026-08-29T11:14:36.234Z
2560,1983062564,2092-01-01T00:00:00.000Z,delisted,10207F_15316_34257_34265_56437,10207F,2100002999,Pharmacor Ezetimibe Rosuvastatin Composite Pack,"{""pbs_code"":""10207F"",""formulary"":""F2"",""brand_name"":""Pharmacor Ezetimibe Rosuvastatin Composite Pack"",""li_item_id"":""10207F_15316_34257_34265_56437"",""determined_price"":13.59}",,,normal,PBS listing was present in the previous schedule and is now absent.,2026-08-29T11:14:36.234Z
2561,1983062564,2092-01-01T00:00:00.000Z,delisted,10207F_15316_34257_34265_59708,10207F,2100002999,Ezetimibe - Rosuvastatin Sandoz 10 mg/40 mg,"{""pbs_code"":""10207F"",""formulary"":""F2"",""brand_name"":""Ezetimibe - Rosuvastatin Sandoz 10 mg/40 mg"",""li_item_id"":""10207F_15316_34257_34265_59708"",""determined_price"":13.59}",,,normal,PBS listing was present in the previous schedule and is now absent.,2026-08-29T11:14:36.234Z
2562,1983062564,2092-01-01T00:00:00.000Z,delisted,10208G_15314_34257_34258_34273,10208G,2100002999,Rosuzet Composite Pack,"{""pbs_code"":""10208G"",""formulary"":""F2"",""brand_name"":""Rosuzet Composite Pack"",""li_item_id"":""10208G_15314_34257_34258_34273"",""determined_price"":12.04}",,,normal,PBS listing was present in the previous schedule and is now absent.,2026-08-29T11:14:36.234Z
2563,1983062564,2092-01-01T00:00:00.000Z,delisted,10208G_15314_34257_34258_45175,10208G,2100002999,Ezalo Composite Pack 10mg+10mg,"{""pbs_code"":""10208G"",""formulary"":""F2"",""brand_name"":""Ezalo Composite Pack 10mg+10mg"",""li_item_id"":""10208G_15314_34257_34258_45175"",""determined_price"":12.04}",,,normal,PBS listing was present in the previous schedule and is now absent.,2026-08-29T11:14:36.234Z
2564,1983062564,2092-01-01T00:00:00.000Z,delisted,10208G_15314_34257_34258_56435,10208G,2100002999,Pharmacor Ezetimibe Rosuvastatin Composite Pack,"{""pbs_code"":""10208G"",""formulary"":""F2"",""brand_name"":""Pharmacor Ezetimibe Rosuvastatin Composite Pack"",""li_item_id"":""10208G_15314_34257_34258_56435"",""determined_price"":12.04}",,,normal,PBS listing was present in the previous schedule and is now absent.,2026-08-29T11:14:36.234Z
2565,1983062564,2092-01-01T00:00:00.000Z,delisted,10208G_15314_34257_34258_59714,10208G,2100002999,Ezetimibe - Rosuvastatin Sandoz 10 mg/10 mg,"{""pbs_code"":""10208G"",""formulary"":""F2"",""brand_name"":""Ezetimibe - Rosuvastatin Sandoz 10 mg/10 mg"",""li_item_id"":""10208G_15314_34257_34258_59714"",""determined_price"":12.04}",,,normal,PBS listing was present in the previous schedule and is now absent.,2026-08-29T11:14:36.234Z
2566,1983062564,2092-01-01T00:00:00.000Z,delisted,13480L_15315_34257_34261_34264,13480L,2100002999,Rosuzet Composite Pack,"{""pbs_code"":""13480L"",""formulary"":""F2"",""brand_name"":""Rosuzet Composite Pack"",""li_item_id"":""13480L_15315_34257_34261_34264"",""determined_price"":13.88}",,,normal,PBS listing was present in the previous schedule and is now absent.,2026-08-29T11:14:36.234Z
2567,1983062564,2092-01-01T00:00:00.000Z,delisted,13480L_15315_34257_34261_45176,13480L,2100002999,Ezalo Composite Pack 10mg+20mg,"{""pbs_code"":""13480L"",""formulary"":""F2"",""brand_name"":""Ezalo Composite Pack 10mg+20mg"",""li_item_id"":""13480L_15315_34257_34261_45176"",""determined_price"":13.88}",,,normal,PBS listing was present in the previous schedule and is now absent.,2026-08-29T11:14:36.234Z
2568,1983062564,2092-01-01T00:00:00.000Z,delisted,13480L_15315_34257_34261_56436,13480L,2100002999,Pharmacor Ezetimibe Rosuvastatin Composite Pack,"{""pbs_code"":""13480L"",""formulary"":""F2"",""brand_name"":""Pharmacor Ezetimibe Rosuvastatin Composite Pack"",""li_item_id"":""13480L_15315_34257_34261_56436"",""determined_price"":13.88}",,,normal,PBS listing was present in the previous schedule and is now absent.,2026-08-29T11:14:36.234Z
2569,1983062564,2092-01-01T00:00:00.000Z,delisted,13480L_15315_34257_34261_59702,13480L,2100002999,Ezetimibe - Rosuvastatin Sandoz 10 mg/20 mg,"{""pbs_code"":""13480L"",""formulary"":""F2"",""brand_name"":""Ezetimibe - Rosuvastatin Sandoz 10 mg/20 mg"",""li_item_id"":""13480L_15315_34257_34261_59702"",""determined_price"":13.88}",,,normal,PBS listing was present in the previous schedule and is now absent.,2026-08-29T11:14:36.234Z
2570,1983062564,2092-01-01T00:00:00.000Z,delisted,13537L_15316_34257_34265_34268,13537L,2100002999,Rosuzet Composite Pack,"{""pbs_code"":""13537L"",""formulary"":""F2"",""brand_name"":""Rosuzet Composite Pack"",""li_item_id"":""13537L_15316_34257_34265_34268"",""determined_price"":13.59}",,,normal,PBS listing was present in the previous schedule and is now absent.,2026-08-29T11:14:36.234Z
2571,1983062564,2092-01-01T00:00:00.000Z,delisted,13537L_15316_34257_34265_45177,13537L,2100002999,Ezalo Composite Pack 10mg+40mg,"{""pbs_code"":""13537L"",""formulary"":""F2"",""brand_name"":""Ezalo Composite Pack 10mg+40mg"",""li_item_id"":""13537L_15316_34257_34265_45177"",""determined_price"":13.59}",,,normal,PBS listing was present in the previous schedule and is now absent.,2026-08-29T11:14:36.234Z
2572,1983062564,2092-01-01T00:00:00.000Z,delisted,13537L_15316_34257_34265_56437,13537L,2100002999,Pharmacor Ezetimibe Rosuvastatin Composite Pack,"{""pbs_code"":""13537L"",""formulary"":""F2"",""brand_name"":""Pharmacor Ezetimibe Rosuvastatin Composite Pack"",""li_item_id"":""13537L_15316_34257_34265_56437"",""determined_price"":13.59}",,,normal,PBS listing was present in the previous schedule and is now absent.,2026-08-29T11:14:36.234Z
2573,1983062564,2092-01-01T00:00:00.000Z,delisted,13537L_15316_34257_34265_59708,13537L,2100002999,Ezetimibe - Rosuvastatin Sandoz 10 mg/40 mg,"{""pbs_code"":""13537L"",""formulary"":""F2"",""brand_name"":""Ezetimibe - Rosuvastatin Sandoz 10 mg/40 mg"",""li_item_id"":""13537L_15316_34257_34265_59708"",""determined_price"":13.59}",,,normal,PBS listing was present in the previous schedule and is now absent.,2026-08-29T11:14:36.234Z
2574,1983062564,2092-01-01T00:00:00.000Z,delisted,13569E_15314_34257_34258_34273,13569E,2100002999,Rosuzet Composite Pack,"{""pbs_code"":""13569E"",""formulary"":""F2"",""brand_name"":""Rosuzet Composite Pack"",""li_item_id"":""13569E_15314_34257_34258_34273"",""determined_price"":12.04}",,,normal,PBS listing was present in the previous schedule and is now absent.,2026-08-29T11:14:36.234Z
2575,1983062564,2092-01-01T00:00:00.000Z,delisted,13569E_15314_34257_34258_45175,13569E,2100002999,Ezalo Composite Pack 10mg+10mg,"{""pbs_code"":""13569E"",""formulary"":""F2"",""brand_name"":""Ezalo Composite Pack 10mg+10mg"",""li_item_id"":""13569E_15314_34257_34258_45175"",""determined_price"":12.04}",,,normal,PBS listing was present in the previous schedule and is now absent.,2026-08-29T11:14:36.234Z
2576,1983062564,2092-01-01T00:00:00.000Z,delisted,13569E_15314_34257_34258_56435,13569E,2100002999,Pharmacor Ezetimibe Rosuvastatin Composite Pack,"{""pbs_code"":""13569E"",""formulary"":""F2"",""brand_name"":""Pharmacor Ezetimibe Rosuvastatin Composite Pack"",""li_item_id"":""13569E_15314_34257_34258_56435"",""determined_price"":12.04}",,,normal,PBS listing was present in the previous schedule and is now absent.,2026-08-29T11:14:36.234Z
2577,1983062564,2092-01-01T00:00:00.000Z,delisted,13569E_15314_34257_34258_59714,13569E,2100002999,Ezetimibe - Rosuvastatin Sandoz 10 mg/10 mg,"{""pbs_code"":""13569E"",""formulary"":""F2"",""brand_name"":""Ezetimibe - Rosuvastatin Sandoz 10 mg/10 mg"",""li_item_id"":""13569E_15314_34257_34258_59714"",""determined_price"":12.04}",,,normal,PBS listing was present in the previous schedule and is now absent.,2026-08-29T11:14:36.234Z
2578,1983062564,2092-01-01T00:00:00.000Z,delisted,13629H_15312_34257_34269_34272,13629H,2100002999,Rosuzet Composite Pack,"{""pbs_code"":""13629H"",""formulary"":""F2"",""brand_name"":""Rosuzet Composite Pack"",""li_item_id"":""13629H_15312_34257_34269_34272"",""determined_price"":10.75}",,,normal,PBS listing was present in the previous schedule and is now absent.,2026-08-29T11:14:36.234Z
2579,1983062564,2092-01-01T00:00:00.000Z,delisted,13629H_15312_34257_34269_45178,13629H,2100002999,Ezalo Composite Pack 10mg+5mg,"{""pbs_code"":""13629H"",""formulary"":""F2"",""brand_name"":""Ezalo Composite Pack 10mg+5mg"",""li_item_id"":""13629H_15312_34257_34269_45178"",""determined_price"":10.75}",,,normal,PBS listing was present in the previous schedule and is now absent.,2026-08-29T11:14:36.234Z
2580,1983062564,2092-01-01T00:00:00.000Z,delisted,13629H_15312_34257_34269_59711,13629H,2100002999,Ezetimibe - Rosuvastatin Sandoz 10 mg/5 mg,"{""pbs_code"":""13629H"",""formulary"":""F2"",""brand_name"":""Ezetimibe - Rosuvastatin Sandoz 10 mg/5 mg"",""li_item_id"":""13629H_15312_34257_34269_59711"",""determined_price"":10.75}",,,normal,PBS listing was present in the previous schedule and is now absent.,2026-08-29T11:14:36.234Z
2581,1983062564,2092-01-01T00:00:00.000Z,delisted,10399H_10037_1189_5419_45576,10399H,2100003000,Hadlima,"{""pbs_code"":""10399H"",""formulary"":""F2"",""brand_name"":""Hadlima"",""li_item_id"":""10399H_10037_1189_5419_45576"",""determined_price"":444.17}",,,normal,PBS listing was present in the previous schedule and is now absent.,2026-08-29T11:14:36.234Z
2582,1983062564,2092-01-01T00:00:00.000Z,delisted,10399H_10037_1189_5419_45951,10399H,2100003000,Amgevita,"{""pbs_code"":""10399H"",""formulary"":""F2"",""brand_name"":""Amgevita"",""li_item_id"":""10399H_10037_1189_5419_45951"",""determined_price"":444.17}",,,normal,PBS listing was present in the previous schedule and is now absent.,2026-08-29T11:14:36.234Z
2583,1983062564,2092-01-01T00:00:00.000Z,delisted,10399H_10037_1189_5419_49269,10399H,2100003000,Hyrimoz,"{""pbs_code"":""10399H"",""formulary"":""F2"",""brand_name"":""Hyrimoz"",""li_item_id"":""10399H_10037_1189_5419_49269"",""determined_price"":444.17}",,,normal,PBS listing was present in the previous schedule and is now absent.,2026-08-29T11:14:36.234Z
2584,1983062564,2092-01-01T00:00:00.000Z,delisted,10400J_7270_1189_5417_49267,10400J,2100003000,Hyrimoz,"{""pbs_code"":""10400J"",""formulary"":""F2"",""brand_name"":""Hyrimoz"",""li_item_id"":""10400J_7270_1189_5417_49267"",""determined_price"":444.17}",,,normal,PBS listing was present in the previous schedule and is now absent.,2026-08-29T11:14:36.234Z
2585,1983062564,2092-01-01T00:00:00.000Z,delisted,10400J_7270_1189_5417_50918,10400J,2100003000,Hadlima,"{""pbs_code"":""10400J"",""formulary"":""F2"",""brand_name"":""Hadlima"",""li_item_id"":""10400J_7270_1189_5417_50918"",""determined_price"":444.17}",,,normal,PBS listing was present in the previous schedule and is now absent.,2026-08-29T11:14:36.234Z
2586,1983062564,2092-01-01T00:00:00.000Z,delisted,10400J_7270_1189_5417_51588,10400J,2100003000,Amgevita,"{""pbs_code"":""10400J"",""formulary"":""F2"",""brand_name"":""Amgevita"",""li_item_id"":""10400J_7270_1189_5417_51588"",""determined_price"":444.17}",,,normal,PBS listing was present in the previous schedule and is now absent.,2026-08-29T11:14:36.234Z
2587,1983062564,2092-01-01T00:00:00.000Z,delisted,10400J_7270_1189_5417_54286,10400J,2100003000,Abrilada,"{""pbs_code"":""10400J"",""formulary"":""F2"",""brand_name"":""Abrilada"",""li_item_id"":""10400J_7270_1189_5417_54286"",""determined_price"":444.17}",,,normal,PBS listing was present in the previous schedule and is now absent.,2026-08-29T11:14:36.234Z
2588,1983062564,2092-01-01T00:00:00.000Z,delisted,10412B_10037_1189_5419_45576,10412B,2100003000,Hadlima,"{""pbs_code"":""10412B"",""formulary"":""F2"",""brand_name"":""Hadlima"",""li_item_id"":""10412B_10037_1189_5419_45576"",""determined_price"":444.17}",,,normal,PBS listing was present in the previous schedule and is now absent.,2026-08-29T11:14:36.234Z
2589,1983062564,2092-01-01T00:00:00.000Z,delisted,10412B_10037_1189_5419_45951,10412B,2100003000,Amgevita,"{""pbs_code"":""10412B"",""formulary"":""F2"",""brand_name"":""Amgevita"",""li_item_id"":""10412B_10037_1189_5419_45951"",""determined_price"":444.17}",,,normal,PBS listing was present in the previous schedule and is now absent.,2026-08-29T11:14:36.234Z
2590,1983062564,2092-01-01T00:00:00.000Z,delisted,10412B_10037_1189_5419_49269,10412B,2100003000,Hyrimoz,"{""pbs_code"":""10412B"",""formulary"":""F2"",""brand_name"":""Hyrimoz"",""li_item_id"":""10412B_10037_1189_5419_49269"",""determined_price"":444.17}",,,normal,PBS listing was present in the previous schedule and is now absent.,2026-08-29T11:14:36.234Z
2591,1983062564,2092-01-01T00:00:00.000Z,delisted,10413C_7270_1189_5417_49267,10413C,2100003000,Hyrimoz,"{""pbs_code"":""10413C"",""formulary"":""F2"",""brand_name"":""Hyrimoz"",""li_item_id"":""10413C_7270_1189_5417_49267"",""determined_price"":444.17}",,,normal,PBS listing was present in the previous schedule and is now absent.,2026-08-29T11:14:36.234Z
2592,1983062564,2092-01-01T00:00:00.000Z,delisted,10413C_7270_1189_5417_50918,10413C,2100003000,Hadlima,"{""pbs_code"":""10413C"",""formulary"":""F2"",""brand_name"":""Hadlima"",""li_item_id"":""10413C_7270_1189_5417_50918"",""determined_price"":444.17}",,,normal,PBS listing was present in the previous schedule and is now absent.,2026-08-29T11:14:36.234Z
2593,1983062564,2092-01-01T00:00:00.000Z,delisted,10413C_7270_1189_5417_51588,10413C,2100003000,Amgevita,"{""pbs_code"":""10413C"",""formulary"":""F2"",""brand_name"":""Amgevita"",""li_item_id"":""10413C_7270_1189_5417_51588"",""determined_price"":444.17}",,,normal,PBS listing was present in the previous schedule and is now absent.,2026-08-29T11:14:36.234Z
2594,1983062564,2092-01-01T00:00:00.000Z,delisted,10413C_7270_1189_5417_54286,10413C,2100003000,Abrilada,"{""pbs_code"":""10413C"",""formulary"":""F2"",""brand_name"":""Abrilada"",""li_item_id"":""10413C_7270_1189_5417_54286"",""determined_price"":444.17}",,,normal,PBS listing was present in the previous schedule and is now absent.,2026-08-29T11:14:36.234Z
2595,1983062564,2092-01-01T00:00:00.000Z,delisted,10419J_10037_1189_5419_45576,10419J,2100003000,Hadlima,"{""pbs_code"":""10419J"",""formulary"":""F2"",""brand_name"":""Hadlima"",""li_item_id"":""10419J_10037_1189_5419_45576"",""determined_price"":444.17}",,,normal,PBS listing was present in the previous schedule and is now absent.,2026-08-29T11:14:36.234Z
2596,1983062564,2092-01-01T00:00:00.000Z,delisted,10419J_10037_1189_5419_45951,10419J,2100003000,Amgevita,"{""pbs_code"":""10419J"",""formulary"":""F2"",""brand_name"":""Amgevita"",""li_item_id"":""10419J_10037_1189_5419_45951"",""determined_price"":444.17}",,,normal,PBS listing was present in the previous schedule and is now absent.,2026-08-29T11:14:36.234Z
2597,1983062564,2092-01-01T00:00:00.000Z,delisted,10419J_10037_1189_5419_49269,10419J,2100003000,Hyrimoz,"{""pbs_code"":""10419J"",""formulary"":""F2"",""brand_name"":""Hyrimoz"",""li_item_id"":""10419J_10037_1189_5419_49269"",""determined_price"":444.17}",,,normal,PBS listing was present in the previous schedule and is now absent.,2026-08-29T11:14:36.234Z
2598,1983062564,2092-01-01T00:00:00.000Z,delisted,10420K_7270_1189_5417_49267,10420K,2100003000,Hyrimoz,"{""pbs_code"":""10420K"",""formulary"":""F2"",""brand_name"":""Hyrimoz"",""li_item_id"":""10420K_7270_1189_5417_49267"",""determined_price"":444.17}",,,normal,PBS listing was present in the previous schedule and is now absent.,2026-08-29T11:14:36.234Z
2599,1983062564,2092-01-01T00:00:00.000Z,delisted,10420K_7270_1189_5417_50918,10420K,2100003000,Hadlima,"{""pbs_code"":""10420K"",""formulary"":""F2"",""brand_name"":""Hadlima"",""li_item_id"":""10420K_7270_1189_5417_50918"",""determined_price"":444.17}",,,normal,PBS listing was present in the previous schedule and is now absent.,2026-08-29T11:14:36.234Z
2600,1983062564,2092-01-01T00:00:00.000Z,delisted,10420K_7270_1189_5417_51588,10420K,2100003000,Amgevita,"{""pbs_code"":""10420K"",""formulary"":""F2"",""brand_name"":""Amgevita"",""li_item_id"":""10420K_7270_1189_5417_51588"",""determined_price"":444.17}",,,normal,PBS listing was present in the previous schedule and is now absent.,2026-08-29T11:14:36.234Z
2601,1983062564,2092-01-01T00:00:00.000Z,delisted,10420K_7270_1189_5417_54286,10420K,2100003000,Abrilada,"{""pbs_code"":""10420K"",""formulary"":""F2"",""brand_name"":""Abrilada"",""li_item_id"":""10420K_7270_1189_5417_54286"",""determined_price"":444.17}",,,normal,PBS listing was present in the previous schedule and is now absent.,2026-08-29T11:14:36.234Z
2602,1983062564,2092-01-01T00:00:00.000Z,delisted,10944B_10037_1189_5419_45576,10944B,2100003000,Hadlima,"{""pbs_code"":""10944B"",""formulary"":""F2"",""brand_name"":""Hadlima"",""li_item_id"":""10944B_10037_1189_5419_45576"",""determined_price"":444.17}",,,normal,PBS listing was present in the previous schedule and is now absent.,2026-08-29T11:14:36.234Z
2603,1983062564,2092-01-01T00:00:00.000Z,delisted,10944B_10037_1189_5419_45951,10944B,2100003000,Amgevita,"{""pbs_code"":""10944B"",""formulary"":""F2"",""brand_name"":""Amgevita"",""li_item_id"":""10944B_10037_1189_5419_45951"",""determined_price"":444.17}",,,normal,PBS listing was present in the previous schedule and is now absent.,2026-08-29T11:14:36.234Z
2604,1983062564,2092-01-01T00:00:00.000Z,delisted,10944B_10037_1189_5419_49269,10944B,2100003000,Hyrimoz,"{""pbs_code"":""10944B"",""formulary"":""F2"",""brand_name"":""Hyrimoz"",""li_item_id"":""10944B_10037_1189_5419_49269"",""determined_price"":444.17}",,,normal,PBS listing was present in the previous schedule and is now absent.,2026-08-29T11:14:36.234Z
2605,1983062564,2092-01-01T00:00:00.000Z,delisted,10955N_7270_1189_5417_49267,10955N,2100003000,Hyrimoz,"{""pbs_code"":""10955N"",""formulary"":""F2"",""brand_name"":""Hyrimoz"",""li_item_id"":""10955N_7270_1189_5417_49267"",""determined_price"":444.17}",,,normal,PBS listing was present in the previous schedule and is now absent.,2026-08-29T11:14:36.234Z
2606,1983062564,2092-01-01T00:00:00.000Z,delisted,10955N_7270_1189_5417_50918,10955N,2100003000,Hadlima,"{""pbs_code"":""10955N"",""formulary"":""F2"",""brand_name"":""Hadlima"",""li_item_id"":""10955N_7270_1189_5417_50918"",""determined_price"":444.17}",,,normal,PBS listing was present in the previous schedule and is now absent.,2026-08-29T11:14:36.234Z
2607,1983062564,2092-01-01T00:00:00.000Z,delisted,10955N_7270_1189_5417_51588,10955N,2100003000,Amgevita,"{""pbs_code"":""10955N"",""formulary"":""F2"",""brand_name"":""Amgevita"",""li_item_id"":""10955N_7270_1189_5417_51588"",""determined_price"":444.17}",,,normal,PBS listing was present in the previous schedule and is now absent.,2026-08-29T11:14:36.234Z
2608,1983062564,2092-01-01T00:00:00.000Z,delisted,10955N_7270_1189_5417_54286,10955N,2100003000,Abrilada,"{""pbs_code"":""10955N"",""formulary"":""F2"",""brand_name"":""Abrilada"",""li_item_id"":""10955N_7270_1189_5417_54286"",""determined_price"":444.17}",,,normal,PBS listing was present in the previous schedule and is now absent.,2026-08-29T11:14:36.234Z
2609,1983062564,2092-01-01T00:00:00.000Z,delisted,10960W_10037_1189_5419_45576,10960W,2100003000,Hadlima,"{""pbs_code"":""10960W"",""formulary"":""F2"",""brand_name"":""Hadlima"",""li_item_id"":""10960W_10037_1189_5419_45576"",""determined_price"":444.17}",,,normal,PBS listing was present in the previous schedule and is now absent.,2026-08-29T11:14:36.234Z
2610,1983062564,2092-01-01T00:00:00.000Z,delisted,10960W_10037_1189_5419_45951,10960W,2100003000,Amgevita,"{""pbs_code"":""10960W"",""formulary"":""F2"",""brand_name"":""Amgevita"",""li_item_id"":""10960W_10037_1189_5419_45951"",""determined_price"":444.17}",,,normal,PBS listing was present in the previous schedule and is now absent.,2026-08-29T11:14:36.234Z
2611,1983062564,2092-01-01T00:00:00.000Z,delisted,10960W_10037_1189_5419_49269,10960W,2100003000,Hyrimoz,"{""pbs_code"":""10960W"",""formulary"":""F2"",""brand_name"":""Hyrimoz"",""li_item_id"":""10960W_10037_1189_5419_49269"",""determined_price"":444.17}",,,normal,PBS listing was present in the previous schedule and is now absent.,2026-08-29T11:14:36.234Z
2612,1983062564,2092-01-01T00:00:00.000Z,delisted,10961X_7270_1189_5417_49267,10961X,2100003000,Hyrimoz,"{""pbs_code"":""10961X"",""formulary"":""F2"",""brand_name"":""Hyrimoz"",""li_item_id"":""10961X_7270_1189_5417_49267"",""determined_price"":444.17}",,,normal,PBS listing was present in the previous schedule and is now absent.,2026-08-29T11:14:36.234Z
2613,1983062564,2092-01-01T00:00:00.000Z,delisted,10961X_7270_1189_5417_50918,10961X,2100003000,Hadlima,"{""pbs_code"":""10961X"",""formulary"":""F2"",""brand_name"":""Hadlima"",""li_item_id"":""10961X_7270_1189_5417_50918"",""determined_price"":444.17}",,,normal,PBS listing was present in the previous schedule and is now absent.,2026-08-29T11:14:36.234Z
2614,1983062564,2092-01-01T00:00:00.000Z,delisted,10961X_7270_1189_5417_51588,10961X,2100003000,Amgevita,"{""pbs_code"":""10961X"",""formulary"":""F2"",""brand_name"":""Amgevita"",""li_item_id"":""10961X_7270_1189_5417_51588"",""determined_price"":444.17}",,,normal,PBS listing was present in the previous schedule and is now absent.,2026-08-29T11:14:36.234Z
2615,1983062564,2092-01-01T00:00:00.000Z,delisted,10961X_7270_1189_5417_54286,10961X,2100003000,Abrilada,"{""pbs_code"":""10961X"",""formulary"":""F2"",""brand_name"":""Abrilada"",""li_item_id"":""10961X_7270_1189_5417_54286"",""determined_price"":444.17}",,,normal,PBS listing was present in the previous schedule and is now absent.,2026-08-29T11:14:36.234Z
2616,1983062564,2092-01-01T00:00:00.000Z,delisted,12325Q_10037_1189_5419_45576,12325Q,2100003000,Hadlima,"{""pbs_code"":""12325Q"",""formulary"":""F2"",""brand_name"":""Hadlima"",""li_item_id"":""12325Q_10037_1189_5419_45576"",""determined_price"":444.17}",,,normal,PBS listing was present in the previous schedule and is now absent.,2026-08-29T11:14:36.234Z
2617,1983062564,2092-01-01T00:00:00.000Z,delisted,12325Q_10037_1189_5419_45951,12325Q,2100003000,Amgevita,"{""pbs_code"":""12325Q"",""formulary"":""F2"",""brand_name"":""Amgevita"",""li_item_id"":""12325Q_10037_1189_5419_45951"",""determined_price"":444.17}",,,normal,PBS listing was present in the previous schedule and is now absent.,2026-08-29T11:14:36.234Z
2618,1983062564,2092-01-01T00:00:00.000Z,delisted,12325Q_10037_1189_5419_49269,12325Q,2100003000,Hyrimoz,"{""pbs_code"":""12325Q"",""formulary"":""F2"",""brand_name"":""Hyrimoz"",""li_item_id"":""12325Q_10037_1189_5419_49269"",""determined_price"":444.17}",,,normal,PBS listing was present in the previous schedule and is now absent.,2026-08-29T11:14:36.234Z
2619,1983062564,2092-01-01T00:00:00.000Z,delisted,12326R_10037_1189_5419_45576,12326R,2100003000,Hadlima,"{""pbs_code"":""12326R"",""formulary"":""F2"",""brand_name"":""Hadlima"",""li_item_id"":""12326R_10037_1189_5419_45576"",""determined_price"":444.17}",,,normal,PBS listing was present in the previous schedule and is now absent.,2026-08-29T11:14:36.234Z
2620,1983062564,2092-01-01T00:00:00.000Z,delisted,12326R_10037_1189_5419_45951,12326R,2100003000,Amgevita,"{""pbs_code"":""12326R"",""formulary"":""F2"",""brand_name"":""Amgevita"",""li_item_id"":""12326R_10037_1189_5419_45951"",""determined_price"":444.17}",,,normal,PBS listing was present in the previous schedule and is now absent.,2026-08-29T11:14:36.234Z
2621,1983062564,2092-01-01T00:00:00.000Z,delisted,12326R_10037_1189_5419_49269,12326R,2100003000,Hyrimoz,"{""pbs_code"":""12326R"",""formulary"":""F2"",""brand_name"":""Hyrimoz"",""li_item_id"":""12326R_10037_1189_5419_49269"",""determined_price"":444.17}",,,normal,PBS listing was present in the previous schedule and is now absent.,2026-08-29T11:14:36.234Z
2622,1983062564,2092-01-01T00:00:00.000Z,delisted,12327T_10037_1189_5419_45576,12327T,2100003000,Hadlima,"{""pbs_code"":""12327T"",""formulary"":""F2"",""brand_name"":""Hadlima"",""li_item_id"":""12327T_10037_1189_5419_45576"",""determined_price"":444.17}",,,normal,PBS listing was present in the previous schedule and is now absent.,2026-08-29T11:14:36.234Z
2623,1983062564,2092-01-01T00:00:00.000Z,delisted,12327T_10037_1189_5419_45951,12327T,2100003000,Amgevita,"{""pbs_code"":""12327T"",""formulary"":""F2"",""brand_name"":""Amgevita"",""li_item_id"":""12327T_10037_1189_5419_45951"",""determined_price"":444.17}",,,normal,PBS listing was present in the previous schedule and is now absent.,2026-08-29T11:14:36.234Z
2624,1983062564,2092-01-01T00:00:00.000Z,delisted,12327T_10037_1189_5419_49269,12327T,2100003000,Hyrimoz,"{""pbs_code"":""12327T"",""formulary"":""F2"",""brand_name"":""Hyrimoz"",""li_item_id"":""12327T_10037_1189_5419_49269"",""determined_price"":444.17}",,,normal,PBS listing was present in the previous schedule and is now absent.,2026-08-29T11:14:36.234Z
2625,1983062564,2092-01-01T00:00:00.000Z,delisted,12328W_7270_1189_5417_49267,12328W,2100003000,Hyrimoz,"{""pbs_code"":""12328W"",""formulary"":""F2"",""brand_name"":""Hyrimoz"",""li_item_id"":""12328W_7270_1189_5417_49267"",""determined_price"":444.17}",,,normal,PBS listing was present in the previous schedule and is now absent.,2026-08-29T11:14:36.234Z
2626,1983062564,2092-01-01T00:00:00.000Z,delisted,12328W_7270_1189_5417_50918,12328W,2100003000,Hadlima,"{""pbs_code"":""12328W"",""formulary"":""F2"",""brand_name"":""Hadlima"",""li_item_id"":""12328W_7270_1189_5417_50918"",""determined_price"":444.17}",,,normal,PBS listing was present in the previous schedule and is now absent.,2026-08-29T11:14:36.234Z
2627,1983062564,2092-01-01T00:00:00.000Z,delisted,12328W_7270_1189_5417_51588,12328W,2100003000,Amgevita,"{""pbs_code"":""12328W"",""formulary"":""F2"",""brand_name"":""Amgevita"",""li_item_id"":""12328W_7270_1189_5417_51588"",""determined_price"":444.17}",,,normal,PBS listing was present in the previous schedule and is now absent.,2026-08-29T11:14:36.234Z
2628,1983062564,2092-01-01T00:00:00.000Z,delisted,12328W_7270_1189_5417_54286,12328W,2100003000,Abrilada,"{""pbs_code"":""12328W"",""formulary"":""F2"",""brand_name"":""Abrilada"",""li_item_id"":""12328W_7270_1189_5417_54286"",""determined_price"":444.17}",,,normal,PBS listing was present in the previous schedule and is now absent.,2026-08-29T11:14:36.234Z
2629,1983062564,2092-01-01T00:00:00.000Z,delisted,12329X_7270_1189_5417_49267,12329X,2100003000,Hyrimoz,"{""pbs_code"":""12329X"",""formulary"":""F2"",""brand_name"":""Hyrimoz"",""li_item_id"":""12329X_7270_1189_5417_49267"",""determined_price"":444.17}",,,normal,PBS listing was present in the previous schedule and is now absent.,2026-08-29T11:14:36.234Z
2630,1983062564,2092-01-01T00:00:00.000Z,delisted,12329X_7270_1189_5417_50918,12329X,2100003000,Hadlima,"{""pbs_code"":""12329X"",""formulary"":""F2"",""brand_name"":""Hadlima"",""li_item_id"":""12329X_7270_1189_5417_50918"",""determined_price"":444.17}",,,normal,PBS listing was present in the previous schedule and is now absent.,2026-08-29T11:14:36.234Z
2631,1983062564,2092-01-01T00:00:00.000Z,delisted,12329X_7270_1189_5417_51588,12329X,2100003000,Amgevita,"{""pbs_code"":""12329X"",""formulary"":""F2"",""brand_name"":""Amgevita"",""li_item_id"":""12329X_7270_1189_5417_51588"",""determined_price"":444.17}",,,normal,PBS listing was present in the previous schedule and is now absent.,2026-08-29T11:14:36.234Z
2632,1983062564,2092-01-01T00:00:00.000Z,delisted,12329X_7270_1189_5417_54286,12329X,2100003000,Abrilada,"{""pbs_code"":""12329X"",""formulary"":""F2"",""brand_name"":""Abrilada"",""li_item_id"":""12329X_7270_1189_5417_54286"",""determined_price"":444.17}",,,normal,PBS listing was present in the previous schedule and is now absent.,2026-08-29T11:14:36.234Z
2633,1983062564,2092-01-01T00:00:00.000Z,delisted,12330Y_7270_1189_5417_49267,12330Y,2100003000,Hyrimoz,"{""pbs_code"":""12330Y"",""formulary"":""F2"",""brand_name"":""Hyrimoz"",""li_item_id"":""12330Y_7270_1189_5417_49267"",""determined_price"":444.17}",,,normal,PBS listing was present in the previous schedule and is now absent.,2026-08-29T11:14:36.234Z
2634,1983062564,2092-01-01T00:00:00.000Z,delisted,12330Y_7270_1189_5417_50918,12330Y,2100003000,Hadlima,"{""pbs_code"":""12330Y"",""formulary"":""F2"",""brand_name"":""Hadlima"",""li_item_id"":""12330Y_7270_1189_5417_50918"",""determined_price"":444.17}",,,normal,PBS listing was present in the previous schedule and is now absent.,2026-08-29T11:14:36.234Z
2635,1983062564,2092-01-01T00:00:00.000Z,delisted,12330Y_7270_1189_5417_51588,12330Y,2100003000,Amgevita,"{""pbs_code"":""12330Y"",""formulary"":""F2"",""brand_name"":""Amgevita"",""li_item_id"":""12330Y_7270_1189_5417_51588"",""determined_price"":444.17}",,,normal,PBS listing was present in the previous schedule and is now absent.,2026-08-29T11:14:36.234Z
2636,1983062564,2092-01-01T00:00:00.000Z,delisted,12330Y_7270_1189_5417_54286,12330Y,2100003000,Abrilada,"{""pbs_code"":""12330Y"",""formulary"":""F2"",""brand_name"":""Abrilada"",""li_item_id"":""12330Y_7270_1189_5417_54286"",""determined_price"":444.17}",,,normal,PBS listing was present in the previous schedule and is now absent.,2026-08-29T11:14:36.234Z
2637,1983062564,2092-01-01T00:00:00.000Z,delisted,12331B_10037_1189_5419_45576,12331B,2100003000,Hadlima,"{""pbs_code"":""12331B"",""formulary"":""F2"",""brand_name"":""Hadlima"",""li_item_id"":""12331B_10037_1189_5419_45576"",""determined_price"":444.17}",,,normal,PBS listing was present in the previous schedule and is now absent.,2026-08-29T11:14:36.234Z
2638,1983062564,2092-01-01T00:00:00.000Z,delisted,12331B_10037_1189_5419_45951,12331B,2100003000,Amgevita,"{""pbs_code"":""12331B"",""formulary"":""F2"",""brand_name"":""Amgevita"",""li_item_id"":""12331B_10037_1189_5419_45951"",""determined_price"":444.17}",,,normal,PBS listing was present in the previous schedule and is now absent.,2026-08-29T11:14:36.234Z
2639,1983062564,2092-01-01T00:00:00.000Z,delisted,12331B_10037_1189_5419_49269,12331B,2100003000,Hyrimoz,"{""pbs_code"":""12331B"",""formulary"":""F2"",""brand_name"":""Hyrimoz"",""li_item_id"":""12331B_10037_1189_5419_49269"",""determined_price"":444.17}",,,normal,PBS listing was present in the previous schedule and is now absent.,2026-08-29T11:14:36.234Z
2640,1983062564,2092-01-01T00:00:00.000Z,delisted,12332C_7444_1189_51604_51606,12332C,2100003000,Amgevita,"{""pbs_code"":""12332C"",""formulary"":""F2"",""brand_name"":""Amgevita"",""li_item_id"":""12332C_7444_1189_51604_51606"",""determined_price"":272.84}",,,normal,PBS listing was present in the previous schedule and is now absent.,2026-08-29T11:14:36.234Z
2641,1983062564,2092-01-01T00:00:00.000Z,delisted,12333D_10037_1189_5419_45576,12333D,2100003000,Hadlima,"{""pbs_code"":""12333D"",""formulary"":""F2"",""brand_name"":""Hadlima"",""li_item_id"":""12333D_10037_1189_5419_45576"",""determined_price"":444.17}",,,normal,PBS listing was present in the previous schedule and is now absent.,2026-08-29T11:14:36.234Z
2642,1983062564,2092-01-01T00:00:00.000Z,delisted,12333D_10037_1189_5419_45951,12333D,2100003000,Amgevita,"{""pbs_code"":""12333D"",""formulary"":""F2"",""brand_name"":""Amgevita"",""li_item_id"":""12333D_10037_1189_5419_45951"",""determined_price"":444.17}",,,normal,PBS listing was present in the previous schedule and is now absent.,2026-08-29T11:14:36.234Z
2643,1983062564,2092-01-01T00:00:00.000Z,delisted,12333D_10037_1189_5419_49269,12333D,2100003000,Hyrimoz,"{""pbs_code"":""12333D"",""formulary"":""F2"",""brand_name"":""Hyrimoz"",""li_item_id"":""12333D_10037_1189_5419_49269"",""determined_price"":444.17}",,,normal,PBS listing was present in the previous schedule and is now absent.,2026-08-29T11:14:36.234Z
2644,1983062564,2092-01-01T00:00:00.000Z,delisted,12334E_7270_1189_5417_49267,12334E,2100003000,Hyrimoz,"{""pbs_code"":""12334E"",""formulary"":""F2"",""brand_name"":""Hyrimoz"",""li_item_id"":""12334E_7270_1189_5417_49267"",""determined_price"":444.17}",,,normal,PBS listing was present in the previous schedule and is now absent.,2026-08-29T11:14:36.234Z
2645,1983062564,2092-01-01T00:00:00.000Z,delisted,12334E_7270_1189_5417_50918,12334E,2100003000,Hadlima,"{""pbs_code"":""12334E"",""formulary"":""F2"",""brand_name"":""Hadlima"",""li_item_id"":""12334E_7270_1189_5417_50918"",""determined_price"":444.17}",,,normal,PBS listing was present in the previous schedule and is now absent.,2026-08-29T11:14:36.234Z
2646,1983062564,2092-01-01T00:00:00.000Z,delisted,12334E_7270_1189_5417_51588,12334E,2100003000,Amgevita,"{""pbs_code"":""12334E"",""formulary"":""F2"",""brand_name"":""Amgevita"",""li_item_id"":""12334E_7270_1189_5417_51588"",""determined_price"":444.17}",,,normal,PBS listing was present in the previous schedule and is now absent.,2026-08-29T11:14:36.234Z
2647,1983062564,2092-01-01T00:00:00.000Z,delisted,12334E_7270_1189_5417_54286,12334E,2100003000,Abrilada,"{""pbs_code"":""12334E"",""formulary"":""F2"",""brand_name"":""Abrilada"",""li_item_id"":""12334E_7270_1189_5417_54286"",""determined_price"":444.17}",,,normal,PBS listing was present in the previous schedule and is now absent.,2026-08-29T11:14:36.234Z
2648,1983062564,2092-01-01T00:00:00.000Z,delisted,12335F_21832_1189_43971_43973,12335F,2100003000,Humira,"{""pbs_code"":""12335F"",""formulary"":""F2"",""brand_name"":""Humira"",""li_item_id"":""12335F_21832_1189_43971_43973"",""determined_price"":444.17}",,,normal,PBS listing was present in the previous schedule and is now absent.,2026-08-29T11:14:36.234Z
2649,1983062564,2092-01-01T00:00:00.000Z,delisted,12335F_21832_1189_43971_55426,12335F,2100003000,Yuflyma,"{""pbs_code"":""12335F"",""formulary"":""F2"",""brand_name"":""Yuflyma"",""li_item_id"":""12335F_21832_1189_43971_55426"",""determined_price"":444.17}",,,normal,PBS listing was present in the previous schedule and is now absent.,2026-08-29T11:14:36.234Z
2650,1983062564,2092-01-01T00:00:00.000Z,delisted,12335F_21832_1189_43971_59132,12335F,2100003000,Hadlima,"{""pbs_code"":""12335F"",""formulary"":""F2"",""brand_name"":""Hadlima"",""li_item_id"":""12335F_21832_1189_43971_59132"",""determined_price"":444.17}",,,normal,PBS listing was present in the previous schedule and is now absent.,2026-08-29T11:14:36.234Z
2651,1983062564,2092-01-01T00:00:00.000Z,delisted,12335F_21832_1189_43971_59529,12335F,2100003000,Hyrimoz,"{""pbs_code"":""12335F"",""formulary"":""F2"",""brand_name"":""Hyrimoz"",""li_item_id"":""12335F_21832_1189_43971_59529"",""determined_price"":444.17}",,,normal,PBS listing was present in the previous schedule and is now absent.,2026-08-29T11:14:36.234Z
2652,1983062564,2092-01-01T00:00:00.000Z,delisted,12337H_22501_1189_45820_45824,12337H,2100003000,Humira,"{""pbs_code"":""12337H"",""formulary"":""F2"",""brand_name"":""Humira"",""li_item_id"":""12337H_22501_1189_45820_45824"",""determined_price"":567.42}",,,normal,PBS listing was present in the previous schedule and is now absent.,2026-08-29T11:14:36.234Z
2653,1983062564,2092-01-01T00:00:00.000Z,delisted,12338J_21831_1189_43963_43965,12338J,2100003000,Humira,"{""pbs_code"":""12338J"",""formulary"":""F2"",""brand_name"":""Humira"",""li_item_id"":""12338J_21831_1189_43963_43965"",""determined_price"":444.17}",,,normal,PBS listing was present in the previous schedule and is now absent.,2026-08-29T11:14:36.234Z
2654,1983062564,2092-01-01T00:00:00.000Z,delisted,12338J_21831_1189_43963_55425,12338J,2100003000,Yuflyma,"{""pbs_code"":""12338J"",""formulary"":""F2"",""brand_name"":""Yuflyma"",""li_item_id"":""12338J_21831_1189_43963_55425"",""determined_price"":444.17}",,,normal,PBS listing was present in the previous schedule and is now absent.,2026-08-29T11:14:36.234Z
2655,1983062564,2092-01-01T00:00:00.000Z,delisted,12338J_21831_1189_43963_59133,12338J,2100003000,Hadlima,"{""pbs_code"":""12338J"",""formulary"":""F2"",""brand_name"":""Hadlima"",""li_item_id"":""12338J_21831_1189_43963_59133"",""determined_price"":444.17}",,,normal,PBS listing was present in the previous schedule and is now absent.,2026-08-29T11:14:36.234Z
2656,1983062564,2092-01-01T00:00:00.000Z,delisted,12338J_21831_1189_43963_59530,12338J,2100003000,Hyrimoz,"{""pbs_code"":""12338J"",""formulary"":""F2"",""brand_name"":""Hyrimoz"",""li_item_id"":""12338J_21831_1189_43963_59530"",""determined_price"":444.17}",,,normal,PBS listing was present in the previous schedule and is now absent.,2026-08-29T11:14:36.234Z
2657,1983062564,2092-01-01T00:00:00.000Z,delisted,12339K_22503_1189_45830_45834,12339K,2100003000,Humira,"{""pbs_code"":""12339K"",""formulary"":""F2"",""brand_name"":""Humira"",""li_item_id"":""12339K_22503_1189_45830_45834"",""determined_price"":618.9}",,,normal,PBS listing was present in the previous schedule and is now absent.,2026-08-29T11:14:36.234Z
2658,1983062564,2092-01-01T00:00:00.000Z,delisted,12339K_22503_1189_45830_59141,12339K,2100003000,Yuflyma,"{""pbs_code"":""12339K"",""formulary"":""F2"",""brand_name"":""Yuflyma"",""li_item_id"":""12339K_22503_1189_45830_59141"",""determined_price"":618.9}",,,normal,PBS listing was present in the previous schedule and is now absent.,2026-08-29T11:14:36.234Z
2659,1983062564,2092-01-01T00:00:00.000Z,delisted,12340L_21832_1189_43971_43973,12340L,2100003000,Humira,"{""pbs_code"":""12340L"",""formulary"":""F2"",""brand_name"":""Humira"",""li_item_id"":""12340L_21832_1189_43971_43973"",""determined_price"":444.17}",,,normal,PBS listing was present in the previous schedule and is now absent.,2026-08-29T11:14:36.234Z
2660,1983062564,2092-01-01T00:00:00.000Z,delisted,12340L_21832_1189_43971_55426,12340L,2100003000,Yuflyma,"{""pbs_code"":""12340L"",""formulary"":""F2"",""brand_name"":""Yuflyma"",""li_item_id"":""12340L_21832_1189_43971_55426"",""determined_price"":444.17}",,,normal,PBS listing was present in the previous schedule and is now absent.,2026-08-29T11:14:36.234Z
2661,1983062564,2092-01-01T00:00:00.000Z,delisted,12340L_21832_1189_43971_59132,12340L,2100003000,Hadlima,"{""pbs_code"":""12340L"",""formulary"":""F2"",""brand_name"":""Hadlima"",""li_item_id"":""12340L_21832_1189_43971_59132"",""determined_price"":444.17}",,,normal,PBS listing was present in the previous schedule and is now absent.,2026-08-29T11:14:36.234Z
2662,1983062564,2092-01-01T00:00:00.000Z,delisted,12340L_21832_1189_43971_59529,12340L,2100003000,Hyrimoz,"{""pbs_code"":""12340L"",""formulary"":""F2"",""brand_name"":""Hyrimoz"",""li_item_id"":""12340L_21832_1189_43971_59529"",""determined_price"":444.17}",,,normal,PBS listing was present in the previous schedule and is now absent.,2026-08-29T11:14:36.234Z
2663,1983062564,2092-01-01T00:00:00.000Z,delisted,12341M_21832_1189_43971_43973,12341M,2100003000,Humira,"{""pbs_code"":""12341M"",""formulary"":""F2"",""brand_name"":""Humira"",""li_item_id"":""12341M_21832_1189_43971_43973"",""determined_price"":444.17}",,,normal,PBS listing was present in the previous schedule and is now absent.,2026-08-29T11:14:36.234Z
2664,1983062564,2092-01-01T00:00:00.000Z,delisted,12341M_21832_1189_43971_55426,12341M,2100003000,Yuflyma,"{""pbs_code"":""12341M"",""formulary"":""F2"",""brand_name"":""Yuflyma"",""li_item_id"":""12341M_21832_1189_43971_55426"",""determined_price"":444.17}",,,normal,PBS listing was present in the previous schedule and is now absent.,2026-08-29T11:14:36.234Z
2665,1983062564,2092-01-01T00:00:00.000Z,delisted,12341M_21832_1189_43971_59132,12341M,2100003000,Hadlima,"{""pbs_code"":""12341M"",""formulary"":""F2"",""brand_name"":""Hadlima"",""li_item_id"":""12341M_21832_1189_43971_59132"",""determined_price"":444.17}",,,normal,PBS listing was present in the previous schedule and is now absent.,2026-08-29T11:14:36.234Z
2666,1983062564,2092-01-01T00:00:00.000Z,delisted,12341M_21832_1189_43971_59529,12341M,2100003000,Hyrimoz,"{""pbs_code"":""12341M"",""formulary"":""F2"",""brand_name"":""Hyrimoz"",""li_item_id"":""12341M_21832_1189_43971_59529"",""determined_price"":444.17}",,,normal,PBS listing was present in the previous schedule and is now absent.,2026-08-29T11:14:36.234Z
2667,1983062564,2092-01-01T00:00:00.000Z,delisted,12342N_21832_1189_43971_43973,12342N,2100003000,Humira,"{""pbs_code"":""12342N"",""formulary"":""F2"",""brand_name"":""Humira"",""li_item_id"":""12342N_21832_1189_43971_43973"",""determined_price"":444.17}",,,normal,PBS listing was present in the previous schedule and is now absent.,2026-08-29T11:14:36.234Z
2668,1983062564,2092-01-01T00:00:00.000Z,delisted,12342N_21832_1189_43971_55426,12342N,2100003000,Yuflyma,"{""pbs_code"":""12342N"",""formulary"":""F2"",""brand_name"":""Yuflyma"",""li_item_id"":""12342N_21832_1189_43971_55426"",""determined_price"":444.17}",,,normal,PBS listing was present in the previous schedule and is now absent.,2026-08-29T11:14:36.234Z
2669,1983062564,2092-01-01T00:00:00.000Z,delisted,12342N_21832_1189_43971_59132,12342N,2100003000,Hadlima,"{""pbs_code"":""12342N"",""formulary"":""F2"",""brand_name"":""Hadlima"",""li_item_id"":""12342N_21832_1189_43971_59132"",""determined_price"":444.17}",,,normal,PBS listing was present in the previous schedule and is now absent.,2026-08-29T11:14:36.234Z
2670,1983062564,2092-01-01T00:00:00.000Z,delisted,12342N_21832_1189_43971_59529,12342N,2100003000,Hyrimoz,"{""pbs_code"":""12342N"",""formulary"":""F2"",""brand_name"":""Hyrimoz"",""li_item_id"":""12342N_21832_1189_43971_59529"",""determined_price"":444.17}",,,normal,PBS listing was present in the previous schedule and is now absent.,2026-08-29T11:14:36.234Z
2671,1983062564,2092-01-01T00:00:00.000Z,delisted,12345R_21832_1189_43971_43973,12345R,2100003000,Humira,"{""pbs_code"":""12345R"",""formulary"":""F2"",""brand_name"":""Humira"",""li_item_id"":""12345R_21832_1189_43971_43973"",""determined_price"":444.17}",,,normal,PBS listing was present in the previous schedule and is now absent.,2026-08-29T11:14:36.234Z
2672,1983062564,2092-01-01T00:00:00.000Z,delisted,12345R_21832_1189_43971_55426,12345R,2100003000,Yuflyma,"{""pbs_code"":""12345R"",""formulary"":""F2"",""brand_name"":""Yuflyma"",""li_item_id"":""12345R_21832_1189_43971_55426"",""determined_price"":444.17}",,,normal,PBS listing was present in the previous schedule and is now absent.,2026-08-29T11:14:36.234Z
2673,1983062564,2092-01-01T00:00:00.000Z,delisted,12345R_21832_1189_43971_59132,12345R,2100003000,Hadlima,"{""pbs_code"":""12345R"",""formulary"":""F2"",""brand_name"":""Hadlima"",""li_item_id"":""12345R_21832_1189_43971_59132"",""determined_price"":444.17}",,,normal,PBS listing was present in the previous schedule and is now absent.,2026-08-29T11:14:36.234Z
2674,1983062564,2092-01-01T00:00:00.000Z,delisted,12345R_21832_1189_43971_59529,12345R,2100003000,Hyrimoz,"{""pbs_code"":""12345R"",""formulary"":""F2"",""brand_name"":""Hyrimoz"",""li_item_id"":""12345R_21832_1189_43971_59529"",""determined_price"":444.17}",,,normal,PBS listing was present in the previous schedule and is now absent.,2026-08-29T11:14:36.234Z
2675,1983062564,2092-01-01T00:00:00.000Z,delisted,12347W_21832_1189_43971_43973,12347W,2100003000,Humira,"{""pbs_code"":""12347W"",""formulary"":""F2"",""brand_name"":""Humira"",""li_item_id"":""12347W_21832_1189_43971_43973"",""determined_price"":444.17}",,,normal,PBS listing was present in the previous schedule and is now absent.,2026-08-29T11:14:36.234Z
2676,1983062564,2092-01-01T00:00:00.000Z,delisted,12347W_21832_1189_43971_55426,12347W,2100003000,Yuflyma,"{""pbs_code"":""12347W"",""formulary"":""F2"",""brand_name"":""Yuflyma"",""li_item_id"":""12347W_21832_1189_43971_55426"",""determined_price"":444.17}",,,normal,PBS listing was present in the previous schedule and is now absent.,2026-08-29T11:14:36.234Z
2677,1983062564,2092-01-01T00:00:00.000Z,delisted,12347W_21832_1189_43971_59132,12347W,2100003000,Hadlima,"{""pbs_code"":""12347W"",""formulary"":""F2"",""brand_name"":""Hadlima"",""li_item_id"":""12347W_21832_1189_43971_59132"",""determined_price"":444.17}",,,normal,PBS listing was present in the previous schedule and is now absent.,2026-08-29T11:14:36.234Z
2678,1983062564,2092-01-01T00:00:00.000Z,delisted,12347W_21832_1189_43971_59529,12347W,2100003000,Hyrimoz,"{""pbs_code"":""12347W"",""formulary"":""F2"",""brand_name"":""Hyrimoz"",""li_item_id"":""12347W_21832_1189_43971_59529"",""determined_price"":444.17}",,,normal,PBS listing was present in the previous schedule and is now absent.,2026-08-29T11:14:36.234Z
2679,1983062564,2092-01-01T00:00:00.000Z,delisted,12348X_10037_1189_5419_45576,12348X,2100003000,Hadlima,"{""pbs_code"":""12348X"",""formulary"":""F2"",""brand_name"":""Hadlima"",""li_item_id"":""12348X_10037_1189_5419_45576"",""determined_price"":444.17}",,,normal,PBS listing was present in the previous schedule and is now absent.,2026-08-29T11:14:36.234Z
2680,1983062564,2092-01-01T00:00:00.000Z,delisted,12348X_10037_1189_5419_45951,12348X,2100003000,Amgevita,"{""pbs_code"":""12348X"",""formulary"":""F2"",""brand_name"":""Amgevita"",""li_item_id"":""12348X_10037_1189_5419_45951"",""determined_price"":444.17}",,,normal,PBS listing was present in the previous schedule and is now absent.,2026-08-29T11:14:36.234Z
2681,1983062564,2092-01-01T00:00:00.000Z,delisted,12348X_10037_1189_5419_49269,12348X,2100003000,Hyrimoz,"{""pbs_code"":""12348X"",""formulary"":""F2"",""brand_name"":""Hyrimoz"",""li_item_id"":""12348X_10037_1189_5419_49269"",""determined_price"":444.17}",,,normal,PBS listing was present in the previous schedule and is now absent.,2026-08-29T11:14:36.234Z
2682,1983062564,2092-01-01T00:00:00.000Z,delisted,12349Y_7444_1189_51604_51606,12349Y,2100003000,Amgevita,"{""pbs_code"":""12349Y"",""formulary"":""F2"",""brand_name"":""Amgevita"",""li_item_id"":""12349Y_7444_1189_51604_51606"",""determined_price"":272.84}",,,normal,PBS listing was present in the previous schedule and is now absent.,2026-08-29T11:14:36.234Z
2683,1983062564,2092-01-01T00:00:00.000Z,delisted,12350B_7444_1189_51604_51606,12350B,2100003000,Amgevita,"{""pbs_code"":""12350B"",""formulary"":""F2"",""brand_name"":""Amgevita"",""li_item_id"":""12350B_7444_1189_51604_51606"",""determined_price"":272.84}",,,normal,PBS listing was present in the previous schedule and is now absent.,2026-08-29T11:14:36.234Z
2684,1983062564,2092-01-01T00:00:00.000Z,delisted,12351C_7444_1189_51604_51606,12351C,2100003000,Amgevita,"{""pbs_code"":""12351C"",""formulary"":""F2"",""brand_name"":""Amgevita"",""li_item_id"":""12351C_7444_1189_51604_51606"",""determined_price"":272.84}",,,normal,PBS listing was present in the previous schedule and is now absent.,2026-08-29T11:14:36.234Z
2685,1983062564,2092-01-01T00:00:00.000Z,delisted,12352D_7270_1189_5417_49267,12352D,2100003000,Hyrimoz,"{""pbs_code"":""12352D"",""formulary"":""F2"",""brand_name"":""Hyrimoz"",""li_item_id"":""12352D_7270_1189_5417_49267"",""determined_price"":444.17}",,,normal,PBS listing was present in the previous schedule and is now absent.,2026-08-29T11:14:36.234Z
2686,1983062564,2092-01-01T00:00:00.000Z,delisted,12352D_7270_1189_5417_50918,12352D,2100003000,Hadlima,"{""pbs_code"":""12352D"",""formulary"":""F2"",""brand_name"":""Hadlima"",""li_item_id"":""12352D_7270_1189_5417_50918"",""determined_price"":444.17}",,,normal,PBS listing was present in the previous schedule and is now absent.,2026-08-29T11:14:36.234Z
2687,1983062564,2092-01-01T00:00:00.000Z,delisted,12352D_7270_1189_5417_51588,12352D,2100003000,Amgevita,"{""pbs_code"":""12352D"",""formulary"":""F2"",""brand_name"":""Amgevita"",""li_item_id"":""12352D_7270_1189_5417_51588"",""determined_price"":444.17}",,,normal,PBS listing was present in the previous schedule and is now absent.,2026-08-29T11:14:36.234Z
2688,1983062564,2092-01-01T00:00:00.000Z,delisted,12352D_7270_1189_5417_54286,12352D,2100003000,Abrilada,"{""pbs_code"":""12352D"",""formulary"":""F2"",""brand_name"":""Abrilada"",""li_item_id"":""12352D_7270_1189_5417_54286"",""determined_price"":444.17}",,,normal,PBS listing was present in the previous schedule and is now absent.,2026-08-29T11:14:36.234Z
2689,1983062564,2092-01-01T00:00:00.000Z,delisted,12353E_7270_1189_5417_49267,12353E,2100003000,Hyrimoz,"{""pbs_code"":""12353E"",""formulary"":""F2"",""brand_name"":""Hyrimoz"",""li_item_id"":""12353E_7270_1189_5417_49267"",""determined_price"":444.17}",,,normal,PBS listing was present in the previous schedule and is now absent.,2026-08-29T11:14:36.234Z
2690,1983062564,2092-01-01T00:00:00.000Z,delisted,12353E_7270_1189_5417_50918,12353E,2100003000,Hadlima,"{""pbs_code"":""12353E"",""formulary"":""F2"",""brand_name"":""Hadlima"",""li_item_id"":""12353E_7270_1189_5417_50918"",""determined_price"":444.17}",,,normal,PBS listing was present in the previous schedule and is now absent.,2026-08-29T11:14:36.234Z
2691,1983062564,2092-01-01T00:00:00.000Z,delisted,12353E_7270_1189_5417_51588,12353E,2100003000,Amgevita,"{""pbs_code"":""12353E"",""formulary"":""F2"",""brand_name"":""Amgevita"",""li_item_id"":""12353E_7270_1189_5417_51588"",""determined_price"":444.17}",,,normal,PBS listing was present in the previous schedule and is now absent.,2026-08-29T11:14:36.234Z
2692,1983062564,2092-01-01T00:00:00.000Z,delisted,12353E_7270_1189_5417_54286,12353E,2100003000,Abrilada,"{""pbs_code"":""12353E"",""formulary"":""F2"",""brand_name"":""Abrilada"",""li_item_id"":""12353E_7270_1189_5417_54286"",""determined_price"":444.17}",,,normal,PBS listing was present in the previous schedule and is now absent.,2026-08-29T11:14:36.234Z
2693,1983062564,2092-01-01T00:00:00.000Z,delisted,12354F_7444_1189_51604_51606,12354F,2100003000,Amgevita,"{""pbs_code"":""12354F"",""formulary"":""F2"",""brand_name"":""Amgevita"",""li_item_id"":""12354F_7444_1189_51604_51606"",""determined_price"":272.84}",,,normal,PBS listing was present in the previous schedule and is now absent.,2026-08-29T11:14:36.234Z
2694,1983062564,2092-01-01T00:00:00.000Z,delisted,12355G_7270_1189_5417_49267,12355G,2100003000,Hyrimoz,"{""pbs_code"":""12355G"",""formulary"":""F2"",""brand_name"":""Hyrimoz"",""li_item_id"":""12355G_7270_1189_5417_49267"",""determined_price"":444.17}",,,normal,PBS listing was present in the previous schedule and is now absent.,2026-08-29T11:14:36.234Z
2695,1983062564,2092-01-01T00:00:00.000Z,delisted,12355G_7270_1189_5417_50918,12355G,2100003000,Hadlima,"{""pbs_code"":""12355G"",""formulary"":""F2"",""brand_name"":""Hadlima"",""li_item_id"":""12355G_7270_1189_5417_50918"",""determined_price"":444.17}",,,normal,PBS listing was present in the previous schedule and is now absent.,2026-08-29T11:14:36.234Z
2696,1983062564,2092-01-01T00:00:00.000Z,delisted,12355G_7270_1189_5417_51588,12355G,2100003000,Amgevita,"{""pbs_code"":""12355G"",""formulary"":""F2"",""brand_name"":""Amgevita"",""li_item_id"":""12355G_7270_1189_5417_51588"",""determined_price"":444.17}",,,normal,PBS listing was present in the previous schedule and is now absent.,2026-08-29T11:14:36.234Z
2697,1983062564,2092-01-01T00:00:00.000Z,delisted,12355G_7270_1189_5417_54286,12355G,2100003000,Abrilada,"{""pbs_code"":""12355G"",""formulary"":""F2"",""brand_name"":""Abrilada"",""li_item_id"":""12355G_7270_1189_5417_54286"",""determined_price"":444.17}",,,normal,PBS listing was present in the previous schedule and is now absent.,2026-08-29T11:14:36.234Z
2698,1983062564,2092-01-01T00:00:00.000Z,delisted,12356H_7270_1189_5417_49267,12356H,2100003000,Hyrimoz,"{""pbs_code"":""12356H"",""formulary"":""F2"",""brand_name"":""Hyrimoz"",""li_item_id"":""12356H_7270_1189_5417_49267"",""determined_price"":444.17}",,,normal,PBS listing was present in the previous schedule and is now absent.,2026-08-29T11:14:36.234Z
2699,1983062564,2092-01-01T00:00:00.000Z,delisted,12356H_7270_1189_5417_50918,12356H,2100003000,Hadlima,"{""pbs_code"":""12356H"",""formulary"":""F2"",""brand_name"":""Hadlima"",""li_item_id"":""12356H_7270_1189_5417_50918"",""determined_price"":444.17}",,,normal,PBS listing was present in the previous schedule and is now absent.,2026-08-29T11:14:36.234Z
2700,1983062564,2092-01-01T00:00:00.000Z,delisted,12356H_7270_1189_5417_51588,12356H,2100003000,Amgevita,"{""pbs_code"":""12356H"",""formulary"":""F2"",""brand_name"":""Amgevita"",""li_item_id"":""12356H_7270_1189_5417_51588"",""determined_price"":444.17}",,,normal,PBS listing was present in the previous schedule and is now absent.,2026-08-29T11:14:36.234Z
2701,1983062564,2092-01-01T00:00:00.000Z,delisted,12356H_7270_1189_5417_54286,12356H,2100003000,Abrilada,"{""pbs_code"":""12356H"",""formulary"":""F2"",""brand_name"":""Abrilada"",""li_item_id"":""12356H_7270_1189_5417_54286"",""determined_price"":444.17}",,,normal,PBS listing was present in the previous schedule and is now absent.,2026-08-29T11:14:36.234Z
2702,1983062564,2092-01-01T00:00:00.000Z,delisted,12357J_7444_1189_51604_51606,12357J,2100003000,Amgevita,"{""pbs_code"":""12357J"",""formulary"":""F2"",""brand_name"":""Amgevita"",""li_item_id"":""12357J_7444_1189_51604_51606"",""determined_price"":272.84}",,,normal,PBS listing was present in the previous schedule and is now absent.,2026-08-29T11:14:36.234Z
2703,1983062564,2092-01-01T00:00:00.000Z,delisted,12358K_21832_1189_43971_43973,12358K,2100003000,Humira,"{""pbs_code"":""12358K"",""formulary"":""F2"",""brand_name"":""Humira"",""li_item_id"":""12358K_21832_1189_43971_43973"",""determined_price"":444.17}",,,normal,PBS listing was present in the previous schedule and is now absent.,2026-08-29T11:14:36.234Z
2704,1983062564,2092-01-01T00:00:00.000Z,delisted,12358K_21832_1189_43971_55426,12358K,2100003000,Yuflyma,"{""pbs_code"":""12358K"",""formulary"":""F2"",""brand_name"":""Yuflyma"",""li_item_id"":""12358K_21832_1189_43971_55426"",""determined_price"":444.17}",,,normal,PBS listing was present in the previous schedule and is now absent.,2026-08-29T11:14:36.234Z
2705,1983062564,2092-01-01T00:00:00.000Z,delisted,12358K_21832_1189_43971_59132,12358K,2100003000,Hadlima,"{""pbs_code"":""12358K"",""formulary"":""F2"",""brand_name"":""Hadlima"",""li_item_id"":""12358K_21832_1189_43971_59132"",""determined_price"":444.17}",,,normal,PBS listing was present in the previous schedule and is now absent.,2026-08-29T11:14:36.234Z
2706,1983062564,2092-01-01T00:00:00.000Z,delisted,12358K_21832_1189_43971_59529,12358K,2100003000,Hyrimoz,"{""pbs_code"":""12358K"",""formulary"":""F2"",""brand_name"":""Hyrimoz"",""li_item_id"":""12358K_21832_1189_43971_59529"",""determined_price"":444.17}",,,normal,PBS listing was present in the previous schedule and is now absent.,2026-08-29T11:14:36.234Z
2707,1983062564,2092-01-01T00:00:00.000Z,delisted,12359L_21831_1189_43963_43965,12359L,2100003000,Humira,"{""pbs_code"":""12359L"",""formulary"":""F2"",""brand_name"":""Humira"",""li_item_id"":""12359L_21831_1189_43963_43965"",""determined_price"":444.17}",,,normal,PBS listing was present in the previous schedule and is now absent.,2026-08-29T11:14:36.234Z
2708,1983062564,2092-01-01T00:00:00.000Z,delisted,12359L_21831_1189_43963_55425,12359L,2100003000,Yuflyma,"{""pbs_code"":""12359L"",""formulary"":""F2"",""brand_name"":""Yuflyma"",""li_item_id"":""12359L_21831_1189_43963_55425"",""determined_price"":444.17}",,,normal,PBS listing was present in the previous schedule and is now absent.,2026-08-29T11:14:36.234Z
2709,1983062564,2092-01-01T00:00:00.000Z,delisted,12359L_21831_1189_43963_59133,12359L,2100003000,Hadlima,"{""pbs_code"":""12359L"",""formulary"":""F2"",""brand_name"":""Hadlima"",""li_item_id"":""12359L_21831_1189_43963_59133"",""determined_price"":444.17}",,,normal,PBS listing was present in the previous schedule and is now absent.,2026-08-29T11:14:36.234Z
2710,1983062564,2092-01-01T00:00:00.000Z,delisted,12359L_21831_1189_43963_59530,12359L,2100003000,Hyrimoz,"{""pbs_code"":""12359L"",""formulary"":""F2"",""brand_name"":""Hyrimoz"",""li_item_id"":""12359L_21831_1189_43963_59530"",""determined_price"":444.17}",,,normal,PBS listing was present in the previous schedule and is now absent.,2026-08-29T11:14:36.234Z
2711,1983062564,2092-01-01T00:00:00.000Z,delisted,12360M_22502_1189_45825_45829,12360M,2100003000,Humira,"{""pbs_code"":""12360M"",""formulary"":""F2"",""brand_name"":""Humira"",""li_item_id"":""12360M_22502_1189_45825_45829"",""determined_price"":618.9}",,,normal,PBS listing was present in the previous schedule and is now absent.,2026-08-29T11:14:36.234Z
2712,1983062564,2092-01-01T00:00:00.000Z,delisted,12360M_22502_1189_45825_59140,12360M,2100003000,Yuflyma,"{""pbs_code"":""12360M"",""formulary"":""F2"",""brand_name"":""Yuflyma"",""li_item_id"":""12360M_22502_1189_45825_59140"",""determined_price"":618.9}",,,normal,PBS listing was present in the previous schedule and is now absent.,2026-08-29T11:14:36.234Z
2713,1983062564,2092-01-01T00:00:00.000Z,delisted,12360M_22502_1189_45825_59531,12360M,2100003000,Hyrimoz,"{""pbs_code"":""12360M"",""formulary"":""F2"",""brand_name"":""Hyrimoz"",""li_item_id"":""12360M_22502_1189_45825_59531"",""determined_price"":618.9}",,,normal,PBS listing was present in the previous schedule and is now absent.,2026-08-29T11:14:36.234Z
2714,1983062564,2092-01-01T00:00:00.000Z,delisted,12361N_21831_1189_43963_43965,12361N,2100003000,Humira,"{""pbs_code"":""12361N"",""formulary"":""F2"",""brand_name"":""Humira"",""li_item_id"":""12361N_21831_1189_43963_43965"",""determined_price"":444.17}",,,normal,PBS listing was present in the previous schedule and is now absent.,2026-08-29T11:14:36.234Z
2715,1983062564,2092-01-01T00:00:00.000Z,delisted,12361N_21831_1189_43963_55425,12361N,2100003000,Yuflyma,"{""pbs_code"":""12361N"",""formulary"":""F2"",""brand_name"":""Yuflyma"",""li_item_id"":""12361N_21831_1189_43963_55425"",""determined_price"":444.17}",,,normal,PBS listing was present in the previous schedule and is now absent.,2026-08-29T11:14:36.234Z
2716,1983062564,2092-01-01T00:00:00.000Z,delisted,12361N_21831_1189_43963_59133,12361N,2100003000,Hadlima,"{""pbs_code"":""12361N"",""formulary"":""F2"",""brand_name"":""Hadlima"",""li_item_id"":""12361N_21831_1189_43963_59133"",""determined_price"":444.17}",,,normal,PBS listing was present in the previous schedule and is now absent.,2026-08-29T11:14:36.234Z
2717,1983062564,2092-01-01T00:00:00.000Z,delisted,12361N_21831_1189_43963_59530,12361N,2100003000,Hyrimoz,"{""pbs_code"":""12361N"",""formulary"":""F2"",""brand_name"":""Hyrimoz"",""li_item_id"":""12361N_21831_1189_43963_59530"",""determined_price"":444.17}",,,normal,PBS listing was present in the previous schedule and is now absent.,2026-08-29T11:14:36.234Z
2718,1983062564,2092-01-01T00:00:00.000Z,delisted,12362P_21832_1189_43971_43973,12362P,2100003000,Humira,"{""pbs_code"":""12362P"",""formulary"":""F2"",""brand_name"":""Humira"",""li_item_id"":""12362P_21832_1189_43971_43973"",""determined_price"":444.17}",,,normal,PBS listing was present in the previous schedule and is now absent.,2026-08-29T11:14:36.234Z
2719,1983062564,2092-01-01T00:00:00.000Z,delisted,12362P_21832_1189_43971_55426,12362P,2100003000,Yuflyma,"{""pbs_code"":""12362P"",""formulary"":""F2"",""brand_name"":""Yuflyma"",""li_item_id"":""12362P_21832_1189_43971_55426"",""determined_price"":444.17}",,,normal,PBS listing was present in the previous schedule and is now absent.,2026-08-29T11:14:36.234Z
2720,1983062564,2092-01-01T00:00:00.000Z,delisted,12362P_21832_1189_43971_59132,12362P,2100003000,Hadlima,"{""pbs_code"":""12362P"",""formulary"":""F2"",""brand_name"":""Hadlima"",""li_item_id"":""12362P_21832_1189_43971_59132"",""determined_price"":444.17}",,,normal,PBS listing was present in the previous schedule and is now absent.,2026-08-29T11:14:36.234Z
2721,1983062564,2092-01-01T00:00:00.000Z,delisted,12362P_21832_1189_43971_59529,12362P,2100003000,Hyrimoz,"{""pbs_code"":""12362P"",""formulary"":""F2"",""brand_name"":""Hyrimoz"",""li_item_id"":""12362P_21832_1189_43971_59529"",""determined_price"":444.17}",,,normal,PBS listing was present in the previous schedule and is now absent.,2026-08-29T11:14:36.234Z
2722,1983062564,2092-01-01T00:00:00.000Z,delisted,12363Q_21832_1189_43971_43973,12363Q,2100003000,Humira,"{""pbs_code"":""12363Q"",""formulary"":""F2"",""brand_name"":""Humira"",""li_item_id"":""12363Q_21832_1189_43971_43973"",""determined_price"":444.17}",,,normal,PBS listing was present in the previous schedule and is now absent.,2026-08-29T11:14:36.234Z
2723,1983062564,2092-01-01T00:00:00.000Z,delisted,12363Q_21832_1189_43971_55426,12363Q,2100003000,Yuflyma,"{""pbs_code"":""12363Q"",""formulary"":""F2"",""brand_name"":""Yuflyma"",""li_item_id"":""12363Q_21832_1189_43971_55426"",""determined_price"":444.17}",,,normal,PBS listing was present in the previous schedule and is now absent.,2026-08-29T11:14:36.234Z
2724,1983062564,2092-01-01T00:00:00.000Z,delisted,12363Q_21832_1189_43971_59132,12363Q,2100003000,Hadlima,"{""pbs_code"":""12363Q"",""formulary"":""F2"",""brand_name"":""Hadlima"",""li_item_id"":""12363Q_21832_1189_43971_59132"",""determined_price"":444.17}",,,normal,PBS listing was present in the previous schedule and is now absent.,2026-08-29T11:14:36.234Z
2725,1983062564,2092-01-01T00:00:00.000Z,delisted,12363Q_21832_1189_43971_59529,12363Q,2100003000,Hyrimoz,"{""pbs_code"":""12363Q"",""formulary"":""F2"",""brand_name"":""Hyrimoz"",""li_item_id"":""12363Q_21832_1189_43971_59529"",""determined_price"":444.17}",,,normal,PBS listing was present in the previous schedule and is now absent.,2026-08-29T11:14:36.234Z
2726,1983062564,2092-01-01T00:00:00.000Z,delisted,12364R_21831_1189_43963_43965,12364R,2100003000,Humira,"{""pbs_code"":""12364R"",""formulary"":""F2"",""brand_name"":""Humira"",""li_item_id"":""12364R_21831_1189_43963_43965"",""determined_price"":444.17}",,,normal,PBS listing was present in the previous schedule and is now absent.,2026-08-29T11:14:36.234Z
2727,1983062564,2092-01-01T00:00:00.000Z,delisted,12364R_21831_1189_43963_55425,12364R,2100003000,Yuflyma,"{""pbs_code"":""12364R"",""formulary"":""F2"",""brand_name"":""Yuflyma"",""li_item_id"":""12364R_21831_1189_43963_55425"",""determined_price"":444.17}",,,normal,PBS listing was present in the previous schedule and is now absent.,2026-08-29T11:14:36.234Z
2728,1983062564,2092-01-01T00:00:00.000Z,delisted,12364R_21831_1189_43963_59133,12364R,2100003000,Hadlima,"{""pbs_code"":""12364R"",""formulary"":""F2"",""brand_name"":""Hadlima"",""li_item_id"":""12364R_21831_1189_43963_59133"",""determined_price"":444.17}",,,normal,PBS listing was present in the previous schedule and is now absent.,2026-08-29T11:14:36.234Z
2729,1983062564,2092-01-01T00:00:00.000Z,delisted,12364R_21831_1189_43963_59530,12364R,2100003000,Hyrimoz,"{""pbs_code"":""12364R"",""formulary"":""F2"",""brand_name"":""Hyrimoz"",""li_item_id"":""12364R_21831_1189_43963_59530"",""determined_price"":444.17}",,,normal,PBS listing was present in the previous schedule and is now absent.,2026-08-29T11:14:36.234Z
2730,1983062564,2092-01-01T00:00:00.000Z,delisted,12365T_10037_1189_5419_45576,12365T,2100003000,Hadlima,"{""pbs_code"":""12365T"",""formulary"":""F2"",""brand_name"":""Hadlima"",""li_item_id"":""12365T_10037_1189_5419_45576"",""determined_price"":444.17}",,,normal,PBS listing was present in the previous schedule and is now absent.,2026-08-29T11:14:36.234Z
2731,1983062564,2092-01-01T00:00:00.000Z,delisted,12365T_10037_1189_5419_45951,12365T,2100003000,Amgevita,"{""pbs_code"":""12365T"",""formulary"":""F2"",""brand_name"":""Amgevita"",""li_item_id"":""12365T_10037_1189_5419_45951"",""determined_price"":444.17}",,,normal,PBS listing was present in the previous schedule and is now absent.,2026-08-29T11:14:36.234Z
2732,1983062564,2092-01-01T00:00:00.000Z,delisted,12365T_10037_1189_5419_49269,12365T,2100003000,Hyrimoz,"{""pbs_code"":""12365T"",""formulary"":""F2"",""brand_name"":""Hyrimoz"",""li_item_id"":""12365T_10037_1189_5419_49269"",""determined_price"":444.17}",,,normal,PBS listing was present in the previous schedule and is now absent.,2026-08-29T11:14:36.234Z
2733,1983062564,2092-01-01T00:00:00.000Z,delisted,12366W_10037_1189_5419_45576,12366W,2100003000,Hadlima,"{""pbs_code"":""12366W"",""formulary"":""F2"",""brand_name"":""Hadlima"",""li_item_id"":""12366W_10037_1189_5419_45576"",""determined_price"":444.17}",,,normal,PBS listing was present in the previous schedule and is now absent.,2026-08-29T11:14:36.234Z
2734,1983062564,2092-01-01T00:00:00.000Z,delisted,12366W_10037_1189_5419_45951,12366W,2100003000,Amgevita,"{""pbs_code"":""12366W"",""formulary"":""F2"",""brand_name"":""Amgevita"",""li_item_id"":""12366W_10037_1189_5419_45951"",""determined_price"":444.17}",,,normal,PBS listing was present in the previous schedule and is now absent.,2026-08-29T11:14:36.234Z
2735,1983062564,2092-01-01T00:00:00.000Z,delisted,12366W_10037_1189_5419_49269,12366W,2100003000,Hyrimoz,"{""pbs_code"":""12366W"",""formulary"":""F2"",""brand_name"":""Hyrimoz"",""li_item_id"":""12366W_10037_1189_5419_49269"",""determined_price"":444.17}",,,normal,PBS listing was present in the previous schedule and is now absent.,2026-08-29T11:14:36.234Z
2736,1983062564,2092-01-01T00:00:00.000Z,delisted,12367X_10037_1189_5419_45576,12367X,2100003000,Hadlima,"{""pbs_code"":""12367X"",""formulary"":""F2"",""brand_name"":""Hadlima"",""li_item_id"":""12367X_10037_1189_5419_45576"",""determined_price"":444.17}",,,normal,PBS listing was present in the previous schedule and is now absent.,2026-08-29T11:14:36.234Z
2737,1983062564,2092-01-01T00:00:00.000Z,delisted,12367X_10037_1189_5419_45951,12367X,2100003000,Amgevita,"{""pbs_code"":""12367X"",""formulary"":""F2"",""brand_name"":""Amgevita"",""li_item_id"":""12367X_10037_1189_5419_45951"",""determined_price"":444.17}",,,normal,PBS listing was present in the previous schedule and is now absent.,2026-08-29T11:14:36.234Z
2738,1983062564,2092-01-01T00:00:00.000Z,delisted,12367X_10037_1189_5419_49269,12367X,2100003000,Hyrimoz,"{""pbs_code"":""12367X"",""formulary"":""F2"",""brand_name"":""Hyrimoz"",""li_item_id"":""12367X_10037_1189_5419_49269"",""determined_price"":444.17}",,,normal,PBS listing was present in the previous schedule and is now absent.,2026-08-29T11:14:36.234Z
2739,1983062564,2092-01-01T00:00:00.000Z,delisted,12368Y_7270_1189_5417_49267,12368Y,2100003000,Hyrimoz,"{""pbs_code"":""12368Y"",""formulary"":""F2"",""brand_name"":""Hyrimoz"",""li_item_id"":""12368Y_7270_1189_5417_49267"",""determined_price"":444.17}",,,normal,PBS listing was present in the previous schedule and is now absent.,2026-08-29T11:14:36.234Z
2740,1983062564,2092-01-01T00:00:00.000Z,delisted,12368Y_7270_1189_5417_50918,12368Y,2100003000,Hadlima,"{""pbs_code"":""12368Y"",""formulary"":""F2"",""brand_name"":""Hadlima"",""li_item_id"":""12368Y_7270_1189_5417_50918"",""determined_price"":444.17}",,,normal,PBS listing was present in the previous schedule and is now absent.,2026-08-29T11:14:36.234Z
2741,1983062564,2092-01-01T00:00:00.000Z,delisted,12368Y_7270_1189_5417_51588,12368Y,2100003000,Amgevita,"{""pbs_code"":""12368Y"",""formulary"":""F2"",""brand_name"":""Amgevita"",""li_item_id"":""12368Y_7270_1189_5417_51588"",""determined_price"":444.17}",,,normal,PBS listing was present in the previous schedule and is now absent.,2026-08-29T11:14:36.234Z
2742,1983062564,2092-01-01T00:00:00.000Z,delisted,12368Y_7270_1189_5417_54286,12368Y,2100003000,Abrilada,"{""pbs_code"":""12368Y"",""formulary"":""F2"",""brand_name"":""Abrilada"",""li_item_id"":""12368Y_7270_1189_5417_54286"",""determined_price"":444.17}",,,normal,PBS listing was present in the previous schedule and is now absent.,2026-08-29T11:14:36.234Z
2743,1983062564,2092-01-01T00:00:00.000Z,delisted,12369B_7270_1189_5417_49267,12369B,2100003000,Hyrimoz,"{""pbs_code"":""12369B"",""formulary"":""F2"",""brand_name"":""Hyrimoz"",""li_item_id"":""12369B_7270_1189_5417_49267"",""determined_price"":444.17}",,,normal,PBS listing was present in the previous schedule and is now absent.,2026-08-29T11:14:36.234Z
2744,1983062564,2092-01-01T00:00:00.000Z,delisted,12369B_7270_1189_5417_50918,12369B,2100003000,Hadlima,"{""pbs_code"":""12369B"",""formulary"":""F2"",""brand_name"":""Hadlima"",""li_item_id"":""12369B_7270_1189_5417_50918"",""determined_price"":444.17}",,,normal,PBS listing was present in the previous schedule and is now absent.,2026-08-29T11:14:36.234Z
2745,1983062564,2092-01-01T00:00:00.000Z,delisted,12369B_7270_1189_5417_51588,12369B,2100003000,Amgevita,"{""pbs_code"":""12369B"",""formulary"":""F2"",""brand_name"":""Amgevita"",""li_item_id"":""12369B_7270_1189_5417_51588"",""determined_price"":444.17}",,,normal,PBS listing was present in the previous schedule and is now absent.,2026-08-29T11:14:36.234Z
2746,1983062564,2092-01-01T00:00:00.000Z,delisted,12369B_7270_1189_5417_54286,12369B,2100003000,Abrilada,"{""pbs_code"":""12369B"",""formulary"":""F2"",""brand_name"":""Abrilada"",""li_item_id"":""12369B_7270_1189_5417_54286"",""determined_price"":444.17}",,,normal,PBS listing was present in the previous schedule and is now absent.,2026-08-29T11:14:36.234Z
2747,1983062564,2092-01-01T00:00:00.000Z,delisted,12370C_7270_1189_5417_49267,12370C,2100003000,Hyrimoz,"{""pbs_code"":""12370C"",""formulary"":""F2"",""brand_name"":""Hyrimoz"",""li_item_id"":""12370C_7270_1189_5417_49267"",""determined_price"":444.17}",,,normal,PBS listing was present in the previous schedule and is now absent.,2026-08-29T11:14:36.234Z
2748,1983062564,2092-01-01T00:00:00.000Z,delisted,12370C_7270_1189_5417_50918,12370C,2100003000,Hadlima,"{""pbs_code"":""12370C"",""formulary"":""F2"",""brand_name"":""Hadlima"",""li_item_id"":""12370C_7270_1189_5417_50918"",""determined_price"":444.17}",,,normal,PBS listing was present in the previous schedule and is now absent.,2026-08-29T11:14:36.234Z
2749,1983062564,2092-01-01T00:00:00.000Z,delisted,12370C_7270_1189_5417_51588,12370C,2100003000,Amgevita,"{""pbs_code"":""12370C"",""formulary"":""F2"",""brand_name"":""Amgevita"",""li_item_id"":""12370C_7270_1189_5417_51588"",""determined_price"":444.17}",,,normal,PBS listing was present in the previous schedule and is now absent.,2026-08-29T11:14:36.234Z
2750,1983062564,2092-01-01T00:00:00.000Z,delisted,12370C_7270_1189_5417_54286,12370C,2100003000,Abrilada,"{""pbs_code"":""12370C"",""formulary"":""F2"",""brand_name"":""Abrilada"",""li_item_id"":""12370C_7270_1189_5417_54286"",""determined_price"":444.17}",,,normal,PBS listing was present in the previous schedule and is now absent.,2026-08-29T11:14:36.234Z
2751,1983062564,2092-01-01T00:00:00.000Z,delisted,12371D_22501_1189_45820_45824,12371D,2100003000,Humira,"{""pbs_code"":""12371D"",""formulary"":""F2"",""brand_name"":""Humira"",""li_item_id"":""12371D_22501_1189_45820_45824"",""determined_price"":567.42}",,,normal,PBS listing was present in the previous schedule and is now absent.,2026-08-29T11:14:36.234Z
2752,1983062564,2092-01-01T00:00:00.000Z,delisted,12372E_22503_1189_45830_45834,12372E,2100003000,Humira,"{""pbs_code"":""12372E"",""formulary"":""F2"",""brand_name"":""Humira"",""li_item_id"":""12372E_22503_1189_45830_45834"",""determined_price"":618.9}",,,normal,PBS listing was present in the previous schedule and is now absent.,2026-08-29T11:14:36.234Z
2753,1983062564,2092-01-01T00:00:00.000Z,delisted,12372E_22503_1189_45830_59141,12372E,2100003000,Yuflyma,"{""pbs_code"":""12372E"",""formulary"":""F2"",""brand_name"":""Yuflyma"",""li_item_id"":""12372E_22503_1189_45830_59141"",""determined_price"":618.9}",,,normal,PBS listing was present in the previous schedule and is now absent.,2026-08-29T11:14:36.234Z
2754,1983062564,2092-01-01T00:00:00.000Z,delisted,12373F_21832_1189_43971_43973,12373F,2100003000,Humira,"{""pbs_code"":""12373F"",""formulary"":""F2"",""brand_name"":""Humira"",""li_item_id"":""12373F_21832_1189_43971_43973"",""determined_price"":444.17}",,,normal,PBS listing was present in the previous schedule and is now absent.,2026-08-29T11:14:36.234Z
2755,1983062564,2092-01-01T00:00:00.000Z,delisted,12373F_21832_1189_43971_55426,12373F,2100003000,Yuflyma,"{""pbs_code"":""12373F"",""formulary"":""F2"",""brand_name"":""Yuflyma"",""li_item_id"":""12373F_21832_1189_43971_55426"",""determined_price"":444.17}",,,normal,PBS listing was present in the previous schedule and is now absent.,2026-08-29T11:14:36.234Z
2756,1983062564,2092-01-01T00:00:00.000Z,delisted,12373F_21832_1189_43971_59132,12373F,2100003000,Hadlima,"{""pbs_code"":""12373F"",""formulary"":""F2"",""brand_name"":""Hadlima"",""li_item_id"":""12373F_21832_1189_43971_59132"",""determined_price"":444.17}",,,normal,PBS listing was present in the previous schedule and is now absent.,2026-08-29T11:14:36.234Z
2757,1983062564,2092-01-01T00:00:00.000Z,delisted,12373F_21832_1189_43971_59529,12373F,2100003000,Hyrimoz,"{""pbs_code"":""12373F"",""formulary"":""F2"",""brand_name"":""Hyrimoz"",""li_item_id"":""12373F_21832_1189_43971_59529"",""determined_price"":444.17}",,,normal,PBS listing was present in the previous schedule and is now absent.,2026-08-29T11:14:36.234Z
2758,1983062564,2092-01-01T00:00:00.000Z,delisted,12374G_22502_1189_45825_45829,12374G,2100003000,Humira,"{""pbs_code"":""12374G"",""formulary"":""F2"",""brand_name"":""Humira"",""li_item_id"":""12374G_22502_1189_45825_45829"",""determined_price"":618.9}",,,normal,PBS listing was present in the previous schedule and is now absent.,2026-08-29T11:14:36.234Z
2759,1983062564,2092-01-01T00:00:00.000Z,delisted,12374G_22502_1189_45825_59140,12374G,2100003000,Yuflyma,"{""pbs_code"":""12374G"",""formulary"":""F2"",""brand_name"":""Yuflyma"",""li_item_id"":""12374G_22502_1189_45825_59140"",""determined_price"":618.9}",,,normal,PBS listing was present in the previous schedule and is now absent.,2026-08-29T11:14:36.234Z
2760,1983062564,2092-01-01T00:00:00.000Z,delisted,12374G_22502_1189_45825_59531,12374G,2100003000,Hyrimoz,"{""pbs_code"":""12374G"",""formulary"":""F2"",""brand_name"":""Hyrimoz"",""li_item_id"":""12374G_22502_1189_45825_59531"",""determined_price"":618.9}",,,normal,PBS listing was present in the previous schedule and is now absent.,2026-08-29T11:14:36.234Z
2761,1983062564,2092-01-01T00:00:00.000Z,delisted,12375H_21832_1189_43971_43973,12375H,2100003000,Humira,"{""pbs_code"":""12375H"",""formulary"":""F2"",""brand_name"":""Humira"",""li_item_id"":""12375H_21832_1189_43971_43973"",""determined_price"":444.17}",,,normal,PBS listing was present in the previous schedule and is now absent.,2026-08-29T11:14:36.234Z
2762,1983062564,2092-01-01T00:00:00.000Z,delisted,12375H_21832_1189_43971_55426,12375H,2100003000,Yuflyma,"{""pbs_code"":""12375H"",""formulary"":""F2"",""brand_name"":""Yuflyma"",""li_item_id"":""12375H_21832_1189_43971_55426"",""determined_price"":444.17}",,,normal,PBS listing was present in the previous schedule and is now absent.,2026-08-29T11:14:36.234Z
2763,1983062564,2092-01-01T00:00:00.000Z,delisted,12375H_21832_1189_43971_59132,12375H,2100003000,Hadlima,"{""pbs_code"":""12375H"",""formulary"":""F2"",""brand_name"":""Hadlima"",""li_item_id"":""12375H_21832_1189_43971_59132"",""determined_price"":444.17}",,,normal,PBS listing was present in the previous schedule and is now absent.,2026-08-29T11:14:36.234Z
2764,1983062564,2092-01-01T00:00:00.000Z,delisted,12375H_21832_1189_43971_59529,12375H,2100003000,Hyrimoz,"{""pbs_code"":""12375H"",""formulary"":""F2"",""brand_name"":""Hyrimoz"",""li_item_id"":""12375H_21832_1189_43971_59529"",""determined_price"":444.17}",,,normal,PBS listing was present in the previous schedule and is now absent.,2026-08-29T11:14:36.234Z
2765,1983062564,2092-01-01T00:00:00.000Z,delisted,12376J_21832_1189_43971_43973,12376J,2100003000,Humira,"{""pbs_code"":""12376J"",""formulary"":""F2"",""brand_name"":""Humira"",""li_item_id"":""12376J_21832_1189_43971_43973"",""determined_price"":444.17}",,,normal,PBS listing was present in the previous schedule and is now absent.,2026-08-29T11:14:36.234Z
2766,1983062564,2092-01-01T00:00:00.000Z,delisted,12376J_21832_1189_43971_55426,12376J,2100003000,Yuflyma,"{""pbs_code"":""12376J"",""formulary"":""F2"",""brand_name"":""Yuflyma"",""li_item_id"":""12376J_21832_1189_43971_55426"",""determined_price"":444.17}",,,normal,PBS listing was present in the previous schedule and is now absent.,2026-08-29T11:14:36.234Z
2767,1983062564,2092-01-01T00:00:00.000Z,delisted,12376J_21832_1189_43971_59132,12376J,2100003000,Hadlima,"{""pbs_code"":""12376J"",""formulary"":""F2"",""brand_name"":""Hadlima"",""li_item_id"":""12376J_21832_1189_43971_59132"",""determined_price"":444.17}",,,normal,PBS listing was present in the previous schedule and is now absent.,2026-08-29T11:14:36.234Z
2768,1983062564,2092-01-01T00:00:00.000Z,delisted,12376J_21832_1189_43971_59529,12376J,2100003000,Hyrimoz,"{""pbs_code"":""12376J"",""formulary"":""F2"",""brand_name"":""Hyrimoz"",""li_item_id"":""12376J_21832_1189_43971_59529"",""determined_price"":444.17}",,,normal,PBS listing was present in the previous schedule and is now absent.,2026-08-29T11:14:36.234Z
2769,1983062564,2092-01-01T00:00:00.000Z,delisted,12377K_21832_1189_43971_43973,12377K,2100003000,Humira,"{""pbs_code"":""12377K"",""formulary"":""F2"",""brand_name"":""Humira"",""li_item_id"":""12377K_21832_1189_43971_43973"",""determined_price"":444.17}",,,normal,PBS listing was present in the previous schedule and is now absent.,2026-08-29T11:14:36.234Z
2770,1983062564,2092-01-01T00:00:00.000Z,delisted,12377K_21832_1189_43971_55426,12377K,2100003000,Yuflyma,"{""pbs_code"":""12377K"",""formulary"":""F2"",""brand_name"":""Yuflyma"",""li_item_id"":""12377K_21832_1189_43971_55426"",""determined_price"":444.17}",,,normal,PBS listing was present in the previous schedule and is now absent.,2026-08-29T11:14:36.234Z
2771,1983062564,2092-01-01T00:00:00.000Z,delisted,12377K_21832_1189_43971_59132,12377K,2100003000,Hadlima,"{""pbs_code"":""12377K"",""formulary"":""F2"",""brand_name"":""Hadlima"",""li_item_id"":""12377K_21832_1189_43971_59132"",""determined_price"":444.17}",,,normal,PBS listing was present in the previous schedule and is now absent.,2026-08-29T11:14:36.234Z
2772,1983062564,2092-01-01T00:00:00.000Z,delisted,12377K_21832_1189_43971_59529,12377K,2100003000,Hyrimoz,"{""pbs_code"":""12377K"",""formulary"":""F2"",""brand_name"":""Hyrimoz"",""li_item_id"":""12377K_21832_1189_43971_59529"",""determined_price"":444.17}",,,normal,PBS listing was present in the previous schedule and is now absent.,2026-08-29T11:14:36.234Z
2773,1983062564,2092-01-01T00:00:00.000Z,delisted,12378L_21831_1189_43963_43965,12378L,2100003000,Humira,"{""pbs_code"":""12378L"",""formulary"":""F2"",""brand_name"":""Humira"",""li_item_id"":""12378L_21831_1189_43963_43965"",""determined_price"":444.17}",,,normal,PBS listing was present in the previous schedule and is now absent.,2026-08-29T11:14:36.234Z
2774,1983062564,2092-01-01T00:00:00.000Z,delisted,12378L_21831_1189_43963_55425,12378L,2100003000,Yuflyma,"{""pbs_code"":""12378L"",""formulary"":""F2"",""brand_name"":""Yuflyma"",""li_item_id"":""12378L_21831_1189_43963_55425"",""determined_price"":444.17}",,,normal,PBS listing was present in the previous schedule and is now absent.,2026-08-29T11:14:36.234Z
2775,1983062564,2092-01-01T00:00:00.000Z,delisted,12378L_21831_1189_43963_59133,12378L,2100003000,Hadlima,"{""pbs_code"":""12378L"",""formulary"":""F2"",""brand_name"":""Hadlima"",""li_item_id"":""12378L_21831_1189_43963_59133"",""determined_price"":444.17}",,,normal,PBS listing was present in the previous schedule and is now absent.,2026-08-29T11:14:36.234Z
2776,1983062564,2092-01-01T00:00:00.000Z,delisted,12378L_21831_1189_43963_59530,12378L,2100003000,Hyrimoz,"{""pbs_code"":""12378L"",""formulary"":""F2"",""brand_name"":""Hyrimoz"",""li_item_id"":""12378L_21831_1189_43963_59530"",""determined_price"":444.17}",,,normal,PBS listing was present in the previous schedule and is now absent.,2026-08-29T11:14:36.234Z
2777,1983062564,2092-01-01T00:00:00.000Z,delisted,12379M_21831_1189_43963_43965,12379M,2100003000,Humira,"{""pbs_code"":""12379M"",""formulary"":""F2"",""brand_name"":""Humira"",""li_item_id"":""12379M_21831_1189_43963_43965"",""determined_price"":444.17}",,,normal,PBS listing was present in the previous schedule and is now absent.,2026-08-29T11:14:36.234Z
2778,1983062564,2092-01-01T00:00:00.000Z,delisted,12379M_21831_1189_43963_55425,12379M,2100003000,Yuflyma,"{""pbs_code"":""12379M"",""formulary"":""F2"",""brand_name"":""Yuflyma"",""li_item_id"":""12379M_21831_1189_43963_55425"",""determined_price"":444.17}",,,normal,PBS listing was present in the previous schedule and is now absent.,2026-08-29T11:14:36.234Z
2779,1983062564,2092-01-01T00:00:00.000Z,delisted,12379M_21831_1189_43963_59133,12379M,2100003000,Hadlima,"{""pbs_code"":""12379M"",""formulary"":""F2"",""brand_name"":""Hadlima"",""li_item_id"":""12379M_21831_1189_43963_59133"",""determined_price"":444.17}",,,normal,PBS listing was present in the previous schedule and is now absent.,2026-08-29T11:14:36.234Z
2780,1983062564,2092-01-01T00:00:00.000Z,delisted,12379M_21831_1189_43963_59530,12379M,2100003000,Hyrimoz,"{""pbs_code"":""12379M"",""formulary"":""F2"",""brand_name"":""Hyrimoz"",""li_item_id"":""12379M_21831_1189_43963_59530"",""determined_price"":444.17}",,,normal,PBS listing was present in the previous schedule and is now absent.,2026-08-29T11:14:36.234Z
2781,1983062564,2092-01-01T00:00:00.000Z,delisted,12380N_21831_1189_43963_43965,12380N,2100003000,Humira,"{""pbs_code"":""12380N"",""formulary"":""F2"",""brand_name"":""Humira"",""li_item_id"":""12380N_21831_1189_43963_43965"",""determined_price"":444.17}",,,normal,PBS listing was present in the previous schedule and is now absent.,2026-08-29T11:14:36.234Z
2782,1983062564,2092-01-01T00:00:00.000Z,delisted,12380N_21831_1189_43963_55425,12380N,2100003000,Yuflyma,"{""pbs_code"":""12380N"",""formulary"":""F2"",""brand_name"":""Yuflyma"",""li_item_id"":""12380N_21831_1189_43963_55425"",""determined_price"":444.17}",,,normal,PBS listing was present in the previous schedule and is now absent.,2026-08-29T11:14:36.234Z
2783,1983062564,2092-01-01T00:00:00.000Z,delisted,12380N_21831_1189_43963_59133,12380N,2100003000,Hadlima,"{""pbs_code"":""12380N"",""formulary"":""F2"",""brand_name"":""Hadlima"",""li_item_id"":""12380N_21831_1189_43963_59133"",""determined_price"":444.17}",,,normal,PBS listing was present in the previous schedule and is now absent.,2026-08-29T11:14:36.234Z
2784,1983062564,2092-01-01T00:00:00.000Z,delisted,12380N_21831_1189_43963_59530,12380N,2100003000,Hyrimoz,"{""pbs_code"":""12380N"",""formulary"":""F2"",""brand_name"":""Hyrimoz"",""li_item_id"":""12380N_21831_1189_43963_59530"",""determined_price"":444.17}",,,normal,PBS listing was present in the previous schedule and is now absent.,2026-08-29T11:14:36.234Z
2785,1983062564,2092-01-01T00:00:00.000Z,delisted,12381P_21832_1189_43971_43973,12381P,2100003000,Humira,"{""pbs_code"":""12381P"",""formulary"":""F2"",""brand_name"":""Humira"",""li_item_id"":""12381P_21832_1189_43971_43973"",""determined_price"":444.17}",,,normal,PBS listing was present in the previous schedule and is now absent.,2026-08-29T11:14:36.234Z
2786,1983062564,2092-01-01T00:00:00.000Z,delisted,12381P_21832_1189_43971_55426,12381P,2100003000,Yuflyma,"{""pbs_code"":""12381P"",""formulary"":""F2"",""brand_name"":""Yuflyma"",""li_item_id"":""12381P_21832_1189_43971_55426"",""determined_price"":444.17}",,,normal,PBS listing was present in the previous schedule and is now absent.,2026-08-29T11:14:36.234Z
2787,1983062564,2092-01-01T00:00:00.000Z,delisted,12381P_21832_1189_43971_59132,12381P,2100003000,Hadlima,"{""pbs_code"":""12381P"",""formulary"":""F2"",""brand_name"":""Hadlima"",""li_item_id"":""12381P_21832_1189_43971_59132"",""determined_price"":444.17}",,,normal,PBS listing was present in the previous schedule and is now absent.,2026-08-29T11:14:36.234Z
2788,1983062564,2092-01-01T00:00:00.000Z,delisted,12381P_21832_1189_43971_59529,12381P,2100003000,Hyrimoz,"{""pbs_code"":""12381P"",""formulary"":""F2"",""brand_name"":""Hyrimoz"",""li_item_id"":""12381P_21832_1189_43971_59529"",""determined_price"":444.17}",,,normal,PBS listing was present in the previous schedule and is now absent.,2026-08-29T11:14:36.234Z
2789,1983062564,2092-01-01T00:00:00.000Z,delisted,12382Q_21831_1189_43963_43965,12382Q,2100003000,Humira,"{""pbs_code"":""12382Q"",""formulary"":""F2"",""brand_name"":""Humira"",""li_item_id"":""12382Q_21831_1189_43963_43965"",""determined_price"":444.17}",,,normal,PBS listing was present in the previous schedule and is now absent.,2026-08-29T11:14:36.234Z
2790,1983062564,2092-01-01T00:00:00.000Z,delisted,12382Q_21831_1189_43963_55425,12382Q,2100003000,Yuflyma,"{""pbs_code"":""12382Q"",""formulary"":""F2"",""brand_name"":""Yuflyma"",""li_item_id"":""12382Q_21831_1189_43963_55425"",""determined_price"":444.17}",,,normal,PBS listing was present in the previous schedule and is now absent.,2026-08-29T11:14:36.234Z
2791,1983062564,2092-01-01T00:00:00.000Z,delisted,12382Q_21831_1189_43963_59133,12382Q,2100003000,Hadlima,"{""pbs_code"":""12382Q"",""formulary"":""F2"",""brand_name"":""Hadlima"",""li_item_id"":""12382Q_21831_1189_43963_59133"",""determined_price"":444.17}",,,normal,PBS listing was present in the previous schedule and is now absent.,2026-08-29T11:14:36.234Z
2792,1983062564,2092-01-01T00:00:00.000Z,delisted,12382Q_21831_1189_43963_59530,12382Q,2100003000,Hyrimoz,"{""pbs_code"":""12382Q"",""formulary"":""F2"",""brand_name"":""Hyrimoz"",""li_item_id"":""12382Q_21831_1189_43963_59530"",""determined_price"":444.17}",,,normal,PBS listing was present in the previous schedule and is now absent.,2026-08-29T11:14:36.234Z
2793,1983062564,2092-01-01T00:00:00.000Z,delisted,12383R_21832_1189_43971_43973,12383R,2100003000,Humira,"{""pbs_code"":""12383R"",""formulary"":""F2"",""brand_name"":""Humira"",""li_item_id"":""12383R_21832_1189_43971_43973"",""determined_price"":444.17}",,,normal,PBS listing was present in the previous schedule and is now absent.,2026-08-29T11:14:36.234Z
2794,1983062564,2092-01-01T00:00:00.000Z,delisted,12383R_21832_1189_43971_55426,12383R,2100003000,Yuflyma,"{""pbs_code"":""12383R"",""formulary"":""F2"",""brand_name"":""Yuflyma"",""li_item_id"":""12383R_21832_1189_43971_55426"",""determined_price"":444.17}",,,normal,PBS listing was present in the previous schedule and is now absent.,2026-08-29T11:14:36.234Z
2795,1983062564,2092-01-01T00:00:00.000Z,delisted,12383R_21832_1189_43971_59132,12383R,2100003000,Hadlima,"{""pbs_code"":""12383R"",""formulary"":""F2"",""brand_name"":""Hadlima"",""li_item_id"":""12383R_21832_1189_43971_59132"",""determined_price"":444.17}",,,normal,PBS listing was present in the previous schedule and is now absent.,2026-08-29T11:14:36.234Z
2796,1983062564,2092-01-01T00:00:00.000Z,delisted,12383R_21832_1189_43971_59529,12383R,2100003000,Hyrimoz,"{""pbs_code"":""12383R"",""formulary"":""F2"",""brand_name"":""Hyrimoz"",""li_item_id"":""12383R_21832_1189_43971_59529"",""determined_price"":444.17}",,,normal,PBS listing was present in the previous schedule and is now absent.,2026-08-29T11:14:36.234Z
2797,1983062564,2092-01-01T00:00:00.000Z,delisted,12384T_10037_1189_5419_45576,12384T,2100003000,Hadlima,"{""pbs_code"":""12384T"",""formulary"":""F2"",""brand_name"":""Hadlima"",""li_item_id"":""12384T_10037_1189_5419_45576"",""determined_price"":444.17}",,,normal,PBS listing was present in the previous schedule and is now absent.,2026-08-29T11:14:36.234Z
2798,1983062564,2092-01-01T00:00:00.000Z,delisted,12384T_10037_1189_5419_45951,12384T,2100003000,Amgevita,"{""pbs_code"":""12384T"",""formulary"":""F2"",""brand_name"":""Amgevita"",""li_item_id"":""12384T_10037_1189_5419_45951"",""determined_price"":444.17}",,,normal,PBS listing was present in the previous schedule and is now absent.,2026-08-29T11:14:36.234Z
2799,1983062564,2092-01-01T00:00:00.000Z,delisted,12384T_10037_1189_5419_49269,12384T,2100003000,Hyrimoz,"{""pbs_code"":""12384T"",""formulary"":""F2"",""brand_name"":""Hyrimoz"",""li_item_id"":""12384T_10037_1189_5419_49269"",""determined_price"":444.17}",,,normal,PBS listing was present in the previous schedule and is now absent.,2026-08-29T11:14:36.234Z
2800,1983062564,2092-01-01T00:00:00.000Z,delisted,12385W_7270_1189_5417_49267,12385W,2100003000,Hyrimoz,"{""pbs_code"":""12385W"",""formulary"":""F2"",""brand_name"":""Hyrimoz"",""li_item_id"":""12385W_7270_1189_5417_49267"",""determined_price"":444.17}",,,normal,PBS listing was present in the previous schedule and is now absent.,2026-08-29T11:14:36.234Z
2801,1983062564,2092-01-01T00:00:00.000Z,delisted,12385W_7270_1189_5417_50918,12385W,2100003000,Hadlima,"{""pbs_code"":""12385W"",""formulary"":""F2"",""brand_name"":""Hadlima"",""li_item_id"":""12385W_7270_1189_5417_50918"",""determined_price"":444.17}",,,normal,PBS listing was present in the previous schedule and is now absent.,2026-08-29T11:14:36.234Z
2802,1983062564,2092-01-01T00:00:00.000Z,delisted,12385W_7270_1189_5417_51588,12385W,2100003000,Amgevita,"{""pbs_code"":""12385W"",""formulary"":""F2"",""brand_name"":""Amgevita"",""li_item_id"":""12385W_7270_1189_5417_51588"",""determined_price"":444.17}",,,normal,PBS listing was present in the previous schedule and is now absent.,2026-08-29T11:14:36.234Z
2803,1983062564,2092-01-01T00:00:00.000Z,delisted,12385W_7270_1189_5417_54286,12385W,2100003000,Abrilada,"{""pbs_code"":""12385W"",""formulary"":""F2"",""brand_name"":""Abrilada"",""li_item_id"":""12385W_7270_1189_5417_54286"",""determined_price"":444.17}",,,normal,PBS listing was present in the previous schedule and is now absent.,2026-08-29T11:14:36.234Z
2804,1983062564,2092-01-01T00:00:00.000Z,delisted,12386X_7270_1189_5417_49267,12386X,2100003000,Hyrimoz,"{""pbs_code"":""12386X"",""formulary"":""F2"",""brand_name"":""Hyrimoz"",""li_item_id"":""12386X_7270_1189_5417_49267"",""determined_price"":444.17}",,,normal,PBS listing was present in the previous schedule and is now absent.,2026-08-29T11:14:36.234Z
2805,1983062564,2092-01-01T00:00:00.000Z,delisted,12386X_7270_1189_5417_50918,12386X,2100003000,Hadlima,"{""pbs_code"":""12386X"",""formulary"":""F2"",""brand_name"":""Hadlima"",""li_item_id"":""12386X_7270_1189_5417_50918"",""determined_price"":444.17}",,,normal,PBS listing was present in the previous schedule and is now absent.,2026-08-29T11:14:36.234Z
2806,1983062564,2092-01-01T00:00:00.000Z,delisted,12386X_7270_1189_5417_51588,12386X,2100003000,Amgevita,"{""pbs_code"":""12386X"",""formulary"":""F2"",""brand_name"":""Amgevita"",""li_item_id"":""12386X_7270_1189_5417_51588"",""determined_price"":444.17}",,,normal,PBS listing was present in the previous schedule and is now absent.,2026-08-29T11:14:36.234Z
2807,1983062564,2092-01-01T00:00:00.000Z,delisted,12386X_7270_1189_5417_54286,12386X,2100003000,Abrilada,"{""pbs_code"":""12386X"",""formulary"":""F2"",""brand_name"":""Abrilada"",""li_item_id"":""12386X_7270_1189_5417_54286"",""determined_price"":444.17}",,,normal,PBS listing was present in the previous schedule and is now absent.,2026-08-29T11:14:36.234Z
2808,1983062564,2092-01-01T00:00:00.000Z,delisted,12387Y_10037_1189_5419_45576,12387Y,2100003000,Hadlima,"{""pbs_code"":""12387Y"",""formulary"":""F2"",""brand_name"":""Hadlima"",""li_item_id"":""12387Y_10037_1189_5419_45576"",""determined_price"":444.17}",,,normal,PBS listing was present in the previous schedule and is now absent.,2026-08-29T11:14:36.234Z
2809,1983062564,2092-01-01T00:00:00.000Z,delisted,12387Y_10037_1189_5419_45951,12387Y,2100003000,Amgevita,"{""pbs_code"":""12387Y"",""formulary"":""F2"",""brand_name"":""Amgevita"",""li_item_id"":""12387Y_10037_1189_5419_45951"",""determined_price"":444.17}",,,normal,PBS listing was present in the previous schedule and is now absent.,2026-08-29T11:14:36.234Z
2810,1983062564,2092-01-01T00:00:00.000Z,delisted,12387Y_10037_1189_5419_49269,12387Y,2100003000,Hyrimoz,"{""pbs_code"":""12387Y"",""formulary"":""F2"",""brand_name"":""Hyrimoz"",""li_item_id"":""12387Y_10037_1189_5419_49269"",""determined_price"":444.17}",,,normal,PBS listing was present in the previous schedule and is now absent.,2026-08-29T11:14:36.234Z
2811,1983062564,2092-01-01T00:00:00.000Z,delisted,12388B_7270_1189_5417_49267,12388B,2100003000,Hyrimoz,"{""pbs_code"":""12388B"",""formulary"":""F2"",""brand_name"":""Hyrimoz"",""li_item_id"":""12388B_7270_1189_5417_49267"",""determined_price"":444.17}",,,normal,PBS listing was present in the previous schedule and is now absent.,2026-08-29T11:14:36.234Z
2812,1983062564,2092-01-01T00:00:00.000Z,delisted,12388B_7270_1189_5417_50918,12388B,2100003000,Hadlima,"{""pbs_code"":""12388B"",""formulary"":""F2"",""brand_name"":""Hadlima"",""li_item_id"":""12388B_7270_1189_5417_50918"",""determined_price"":444.17}",,,normal,PBS listing was present in the previous schedule and is now absent.,2026-08-29T11:14:36.234Z
2813,1983062564,2092-01-01T00:00:00.000Z,delisted,12388B_7270_1189_5417_51588,12388B,2100003000,Amgevita,"{""pbs_code"":""12388B"",""formulary"":""F2"",""brand_name"":""Amgevita"",""li_item_id"":""12388B_7270_1189_5417_51588"",""determined_price"":444.17}",,,normal,PBS listing was present in the previous schedule and is now absent.,2026-08-29T11:14:36.234Z
2814,1983062564,2092-01-01T00:00:00.000Z,delisted,12388B_7270_1189_5417_54286,12388B,2100003000,Abrilada,"{""pbs_code"":""12388B"",""formulary"":""F2"",""brand_name"":""Abrilada"",""li_item_id"":""12388B_7270_1189_5417_54286"",""determined_price"":444.17}",,,normal,PBS listing was present in the previous schedule and is now absent.,2026-08-29T11:14:36.234Z
2815,1983062564,2092-01-01T00:00:00.000Z,delisted,12389C_21832_1189_43971_43973,12389C,2100003000,Humira,"{""pbs_code"":""12389C"",""formulary"":""F2"",""brand_name"":""Humira"",""li_item_id"":""12389C_21832_1189_43971_43973"",""determined_price"":444.17}",,,normal,PBS listing was present in the previous schedule and is now absent.,2026-08-29T11:14:36.234Z
2816,1983062564,2092-01-01T00:00:00.000Z,delisted,12389C_21832_1189_43971_55426,12389C,2100003000,Yuflyma,"{""pbs_code"":""12389C"",""formulary"":""F2"",""brand_name"":""Yuflyma"",""li_item_id"":""12389C_21832_1189_43971_55426"",""determined_price"":444.17}",,,normal,PBS listing was present in the previous schedule and is now absent.,2026-08-29T11:14:36.234Z
2817,1983062564,2092-01-01T00:00:00.000Z,delisted,12389C_21832_1189_43971_59132,12389C,2100003000,Hadlima,"{""pbs_code"":""12389C"",""formulary"":""F2"",""brand_name"":""Hadlima"",""li_item_id"":""12389C_21832_1189_43971_59132"",""determined_price"":444.17}",,,normal,PBS listing was present in the previous schedule and is now absent.,2026-08-29T11:14:36.234Z
2818,1983062564,2092-01-01T00:00:00.000Z,delisted,12389C_21832_1189_43971_59529,12389C,2100003000,Hyrimoz,"{""pbs_code"":""12389C"",""formulary"":""F2"",""brand_name"":""Hyrimoz"",""li_item_id"":""12389C_21832_1189_43971_59529"",""determined_price"":444.17}",,,normal,PBS listing was present in the previous schedule and is now absent.,2026-08-29T11:14:36.234Z
2819,1983062564,2092-01-01T00:00:00.000Z,delisted,12390D_21832_1189_43971_43973,12390D,2100003000,Humira,"{""pbs_code"":""12390D"",""formulary"":""F2"",""brand_name"":""Humira"",""li_item_id"":""12390D_21832_1189_43971_43973"",""determined_price"":444.17}",,,normal,PBS listing was present in the previous schedule and is now absent.,2026-08-29T11:14:36.234Z
2820,1983062564,2092-01-01T00:00:00.000Z,delisted,12390D_21832_1189_43971_55426,12390D,2100003000,Yuflyma,"{""pbs_code"":""12390D"",""formulary"":""F2"",""brand_name"":""Yuflyma"",""li_item_id"":""12390D_21832_1189_43971_55426"",""determined_price"":444.17}",,,normal,PBS listing was present in the previous schedule and is now absent.,2026-08-29T11:14:36.234Z
2821,1983062564,2092-01-01T00:00:00.000Z,delisted,12390D_21832_1189_43971_59132,12390D,2100003000,Hadlima,"{""pbs_code"":""12390D"",""formulary"":""F2"",""brand_name"":""Hadlima"",""li_item_id"":""12390D_21832_1189_43971_59132"",""determined_price"":444.17}",,,normal,PBS listing was present in the previous schedule and is now absent.,2026-08-29T11:14:36.234Z
2822,1983062564,2092-01-01T00:00:00.000Z,delisted,12390D_21832_1189_43971_59529,12390D,2100003000,Hyrimoz,"{""pbs_code"":""12390D"",""formulary"":""F2"",""brand_name"":""Hyrimoz"",""li_item_id"":""12390D_21832_1189_43971_59529"",""determined_price"":444.17}",,,normal,PBS listing was present in the previous schedule and is now absent.,2026-08-29T11:14:36.234Z
2823,1983062564,2092-01-01T00:00:00.000Z,delisted,12391E_21831_1189_43963_43965,12391E,2100003000,Humira,"{""pbs_code"":""12391E"",""formulary"":""F2"",""brand_name"":""Humira"",""li_item_id"":""12391E_21831_1189_43963_43965"",""determined_price"":444.17}",,,normal,PBS listing was present in the previous schedule and is now absent.,2026-08-29T11:14:36.234Z
2824,1983062564,2092-01-01T00:00:00.000Z,delisted,12391E_21831_1189_43963_55425,12391E,2100003000,Yuflyma,"{""pbs_code"":""12391E"",""formulary"":""F2"",""brand_name"":""Yuflyma"",""li_item_id"":""12391E_21831_1189_43963_55425"",""determined_price"":444.17}",,,normal,PBS listing was present in the previous schedule and is now absent.,2026-08-29T11:14:36.234Z
2825,1983062564,2092-01-01T00:00:00.000Z,delisted,12391E_21831_1189_43963_59133,12391E,2100003000,Hadlima,"{""pbs_code"":""12391E"",""formulary"":""F2"",""brand_name"":""Hadlima"",""li_item_id"":""12391E_21831_1189_43963_59133"",""determined_price"":444.17}",,,normal,PBS listing was present in the previous schedule and is now absent.,2026-08-29T11:14:36.234Z
2826,1983062564,2092-01-01T00:00:00.000Z,delisted,12391E_21831_1189_43963_59530,12391E,2100003000,Hyrimoz,"{""pbs_code"":""12391E"",""formulary"":""F2"",""brand_name"":""Hyrimoz"",""li_item_id"":""12391E_21831_1189_43963_59530"",""determined_price"":444.17}",,,normal,PBS listing was present in the previous schedule and is now absent.,2026-08-29T11:14:36.234Z
2827,1983062564,2092-01-01T00:00:00.000Z,delisted,12393G_22503_1189_45830_45834,12393G,2100003000,Humira,"{""pbs_code"":""12393G"",""formulary"":""F2"",""brand_name"":""Humira"",""li_item_id"":""12393G_22503_1189_45830_45834"",""determined_price"":618.9}",,,normal,PBS listing was present in the previous schedule and is now absent.,2026-08-29T11:14:36.234Z
2828,1983062564,2092-01-01T00:00:00.000Z,delisted,12393G_22503_1189_45830_59141,12393G,2100003000,Yuflyma,"{""pbs_code"":""12393G"",""formulary"":""F2"",""brand_name"":""Yuflyma"",""li_item_id"":""12393G_22503_1189_45830_59141"",""determined_price"":618.9}",,,normal,PBS listing was present in the previous schedule and is now absent.,2026-08-29T11:14:36.234Z
2829,1983062564,2092-01-01T00:00:00.000Z,delisted,12394H_22503_1189_45830_45834,12394H,2100003000,Humira,"{""pbs_code"":""12394H"",""formulary"":""F2"",""brand_name"":""Humira"",""li_item_id"":""12394H_22503_1189_45830_45834"",""determined_price"":618.9}",,,normal,PBS listing was present in the previous schedule and is now absent.,2026-08-29T11:14:36.234Z
2830,1983062564,2092-01-01T00:00:00.000Z,delisted,12394H_22503_1189_45830_59141,12394H,2100003000,Yuflyma,"{""pbs_code"":""12394H"",""formulary"":""F2"",""brand_name"":""Yuflyma"",""li_item_id"":""12394H_22503_1189_45830_59141"",""determined_price"":618.9}",,,normal,PBS listing was present in the previous schedule and is now absent.,2026-08-29T11:14:36.234Z
2831,1983062564,2092-01-01T00:00:00.000Z,delisted,12395J_22503_1189_45830_45834,12395J,2100003000,Humira,"{""pbs_code"":""12395J"",""formulary"":""F2"",""brand_name"":""Humira"",""li_item_id"":""12395J_22503_1189_45830_45834"",""determined_price"":618.9}",,,normal,PBS listing was present in the previous schedule and is now absent.,2026-08-29T11:14:36.234Z
2832,1983062564,2092-01-01T00:00:00.000Z,delisted,12395J_22503_1189_45830_59141,12395J,2100003000,Yuflyma,"{""pbs_code"":""12395J"",""formulary"":""F2"",""brand_name"":""Yuflyma"",""li_item_id"":""12395J_22503_1189_45830_59141"",""determined_price"":618.9}",,,normal,PBS listing was present in the previous schedule and is now absent.,2026-08-29T11:14:36.234Z
2833,1983062564,2092-01-01T00:00:00.000Z,delisted,12396K_21831_1189_43963_43965,12396K,2100003000,Humira,"{""pbs_code"":""12396K"",""formulary"":""F2"",""brand_name"":""Humira"",""li_item_id"":""12396K_21831_1189_43963_43965"",""determined_price"":444.17}",,,normal,PBS listing was present in the previous schedule and is now absent.,2026-08-29T11:14:36.234Z
2834,1983062564,2092-01-01T00:00:00.000Z,delisted,12396K_21831_1189_43963_55425,12396K,2100003000,Yuflyma,"{""pbs_code"":""12396K"",""formulary"":""F2"",""brand_name"":""Yuflyma"",""li_item_id"":""12396K_21831_1189_43963_55425"",""determined_price"":444.17}",,,normal,PBS listing was present in the previous schedule and is now absent.,2026-08-29T11:14:36.234Z
2835,1983062564,2092-01-01T00:00:00.000Z,delisted,12396K_21831_1189_43963_59133,12396K,2100003000,Hadlima,"{""pbs_code"":""12396K"",""formulary"":""F2"",""brand_name"":""Hadlima"",""li_item_id"":""12396K_21831_1189_43963_59133"",""determined_price"":444.17}",,,normal,PBS listing was present in the previous schedule and is now absent.,2026-08-29T11:14:36.234Z
2836,1983062564,2092-01-01T00:00:00.000Z,delisted,12396K_21831_1189_43963_59530,12396K,2100003000,Hyrimoz,"{""pbs_code"":""12396K"",""formulary"":""F2"",""brand_name"":""Hyrimoz"",""li_item_id"":""12396K_21831_1189_43963_59530"",""determined_price"":444.17}",,,normal,PBS listing was present in the previous schedule and is now absent.,2026-08-29T11:14:36.234Z
2837,1983062564,2092-01-01T00:00:00.000Z,delisted,12397L_21831_1189_43963_43965,12397L,2100003000,Humira,"{""pbs_code"":""12397L"",""formulary"":""F2"",""brand_name"":""Humira"",""li_item_id"":""12397L_21831_1189_43963_43965"",""determined_price"":444.17}",,,normal,PBS listing was present in the previous schedule and is now absent.,2026-08-29T11:14:36.234Z
2838,1983062564,2092-01-01T00:00:00.000Z,delisted,12397L_21831_1189_43963_55425,12397L,2100003000,Yuflyma,"{""pbs_code"":""12397L"",""formulary"":""F2"",""brand_name"":""Yuflyma"",""li_item_id"":""12397L_21831_1189_43963_55425"",""determined_price"":444.17}",,,normal,PBS listing was present in the previous schedule and is now absent.,2026-08-29T11:14:36.234Z
2839,1983062564,2092-01-01T00:00:00.000Z,delisted,12397L_21831_1189_43963_59133,12397L,2100003000,Hadlima,"{""pbs_code"":""12397L"",""formulary"":""F2"",""brand_name"":""Hadlima"",""li_item_id"":""12397L_21831_1189_43963_59133"",""determined_price"":444.17}",,,normal,PBS listing was present in the previous schedule and is now absent.,2026-08-29T11:14:36.234Z
2840,1983062564,2092-01-01T00:00:00.000Z,delisted,12397L_21831_1189_43963_59530,12397L,2100003000,Hyrimoz,"{""pbs_code"":""12397L"",""formulary"":""F2"",""brand_name"":""Hyrimoz"",""li_item_id"":""12397L_21831_1189_43963_59530"",""determined_price"":444.17}",,,normal,PBS listing was present in the previous schedule and is now absent.,2026-08-29T11:14:36.234Z
2841,1983062564,2092-01-01T00:00:00.000Z,delisted,12398M_21831_1189_43963_43965,12398M,2100003000,Humira,"{""pbs_code"":""12398M"",""formulary"":""F2"",""brand_name"":""Humira"",""li_item_id"":""12398M_21831_1189_43963_43965"",""determined_price"":444.17}",,,normal,PBS listing was present in the previous schedule and is now absent.,2026-08-29T11:14:36.234Z
2842,1983062564,2092-01-01T00:00:00.000Z,delisted,12398M_21831_1189_43963_55425,12398M,2100003000,Yuflyma,"{""pbs_code"":""12398M"",""formulary"":""F2"",""brand_name"":""Yuflyma"",""li_item_id"":""12398M_21831_1189_43963_55425"",""determined_price"":444.17}",,,normal,PBS listing was present in the previous schedule and is now absent.,2026-08-29T11:14:36.234Z
2843,1983062564,2092-01-01T00:00:00.000Z,delisted,12398M_21831_1189_43963_59133,12398M,2100003000,Hadlima,"{""pbs_code"":""12398M"",""formulary"":""F2"",""brand_name"":""Hadlima"",""li_item_id"":""12398M_21831_1189_43963_59133"",""determined_price"":444.17}",,,normal,PBS listing was present in the previous schedule and is now absent.,2026-08-29T11:14:36.234Z
2844,1983062564,2092-01-01T00:00:00.000Z,delisted,12398M_21831_1189_43963_59530,12398M,2100003000,Hyrimoz,"{""pbs_code"":""12398M"",""formulary"":""F2"",""brand_name"":""Hyrimoz"",""li_item_id"":""12398M_21831_1189_43963_59530"",""determined_price"":444.17}",,,normal,PBS listing was present in the previous schedule and is now absent.,2026-08-29T11:14:36.234Z
2845,1983062564,2092-01-01T00:00:00.000Z,delisted,12399N_21831_1189_43963_43965,12399N,2100003000,Humira,"{""pbs_code"":""12399N"",""formulary"":""F2"",""brand_name"":""Humira"",""li_item_id"":""12399N_21831_1189_43963_43965"",""determined_price"":444.17}",,,normal,PBS listing was present in the previous schedule and is now absent.,2026-08-29T11:14:36.234Z
2846,1983062564,2092-01-01T00:00:00.000Z,delisted,12399N_21831_1189_43963_55425,12399N,2100003000,Yuflyma,"{""pbs_code"":""12399N"",""formulary"":""F2"",""brand_name"":""Yuflyma"",""li_item_id"":""12399N_21831_1189_43963_55425"",""determined_price"":444.17}",,,normal,PBS listing was present in the previous schedule and is now absent.,2026-08-29T11:14:36.234Z
2847,1983062564,2092-01-01T00:00:00.000Z,delisted,12399N_21831_1189_43963_59133,12399N,2100003000,Hadlima,"{""pbs_code"":""12399N"",""formulary"":""F2"",""brand_name"":""Hadlima"",""li_item_id"":""12399N_21831_1189_43963_59133"",""determined_price"":444.17}",,,normal,PBS listing was present in the previous schedule and is now absent.,2026-08-29T11:14:36.234Z
2848,1983062564,2092-01-01T00:00:00.000Z,delisted,12399N_21831_1189_43963_59530,12399N,2100003000,Hyrimoz,"{""pbs_code"":""12399N"",""formulary"":""F2"",""brand_name"":""Hyrimoz"",""li_item_id"":""12399N_21831_1189_43963_59530"",""determined_price"":444.17}",,,normal,PBS listing was present in the previous schedule and is now absent.,2026-08-29T11:14:36.234Z
2849,1983062564,2092-01-01T00:00:00.000Z,delisted,12400P_21831_1189_43963_43965,12400P,2100003000,Humira,"{""pbs_code"":""12400P"",""formulary"":""F2"",""brand_name"":""Humira"",""li_item_id"":""12400P_21831_1189_43963_43965"",""determined_price"":444.17}",,,normal,PBS listing was present in the previous schedule and is now absent.,2026-08-29T11:14:36.234Z
2850,1983062564,2092-01-01T00:00:00.000Z,delisted,12400P_21831_1189_43963_55425,12400P,2100003000,Yuflyma,"{""pbs_code"":""12400P"",""formulary"":""F2"",""brand_name"":""Yuflyma"",""li_item_id"":""12400P_21831_1189_43963_55425"",""determined_price"":444.17}",,,normal,PBS listing was present in the previous schedule and is now absent.,2026-08-29T11:14:36.234Z
2851,1983062564,2092-01-01T00:00:00.000Z,delisted,12400P_21831_1189_43963_59133,12400P,2100003000,Hadlima,"{""pbs_code"":""12400P"",""formulary"":""F2"",""brand_name"":""Hadlima"",""li_item_id"":""12400P_21831_1189_43963_59133"",""determined_price"":444.17}",,,normal,PBS listing was present in the previous schedule and is now absent.,2026-08-29T11:14:36.234Z
2852,1983062564,2092-01-01T00:00:00.000Z,delisted,12400P_21831_1189_43963_59530,12400P,2100003000,Hyrimoz,"{""pbs_code"":""12400P"",""formulary"":""F2"",""brand_name"":""Hyrimoz"",""li_item_id"":""12400P_21831_1189_43963_59530"",""determined_price"":444.17}",,,normal,PBS listing was present in the previous schedule and is now absent.,2026-08-29T11:14:36.234Z
2853,1983062564,2092-01-01T00:00:00.000Z,delisted,12401Q_7270_1189_5417_49267,12401Q,2100003000,Hyrimoz,"{""pbs_code"":""12401Q"",""formulary"":""F2"",""brand_name"":""Hyrimoz"",""li_item_id"":""12401Q_7270_1189_5417_49267"",""determined_price"":444.17}",,,normal,PBS listing was present in the previous schedule and is now absent.,2026-08-29T11:14:36.234Z
2854,1983062564,2092-01-01T00:00:00.000Z,delisted,12401Q_7270_1189_5417_50918,12401Q,2100003000,Hadlima,"{""pbs_code"":""12401Q"",""formulary"":""F2"",""brand_name"":""Hadlima"",""li_item_id"":""12401Q_7270_1189_5417_50918"",""determined_price"":444.17}",,,normal,PBS listing was present in the previous schedule and is now absent.,2026-08-29T11:14:36.234Z
2855,1983062564,2092-01-01T00:00:00.000Z,delisted,12401Q_7270_1189_5417_51588,12401Q,2100003000,Amgevita,"{""pbs_code"":""12401Q"",""formulary"":""F2"",""brand_name"":""Amgevita"",""li_item_id"":""12401Q_7270_1189_5417_51588"",""determined_price"":444.17}",,,normal,PBS listing was present in the previous schedule and is now absent.,2026-08-29T11:14:36.234Z
2856,1983062564,2092-01-01T00:00:00.000Z,delisted,12401Q_7270_1189_5417_54286,12401Q,2100003000,Abrilada,"{""pbs_code"":""12401Q"",""formulary"":""F2"",""brand_name"":""Abrilada"",""li_item_id"":""12401Q_7270_1189_5417_54286"",""determined_price"":444.17}",,,normal,PBS listing was present in the previous schedule and is now absent.,2026-08-29T11:14:36.234Z
2857,1983062564,2092-01-01T00:00:00.000Z,delisted,12402R_7270_1189_5417_49267,12402R,2100003000,Hyrimoz,"{""pbs_code"":""12402R"",""formulary"":""F2"",""brand_name"":""Hyrimoz"",""li_item_id"":""12402R_7270_1189_5417_49267"",""determined_price"":444.17}",,,normal,PBS listing was present in the previous schedule and is now absent.,2026-08-29T11:14:36.234Z
2858,1983062564,2092-01-01T00:00:00.000Z,delisted,12402R_7270_1189_5417_50918,12402R,2100003000,Hadlima,"{""pbs_code"":""12402R"",""formulary"":""F2"",""brand_name"":""Hadlima"",""li_item_id"":""12402R_7270_1189_5417_50918"",""determined_price"":444.17}",,,normal,PBS listing was present in the previous schedule and is now absent.,2026-08-29T11:14:36.234Z
2859,1983062564,2092-01-01T00:00:00.000Z,delisted,12402R_7270_1189_5417_51588,12402R,2100003000,Amgevita,"{""pbs_code"":""12402R"",""formulary"":""F2"",""brand_name"":""Amgevita"",""li_item_id"":""12402R_7270_1189_5417_51588"",""determined_price"":444.17}",,,normal,PBS listing was present in the previous schedule and is now absent.,2026-08-29T11:14:36.234Z
2860,1983062564,2092-01-01T00:00:00.000Z,delisted,12402R_7270_1189_5417_54286,12402R,2100003000,Abrilada,"{""pbs_code"":""12402R"",""formulary"":""F2"",""brand_name"":""Abrilada"",""li_item_id"":""12402R_7270_1189_5417_54286"",""determined_price"":444.17}",,,normal,PBS listing was present in the previous schedule and is now absent.,2026-08-29T11:14:36.234Z
2861,1983062564,2092-01-01T00:00:00.000Z,delisted,12403T_7270_1189_5417_49267,12403T,2100003000,Hyrimoz,"{""pbs_code"":""12403T"",""formulary"":""F2"",""brand_name"":""Hyrimoz"",""li_item_id"":""12403T_7270_1189_5417_49267"",""determined_price"":444.17}",,,normal,PBS listing was present in the previous schedule and is now absent.,2026-08-29T11:14:36.234Z
2862,1983062564,2092-01-01T00:00:00.000Z,delisted,12403T_7270_1189_5417_50918,12403T,2100003000,Hadlima,"{""pbs_code"":""12403T"",""formulary"":""F2"",""brand_name"":""Hadlima"",""li_item_id"":""12403T_7270_1189_5417_50918"",""determined_price"":444.17}",,,normal,PBS listing was present in the previous schedule and is now absent.,2026-08-29T11:14:36.234Z
2863,1983062564,2092-01-01T00:00:00.000Z,delisted,12403T_7270_1189_5417_51588,12403T,2100003000,Amgevita,"{""pbs_code"":""12403T"",""formulary"":""F2"",""brand_name"":""Amgevita"",""li_item_id"":""12403T_7270_1189_5417_51588"",""determined_price"":444.17}",,,normal,PBS listing was present in the previous schedule and is now absent.,2026-08-29T11:14:36.234Z
2864,1983062564,2092-01-01T00:00:00.000Z,delisted,12403T_7270_1189_5417_54286,12403T,2100003000,Abrilada,"{""pbs_code"":""12403T"",""formulary"":""F2"",""brand_name"":""Abrilada"",""li_item_id"":""12403T_7270_1189_5417_54286"",""determined_price"":444.17}",,,normal,PBS listing was present in the previous schedule and is now absent.,2026-08-29T11:14:36.234Z
2865,1983062564,2092-01-01T00:00:00.000Z,delisted,12405X_21831_1189_43963_43965,12405X,2100003000,Humira,"{""pbs_code"":""12405X"",""formulary"":""F2"",""brand_name"":""Humira"",""li_item_id"":""12405X_21831_1189_43963_43965"",""determined_price"":444.17}",,,normal,PBS listing was present in the previous schedule and is now absent.,2026-08-29T11:14:36.234Z
2866,1983062564,2092-01-01T00:00:00.000Z,delisted,12405X_21831_1189_43963_55425,12405X,2100003000,Yuflyma,"{""pbs_code"":""12405X"",""formulary"":""F2"",""brand_name"":""Yuflyma"",""li_item_id"":""12405X_21831_1189_43963_55425"",""determined_price"":444.17}",,,normal,PBS listing was present in the previous schedule and is now absent.,2026-08-29T11:14:36.234Z
2867,1983062564,2092-01-01T00:00:00.000Z,delisted,12405X_21831_1189_43963_59133,12405X,2100003000,Hadlima,"{""pbs_code"":""12405X"",""formulary"":""F2"",""brand_name"":""Hadlima"",""li_item_id"":""12405X_21831_1189_43963_59133"",""determined_price"":444.17}",,,normal,PBS listing was present in the previous schedule and is now absent.,2026-08-29T11:14:36.234Z
2868,1983062564,2092-01-01T00:00:00.000Z,delisted,12405X_21831_1189_43963_59530,12405X,2100003000,Hyrimoz,"{""pbs_code"":""12405X"",""formulary"":""F2"",""brand_name"":""Hyrimoz"",""li_item_id"":""12405X_21831_1189_43963_59530"",""determined_price"":444.17}",,,normal,PBS listing was present in the previous schedule and is now absent.,2026-08-29T11:14:36.234Z
2869,1983062564,2092-01-01T00:00:00.000Z,delisted,12406Y_22501_1189_45820_45824,12406Y,2100003000,Humira,"{""pbs_code"":""12406Y"",""formulary"":""F2"",""brand_name"":""Humira"",""li_item_id"":""12406Y_22501_1189_45820_45824"",""determined_price"":567.42}",,,normal,PBS listing was present in the previous schedule and is now absent.,2026-08-29T11:14:36.234Z
2870,1983062564,2092-01-01T00:00:00.000Z,delisted,12407B_22501_1189_45820_45824,12407B,2100003000,Humira,"{""pbs_code"":""12407B"",""formulary"":""F2"",""brand_name"":""Humira"",""li_item_id"":""12407B_22501_1189_45820_45824"",""determined_price"":567.42}",,,normal,PBS listing was present in the previous schedule and is now absent.,2026-08-29T11:14:36.234Z
2871,1983062564,2092-01-01T00:00:00.000Z,delisted,12408C_22503_1189_45830_45834,12408C,2100003000,Humira,"{""pbs_code"":""12408C"",""formulary"":""F2"",""brand_name"":""Humira"",""li_item_id"":""12408C_22503_1189_45830_45834"",""determined_price"":618.9}",,,normal,PBS listing was present in the previous schedule and is now absent.,2026-08-29T11:14:36.234Z
2872,1983062564,2092-01-01T00:00:00.000Z,delisted,12408C_22503_1189_45830_59141,12408C,2100003000,Yuflyma,"{""pbs_code"":""12408C"",""formulary"":""F2"",""brand_name"":""Yuflyma"",""li_item_id"":""12408C_22503_1189_45830_59141"",""determined_price"":618.9}",,,normal,PBS listing was present in the previous schedule and is now absent.,2026-08-29T11:14:36.234Z
2873,1983062564,2092-01-01T00:00:00.000Z,delisted,12409D_22503_1189_45830_45834,12409D,2100003000,Humira,"{""pbs_code"":""12409D"",""formulary"":""F2"",""brand_name"":""Humira"",""li_item_id"":""12409D_22503_1189_45830_45834"",""determined_price"":618.9}",,,normal,PBS listing was present in the previous schedule and is now absent.,2026-08-29T11:14:36.234Z
2874,1983062564,2092-01-01T00:00:00.000Z,delisted,12409D_22503_1189_45830_59141,12409D,2100003000,Yuflyma,"{""pbs_code"":""12409D"",""formulary"":""F2"",""brand_name"":""Yuflyma"",""li_item_id"":""12409D_22503_1189_45830_59141"",""determined_price"":618.9}",,,normal,PBS listing was present in the previous schedule and is now absent.,2026-08-29T11:14:36.234Z
2875,1983062564,2092-01-01T00:00:00.000Z,delisted,12410E_21831_1189_43963_43965,12410E,2100003000,Humira,"{""pbs_code"":""12410E"",""formulary"":""F2"",""brand_name"":""Humira"",""li_item_id"":""12410E_21831_1189_43963_43965"",""determined_price"":444.17}",,,normal,PBS listing was present in the previous schedule and is now absent.,2026-08-29T11:14:36.234Z
2876,1983062564,2092-01-01T00:00:00.000Z,delisted,12410E_21831_1189_43963_55425,12410E,2100003000,Yuflyma,"{""pbs_code"":""12410E"",""formulary"":""F2"",""brand_name"":""Yuflyma"",""li_item_id"":""12410E_21831_1189_43963_55425"",""determined_price"":444.17}",,,normal,PBS listing was present in the previous schedule and is now absent.,2026-08-29T11:14:36.234Z
2877,1983062564,2092-01-01T00:00:00.000Z,delisted,12410E_21831_1189_43963_59133,12410E,2100003000,Hadlima,"{""pbs_code"":""12410E"",""formulary"":""F2"",""brand_name"":""Hadlima"",""li_item_id"":""12410E_21831_1189_43963_59133"",""determined_price"":444.17}",,,normal,PBS listing was present in the previous schedule and is now absent.,2026-08-29T11:14:36.234Z
2878,1983062564,2092-01-01T00:00:00.000Z,delisted,12410E_21831_1189_43963_59530,12410E,2100003000,Hyrimoz,"{""pbs_code"":""12410E"",""formulary"":""F2"",""brand_name"":""Hyrimoz"",""li_item_id"":""12410E_21831_1189_43963_59530"",""determined_price"":444.17}",,,normal,PBS listing was present in the previous schedule and is now absent.,2026-08-29T11:14:36.234Z
2879,1983062564,2092-01-01T00:00:00.000Z,delisted,12411F_21832_1189_43971_43973,12411F,2100003000,Humira,"{""pbs_code"":""12411F"",""formulary"":""F2"",""brand_name"":""Humira"",""li_item_id"":""12411F_21832_1189_43971_43973"",""determined_price"":444.17}",,,normal,PBS listing was present in the previous schedule and is now absent.,2026-08-29T11:14:36.234Z
2880,1983062564,2092-01-01T00:00:00.000Z,delisted,12411F_21832_1189_43971_55426,12411F,2100003000,Yuflyma,"{""pbs_code"":""12411F"",""formulary"":""F2"",""brand_name"":""Yuflyma"",""li_item_id"":""12411F_21832_1189_43971_55426"",""determined_price"":444.17}",,,normal,PBS listing was present in the previous schedule and is now absent.,2026-08-29T11:14:36.234Z
2881,1983062564,2092-01-01T00:00:00.000Z,delisted,12411F_21832_1189_43971_59132,12411F,2100003000,Hadlima,"{""pbs_code"":""12411F"",""formulary"":""F2"",""brand_name"":""Hadlima"",""li_item_id"":""12411F_21832_1189_43971_59132"",""determined_price"":444.17}",,,normal,PBS listing was present in the previous schedule and is now absent.,2026-08-29T11:14:36.234Z
2882,1983062564,2092-01-01T00:00:00.000Z,delisted,12411F_21832_1189_43971_59529,12411F,2100003000,Hyrimoz,"{""pbs_code"":""12411F"",""formulary"":""F2"",""brand_name"":""Hyrimoz"",""li_item_id"":""12411F_21832_1189_43971_59529"",""determined_price"":444.17}",,,normal,PBS listing was present in the previous schedule and is now absent.,2026-08-29T11:14:36.234Z
2883,1983062564,2092-01-01T00:00:00.000Z,delisted,12412G_21832_1189_43971_43973,12412G,2100003000,Humira,"{""pbs_code"":""12412G"",""formulary"":""F2"",""brand_name"":""Humira"",""li_item_id"":""12412G_21832_1189_43971_43973"",""determined_price"":444.17}",,,normal,PBS listing was present in the previous schedule and is now absent.,2026-08-29T11:14:36.234Z
2884,1983062564,2092-01-01T00:00:00.000Z,delisted,12412G_21832_1189_43971_55426,12412G,2100003000,Yuflyma,"{""pbs_code"":""12412G"",""formulary"":""F2"",""brand_name"":""Yuflyma"",""li_item_id"":""12412G_21832_1189_43971_55426"",""determined_price"":444.17}",,,normal,PBS listing was present in the previous schedule and is now absent.,2026-08-29T11:14:36.234Z
2885,1983062564,2092-01-01T00:00:00.000Z,delisted,12412G_21832_1189_43971_59132,12412G,2100003000,Hadlima,"{""pbs_code"":""12412G"",""formulary"":""F2"",""brand_name"":""Hadlima"",""li_item_id"":""12412G_21832_1189_43971_59132"",""determined_price"":444.17}",,,normal,PBS listing was present in the previous schedule and is now absent.,2026-08-29T11:14:36.234Z
2886,1983062564,2092-01-01T00:00:00.000Z,delisted,12412G_21832_1189_43971_59529,12412G,2100003000,Hyrimoz,"{""pbs_code"":""12412G"",""formulary"":""F2"",""brand_name"":""Hyrimoz"",""li_item_id"":""12412G_21832_1189_43971_59529"",""determined_price"":444.17}",,,normal,PBS listing was present in the previous schedule and is now absent.,2026-08-29T11:14:36.234Z
2887,1983062564,2092-01-01T00:00:00.000Z,delisted,12413H_21831_1189_43963_43965,12413H,2100003000,Humira,"{""pbs_code"":""12413H"",""formulary"":""F2"",""brand_name"":""Humira"",""li_item_id"":""12413H_21831_1189_43963_43965"",""determined_price"":444.17}",,,normal,PBS listing was present in the previous schedule and is now absent.,2026-08-29T11:14:36.234Z
2888,1983062564,2092-01-01T00:00:00.000Z,delisted,12413H_21831_1189_43963_55425,12413H,2100003000,Yuflyma,"{""pbs_code"":""12413H"",""formulary"":""F2"",""brand_name"":""Yuflyma"",""li_item_id"":""12413H_21831_1189_43963_55425"",""determined_price"":444.17}",,,normal,PBS listing was present in the previous schedule and is now absent.,2026-08-29T11:14:36.234Z
2889,1983062564,2092-01-01T00:00:00.000Z,delisted,12413H_21831_1189_43963_59133,12413H,2100003000,Hadlima,"{""pbs_code"":""12413H"",""formulary"":""F2"",""brand_name"":""Hadlima"",""li_item_id"":""12413H_21831_1189_43963_59133"",""determined_price"":444.17}",,,normal,PBS listing was present in the previous schedule and is now absent.,2026-08-29T11:14:36.234Z
2890,1983062564,2092-01-01T00:00:00.000Z,delisted,12413H_21831_1189_43963_59530,12413H,2100003000,Hyrimoz,"{""pbs_code"":""12413H"",""formulary"":""F2"",""brand_name"":""Hyrimoz"",""li_item_id"":""12413H_21831_1189_43963_59530"",""determined_price"":444.17}",,,normal,PBS listing was present in the previous schedule and is now absent.,2026-08-29T11:14:36.234Z
2891,1983062564,2092-01-01T00:00:00.000Z,delisted,12414J_21832_1189_43971_43973,12414J,2100003000,Humira,"{""pbs_code"":""12414J"",""formulary"":""F2"",""brand_name"":""Humira"",""li_item_id"":""12414J_21832_1189_43971_43973"",""determined_price"":444.17}",,,normal,PBS listing was present in the previous schedule and is now absent.,2026-08-29T11:14:36.234Z
2892,1983062564,2092-01-01T00:00:00.000Z,delisted,12414J_21832_1189_43971_55426,12414J,2100003000,Yuflyma,"{""pbs_code"":""12414J"",""formulary"":""F2"",""brand_name"":""Yuflyma"",""li_item_id"":""12414J_21832_1189_43971_55426"",""determined_price"":444.17}",,,normal,PBS listing was present in the previous schedule and is now absent.,2026-08-29T11:14:36.234Z
2893,1983062564,2092-01-01T00:00:00.000Z,delisted,12414J_21832_1189_43971_59132,12414J,2100003000,Hadlima,"{""pbs_code"":""12414J"",""formulary"":""F2"",""brand_name"":""Hadlima"",""li_item_id"":""12414J_21832_1189_43971_59132"",""determined_price"":444.17}",,,normal,PBS listing was present in the previous schedule and is now absent.,2026-08-29T11:14:36.234Z
2894,1983062564,2092-01-01T00:00:00.000Z,delisted,12414J_21832_1189_43971_59529,12414J,2100003000,Hyrimoz,"{""pbs_code"":""12414J"",""formulary"":""F2"",""brand_name"":""Hyrimoz"",""li_item_id"":""12414J_21832_1189_43971_59529"",""determined_price"":444.17}",,,normal,PBS listing was present in the previous schedule and is now absent.,2026-08-29T11:14:36.234Z
2895,1983062564,2092-01-01T00:00:00.000Z,delisted,12415K_7270_1189_5417_49267,12415K,2100003000,Hyrimoz,"{""pbs_code"":""12415K"",""formulary"":""F2"",""brand_name"":""Hyrimoz"",""li_item_id"":""12415K_7270_1189_5417_49267"",""determined_price"":444.17}",,,normal,PBS listing was present in the previous schedule and is now absent.,2026-08-29T11:14:36.234Z
2896,1983062564,2092-01-01T00:00:00.000Z,delisted,12415K_7270_1189_5417_50918,12415K,2100003000,Hadlima,"{""pbs_code"":""12415K"",""formulary"":""F2"",""brand_name"":""Hadlima"",""li_item_id"":""12415K_7270_1189_5417_50918"",""determined_price"":444.17}",,,normal,PBS listing was present in the previous schedule and is now absent.,2026-08-29T11:14:36.234Z
2897,1983062564,2092-01-01T00:00:00.000Z,delisted,12415K_7270_1189_5417_51588,12415K,2100003000,Amgevita,"{""pbs_code"":""12415K"",""formulary"":""F2"",""brand_name"":""Amgevita"",""li_item_id"":""12415K_7270_1189_5417_51588"",""determined_price"":444.17}",,,normal,PBS listing was present in the previous schedule and is now absent.,2026-08-29T11:14:36.234Z
2898,1983062564,2092-01-01T00:00:00.000Z,delisted,12415K_7270_1189_5417_54286,12415K,2100003000,Abrilada,"{""pbs_code"":""12415K"",""formulary"":""F2"",""brand_name"":""Abrilada"",""li_item_id"":""12415K_7270_1189_5417_54286"",""determined_price"":444.17}",,,normal,PBS listing was present in the previous schedule and is now absent.,2026-08-29T11:14:36.234Z
2899,1983062564,2092-01-01T00:00:00.000Z,delisted,12416L_10037_1189_5419_45576,12416L,2100003000,Hadlima,"{""pbs_code"":""12416L"",""formulary"":""F2"",""brand_name"":""Hadlima"",""li_item_id"":""12416L_10037_1189_5419_45576"",""determined_price"":444.17}",,,normal,PBS listing was present in the previous schedule and is now absent.,2026-08-29T11:14:36.234Z
2900,1983062564,2092-01-01T00:00:00.000Z,delisted,12416L_10037_1189_5419_45951,12416L,2100003000,Amgevita,"{""pbs_code"":""12416L"",""formulary"":""F2"",""brand_name"":""Amgevita"",""li_item_id"":""12416L_10037_1189_5419_45951"",""determined_price"":444.17}",,,normal,PBS listing was present in the previous schedule and is now absent.,2026-08-29T11:14:36.234Z
2901,1983062564,2092-01-01T00:00:00.000Z,delisted,12416L_10037_1189_5419_49269,12416L,2100003000,Hyrimoz,"{""pbs_code"":""12416L"",""formulary"":""F2"",""brand_name"":""Hyrimoz"",""li_item_id"":""12416L_10037_1189_5419_49269"",""determined_price"":444.17}",,,normal,PBS listing was present in the previous schedule and is now absent.,2026-08-29T11:14:36.234Z
2902,1983062564,2092-01-01T00:00:00.000Z,delisted,12417M_7444_1189_51604_51606,12417M,2100003000,Amgevita,"{""pbs_code"":""12417M"",""formulary"":""F2"",""brand_name"":""Amgevita"",""li_item_id"":""12417M_7444_1189_51604_51606"",""determined_price"":272.84}",,,normal,PBS listing was present in the previous schedule and is now absent.,2026-08-29T11:14:36.234Z
2903,1983062564,2092-01-01T00:00:00.000Z,delisted,12419P_22502_1189_45825_45829,12419P,2100003000,Humira,"{""pbs_code"":""12419P"",""formulary"":""F2"",""brand_name"":""Humira"",""li_item_id"":""12419P_22502_1189_45825_45829"",""determined_price"":618.9}",,,normal,PBS listing was present in the previous schedule and is now absent.,2026-08-29T11:14:36.234Z
2904,1983062564,2092-01-01T00:00:00.000Z,delisted,12419P_22502_1189_45825_59140,12419P,2100003000,Yuflyma,"{""pbs_code"":""12419P"",""formulary"":""F2"",""brand_name"":""Yuflyma"",""li_item_id"":""12419P_22502_1189_45825_59140"",""determined_price"":618.9}",,,normal,PBS listing was present in the previous schedule and is now absent.,2026-08-29T11:14:36.234Z
2905,1983062564,2092-01-01T00:00:00.000Z,delisted,12419P_22502_1189_45825_59531,12419P,2100003000,Hyrimoz,"{""pbs_code"":""12419P"",""formulary"":""F2"",""brand_name"":""Hyrimoz"",""li_item_id"":""12419P_22502_1189_45825_59531"",""determined_price"":618.9}",,,normal,PBS listing was present in the previous schedule and is now absent.,2026-08-29T11:14:36.234Z
2906,1983062564,2092-01-01T00:00:00.000Z,delisted,12420Q_7270_1189_5417_49267,12420Q,2100003000,Hyrimoz,"{""pbs_code"":""12420Q"",""formulary"":""F2"",""brand_name"":""Hyrimoz"",""li_item_id"":""12420Q_7270_1189_5417_49267"",""determined_price"":444.17}",,,normal,PBS listing was present in the previous schedule and is now absent.,2026-08-29T11:14:36.234Z
2907,1983062564,2092-01-01T00:00:00.000Z,delisted,12420Q_7270_1189_5417_50918,12420Q,2100003000,Hadlima,"{""pbs_code"":""12420Q"",""formulary"":""F2"",""brand_name"":""Hadlima"",""li_item_id"":""12420Q_7270_1189_5417_50918"",""determined_price"":444.17}",,,normal,PBS listing was present in the previous schedule and is now absent.,2026-08-29T11:14:36.234Z
2908,1983062564,2092-01-01T00:00:00.000Z,delisted,12420Q_7270_1189_5417_51588,12420Q,2100003000,Amgevita,"{""pbs_code"":""12420Q"",""formulary"":""F2"",""brand_name"":""Amgevita"",""li_item_id"":""12420Q_7270_1189_5417_51588"",""determined_price"":444.17}",,,normal,PBS listing was present in the previous schedule and is now absent.,2026-08-29T11:14:36.234Z
2909,1983062564,2092-01-01T00:00:00.000Z,delisted,12420Q_7270_1189_5417_54286,12420Q,2100003000,Abrilada,"{""pbs_code"":""12420Q"",""formulary"":""F2"",""brand_name"":""Abrilada"",""li_item_id"":""12420Q_7270_1189_5417_54286"",""determined_price"":444.17}",,,normal,PBS listing was present in the previous schedule and is now absent.,2026-08-29T11:14:36.234Z
2910,1983062564,2092-01-01T00:00:00.000Z,delisted,12421R_21831_1189_43963_43965,12421R,2100003000,Humira,"{""pbs_code"":""12421R"",""formulary"":""F2"",""brand_name"":""Humira"",""li_item_id"":""12421R_21831_1189_43963_43965"",""determined_price"":444.17}",,,normal,PBS listing was present in the previous schedule and is now absent.,2026-08-29T11:14:36.234Z
2911,1983062564,2092-01-01T00:00:00.000Z,delisted,12421R_21831_1189_43963_55425,12421R,2100003000,Yuflyma,"{""pbs_code"":""12421R"",""formulary"":""F2"",""brand_name"":""Yuflyma"",""li_item_id"":""12421R_21831_1189_43963_55425"",""determined_price"":444.17}",,,normal,PBS listing was present in the previous schedule and is now absent.,2026-08-29T11:14:36.234Z
2912,1983062564,2092-01-01T00:00:00.000Z,delisted,12421R_21831_1189_43963_59133,12421R,2100003000,Hadlima,"{""pbs_code"":""12421R"",""formulary"":""F2"",""brand_name"":""Hadlima"",""li_item_id"":""12421R_21831_1189_43963_59133"",""determined_price"":444.17}",,,normal,PBS listing was present in the previous schedule and is now absent.,2026-08-29T11:14:36.234Z
2913,1983062564,2092-01-01T00:00:00.000Z,delisted,12421R_21831_1189_43963_59530,12421R,2100003000,Hyrimoz,"{""pbs_code"":""12421R"",""formulary"":""F2"",""brand_name"":""Hyrimoz"",""li_item_id"":""12421R_21831_1189_43963_59530"",""determined_price"":444.17}",,,normal,PBS listing was present in the previous schedule and is now absent.,2026-08-29T11:14:36.234Z
2914,1983062564,2092-01-01T00:00:00.000Z,delisted,12422T_21831_1189_43963_43965,12422T,2100003000,Humira,"{""pbs_code"":""12422T"",""formulary"":""F2"",""brand_name"":""Humira"",""li_item_id"":""12422T_21831_1189_43963_43965"",""determined_price"":444.17}",,,normal,PBS listing was present in the previous schedule and is now absent.,2026-08-29T11:14:36.234Z
2915,1983062564,2092-01-01T00:00:00.000Z,delisted,12422T_21831_1189_43963_55425,12422T,2100003000,Yuflyma,"{""pbs_code"":""12422T"",""formulary"":""F2"",""brand_name"":""Yuflyma"",""li_item_id"":""12422T_21831_1189_43963_55425"",""determined_price"":444.17}",,,normal,PBS listing was present in the previous schedule and is now absent.,2026-08-29T11:14:36.234Z
2916,1983062564,2092-01-01T00:00:00.000Z,delisted,12422T_21831_1189_43963_59133,12422T,2100003000,Hadlima,"{""pbs_code"":""12422T"",""formulary"":""F2"",""brand_name"":""Hadlima"",""li_item_id"":""12422T_21831_1189_43963_59133"",""determined_price"":444.17}",,,normal,PBS listing was present in the previous schedule and is now absent.,2026-08-29T11:14:36.234Z
2917,1983062564,2092-01-01T00:00:00.000Z,delisted,12422T_21831_1189_43963_59530,12422T,2100003000,Hyrimoz,"{""pbs_code"":""12422T"",""formulary"":""F2"",""brand_name"":""Hyrimoz"",""li_item_id"":""12422T_21831_1189_43963_59530"",""determined_price"":444.17}",,,normal,PBS listing was present in the previous schedule and is now absent.,2026-08-29T11:14:36.234Z
2918,1983062564,2092-01-01T00:00:00.000Z,delisted,12423W_22501_1189_45820_45824,12423W,2100003000,Humira,"{""pbs_code"":""12423W"",""formulary"":""F2"",""brand_name"":""Humira"",""li_item_id"":""12423W_22501_1189_45820_45824"",""determined_price"":567.42}",,,normal,PBS listing was present in the previous schedule and is now absent.,2026-08-29T11:14:36.234Z
2919,1983062564,2092-01-01T00:00:00.000Z,delisted,12424X_22501_1189_45820_45824,12424X,2100003000,Humira,"{""pbs_code"":""12424X"",""formulary"":""F2"",""brand_name"":""Humira"",""li_item_id"":""12424X_22501_1189_45820_45824"",""determined_price"":567.42}",,,normal,PBS listing was present in the previous schedule and is now absent.,2026-08-29T11:14:36.234Z
2920,1983062564,2092-01-01T00:00:00.000Z,delisted,12425Y_21832_1189_43971_43973,12425Y,2100003000,Humira,"{""pbs_code"":""12425Y"",""formulary"":""F2"",""brand_name"":""Humira"",""li_item_id"":""12425Y_21832_1189_43971_43973"",""determined_price"":444.17}",,,normal,PBS listing was present in the previous schedule and is now absent.,2026-08-29T11:14:36.234Z
2921,1983062564,2092-01-01T00:00:00.000Z,delisted,12425Y_21832_1189_43971_55426,12425Y,2100003000,Yuflyma,"{""pbs_code"":""12425Y"",""formulary"":""F2"",""brand_name"":""Yuflyma"",""li_item_id"":""12425Y_21832_1189_43971_55426"",""determined_price"":444.17}",,,normal,PBS listing was present in the previous schedule and is now absent.,2026-08-29T11:14:36.234Z
2922,1983062564,2092-01-01T00:00:00.000Z,delisted,12425Y_21832_1189_43971_59132,12425Y,2100003000,Hadlima,"{""pbs_code"":""12425Y"",""formulary"":""F2"",""brand_name"":""Hadlima"",""li_item_id"":""12425Y_21832_1189_43971_59132"",""determined_price"":444.17}",,,normal,PBS listing was present in the previous schedule and is now absent.,2026-08-29T11:14:36.234Z
2923,1983062564,2092-01-01T00:00:00.000Z,delisted,12425Y_21832_1189_43971_59529,12425Y,2100003000,Hyrimoz,"{""pbs_code"":""12425Y"",""formulary"":""F2"",""brand_name"":""Hyrimoz"",""li_item_id"":""12425Y_21832_1189_43971_59529"",""determined_price"":444.17}",,,normal,PBS listing was present in the previous schedule and is now absent.,2026-08-29T11:14:36.234Z
2924,1983062564,2092-01-01T00:00:00.000Z,delisted,12426B_22502_1189_45825_45829,12426B,2100003000,Humira,"{""pbs_code"":""12426B"",""formulary"":""F2"",""brand_name"":""Humira"",""li_item_id"":""12426B_22502_1189_45825_45829"",""determined_price"":618.9}",,,normal,PBS listing was present in the previous schedule and is now absent.,2026-08-29T11:14:36.234Z
2925,1983062564,2092-01-01T00:00:00.000Z,delisted,12426B_22502_1189_45825_59140,12426B,2100003000,Yuflyma,"{""pbs_code"":""12426B"",""formulary"":""F2"",""brand_name"":""Yuflyma"",""li_item_id"":""12426B_22502_1189_45825_59140"",""determined_price"":618.9}",,,normal,PBS listing was present in the previous schedule and is now absent.,2026-08-29T11:14:36.234Z
2926,1983062564,2092-01-01T00:00:00.000Z,delisted,12426B_22502_1189_45825_59531,12426B,2100003000,Hyrimoz,"{""pbs_code"":""12426B"",""formulary"":""F2"",""brand_name"":""Hyrimoz"",""li_item_id"":""12426B_22502_1189_45825_59531"",""determined_price"":618.9}",,,normal,PBS listing was present in the previous schedule and is now absent.,2026-08-29T11:14:36.234Z
2927,1983062564,2092-01-01T00:00:00.000Z,delisted,12428D_21832_1189_43971_43973,12428D,2100003000,Humira,"{""pbs_code"":""12428D"",""formulary"":""F2"",""brand_name"":""Humira"",""li_item_id"":""12428D_21832_1189_43971_43973"",""determined_price"":444.17}",,,normal,PBS listing was present in the previous schedule and is now absent.,2026-08-29T11:14:36.234Z
2928,1983062564,2092-01-01T00:00:00.000Z,delisted,12428D_21832_1189_43971_55426,12428D,2100003000,Yuflyma,"{""pbs_code"":""12428D"",""formulary"":""F2"",""brand_name"":""Yuflyma"",""li_item_id"":""12428D_21832_1189_43971_55426"",""determined_price"":444.17}",,,normal,PBS listing was present in the previous schedule and is now absent.,2026-08-29T11:14:36.234Z
2929,1983062564,2092-01-01T00:00:00.000Z,delisted,12428D_21832_1189_43971_59132,12428D,2100003000,Hadlima,"{""pbs_code"":""12428D"",""formulary"":""F2"",""brand_name"":""Hadlima"",""li_item_id"":""12428D_21832_1189_43971_59132"",""determined_price"":444.17}",,,normal,PBS listing was present in the previous schedule and is now absent.,2026-08-29T11:14:36.234Z
2930,1983062564,2092-01-01T00:00:00.000Z,delisted,12428D_21832_1189_43971_59529,12428D,2100003000,Hyrimoz,"{""pbs_code"":""12428D"",""formulary"":""F2"",""brand_name"":""Hyrimoz"",""li_item_id"":""12428D_21832_1189_43971_59529"",""determined_price"":444.17}",,,normal,PBS listing was present in the previous schedule and is now absent.,2026-08-29T11:14:36.234Z
2931,1983062564,2092-01-01T00:00:00.000Z,delisted,12429E_21832_1189_43971_43973,12429E,2100003000,Humira,"{""pbs_code"":""12429E"",""formulary"":""F2"",""brand_name"":""Humira"",""li_item_id"":""12429E_21832_1189_43971_43973"",""determined_price"":444.17}",,,normal,PBS listing was present in the previous schedule and is now absent.,2026-08-29T11:14:36.234Z
2932,1983062564,2092-01-01T00:00:00.000Z,delisted,12429E_21832_1189_43971_55426,12429E,2100003000,Yuflyma,"{""pbs_code"":""12429E"",""formulary"":""F2"",""brand_name"":""Yuflyma"",""li_item_id"":""12429E_21832_1189_43971_55426"",""determined_price"":444.17}",,,normal,PBS listing was present in the previous schedule and is now absent.,2026-08-29T11:14:36.234Z
2933,1983062564,2092-01-01T00:00:00.000Z,delisted,12429E_21832_1189_43971_59132,12429E,2100003000,Hadlima,"{""pbs_code"":""12429E"",""formulary"":""F2"",""brand_name"":""Hadlima"",""li_item_id"":""12429E_21832_1189_43971_59132"",""determined_price"":444.17}",,,normal,PBS listing was present in the previous schedule and is now absent.,2026-08-29T11:14:36.234Z
2934,1983062564,2092-01-01T00:00:00.000Z,delisted,12429E_21832_1189_43971_59529,12429E,2100003000,Hyrimoz,"{""pbs_code"":""12429E"",""formulary"":""F2"",""brand_name"":""Hyrimoz"",""li_item_id"":""12429E_21832_1189_43971_59529"",""determined_price"":444.17}",,,normal,PBS listing was present in the previous schedule and is now absent.,2026-08-29T11:14:36.234Z
2935,1983062564,2092-01-01T00:00:00.000Z,delisted,12430F_21831_1189_43963_43965,12430F,2100003000,Humira,"{""pbs_code"":""12430F"",""formulary"":""F2"",""brand_name"":""Humira"",""li_item_id"":""12430F_21831_1189_43963_43965"",""determined_price"":444.17}",,,normal,PBS listing was present in the previous schedule and is now absent.,2026-08-29T11:14:36.234Z
2936,1983062564,2092-01-01T00:00:00.000Z,delisted,12430F_21831_1189_43963_55425,12430F,2100003000,Yuflyma,"{""pbs_code"":""12430F"",""formulary"":""F2"",""brand_name"":""Yuflyma"",""li_item_id"":""12430F_21831_1189_43963_55425"",""determined_price"":444.17}",,,normal,PBS listing was present in the previous schedule and is now absent.,2026-08-29T11:14:36.234Z
2937,1983062564,2092-01-01T00:00:00.000Z,delisted,12430F_21831_1189_43963_59133,12430F,2100003000,Hadlima,"{""pbs_code"":""12430F"",""formulary"":""F2"",""brand_name"":""Hadlima"",""li_item_id"":""12430F_21831_1189_43963_59133"",""determined_price"":444.17}",,,normal,PBS listing was present in the previous schedule and is now absent.,2026-08-29T11:14:36.234Z
2938,1983062564,2092-01-01T00:00:00.000Z,delisted,12430F_21831_1189_43963_59530,12430F,2100003000,Hyrimoz,"{""pbs_code"":""12430F"",""formulary"":""F2"",""brand_name"":""Hyrimoz"",""li_item_id"":""12430F_21831_1189_43963_59530"",""determined_price"":444.17}",,,normal,PBS listing was present in the previous schedule and is now absent.,2026-08-29T11:14:36.234Z
2939,1983062564,2092-01-01T00:00:00.000Z,delisted,12431G_21831_1189_43963_43965,12431G,2100003000,Humira,"{""pbs_code"":""12431G"",""formulary"":""F2"",""brand_name"":""Humira"",""li_item_id"":""12431G_21831_1189_43963_43965"",""determined_price"":444.17}",,,normal,PBS listing was present in the previous schedule and is now absent.,2026-08-29T11:14:36.234Z
2940,1983062564,2092-01-01T00:00:00.000Z,delisted,12431G_21831_1189_43963_55425,12431G,2100003000,Yuflyma,"{""pbs_code"":""12431G"",""formulary"":""F2"",""brand_name"":""Yuflyma"",""li_item_id"":""12431G_21831_1189_43963_55425"",""determined_price"":444.17}",,,normal,PBS listing was present in the previous schedule and is now absent.,2026-08-29T11:14:36.234Z
2941,1983062564,2092-01-01T00:00:00.000Z,delisted,12431G_21831_1189_43963_59133,12431G,2100003000,Hadlima,"{""pbs_code"":""12431G"",""formulary"":""F2"",""brand_name"":""Hadlima"",""li_item_id"":""12431G_21831_1189_43963_59133"",""determined_price"":444.17}",,,normal,PBS listing was present in the previous schedule and is now absent.,2026-08-29T11:14:36.234Z
2942,1983062564,2092-01-01T00:00:00.000Z,delisted,12431G_21831_1189_43963_59530,12431G,2100003000,Hyrimoz,"{""pbs_code"":""12431G"",""formulary"":""F2"",""brand_name"":""Hyrimoz"",""li_item_id"":""12431G_21831_1189_43963_59530"",""determined_price"":444.17}",,,normal,PBS listing was present in the previous schedule and is now absent.,2026-08-29T11:14:36.234Z
2943,1983062564,2092-01-01T00:00:00.000Z,delisted,12432H_21832_1189_43971_43973,12432H,2100003000,Humira,"{""pbs_code"":""12432H"",""formulary"":""F2"",""brand_name"":""Humira"",""li_item_id"":""12432H_21832_1189_43971_43973"",""determined_price"":444.17}",,,normal,PBS listing was present in the previous schedule and is now absent.,2026-08-29T11:14:36.234Z
2944,1983062564,2092-01-01T00:00:00.000Z,delisted,12432H_21832_1189_43971_55426,12432H,2100003000,Yuflyma,"{""pbs_code"":""12432H"",""formulary"":""F2"",""brand_name"":""Yuflyma"",""li_item_id"":""12432H_21832_1189_43971_55426"",""determined_price"":444.17}",,,normal,PBS listing was present in the previous schedule and is now absent.,2026-08-29T11:14:36.234Z
2945,1983062564,2092-01-01T00:00:00.000Z,delisted,12432H_21832_1189_43971_59132,12432H,2100003000,Hadlima,"{""pbs_code"":""12432H"",""formulary"":""F2"",""brand_name"":""Hadlima"",""li_item_id"":""12432H_21832_1189_43971_59132"",""determined_price"":444.17}",,,normal,PBS listing was present in the previous schedule and is now absent.,2026-08-29T11:14:36.234Z
2946,1983062564,2092-01-01T00:00:00.000Z,delisted,12432H_21832_1189_43971_59529,12432H,2100003000,Hyrimoz,"{""pbs_code"":""12432H"",""formulary"":""F2"",""brand_name"":""Hyrimoz"",""li_item_id"":""12432H_21832_1189_43971_59529"",""determined_price"":444.17}",,,normal,PBS listing was present in the previous schedule and is now absent.,2026-08-29T11:14:36.234Z
2947,1983062564,2092-01-01T00:00:00.000Z,delisted,12433J_21832_1189_43971_43973,12433J,2100003000,Humira,"{""pbs_code"":""12433J"",""formulary"":""F2"",""brand_name"":""Humira"",""li_item_id"":""12433J_21832_1189_43971_43973"",""determined_price"":444.17}",,,normal,PBS listing was present in the previous schedule and is now absent.,2026-08-29T11:14:36.234Z
2948,1983062564,2092-01-01T00:00:00.000Z,delisted,12433J_21832_1189_43971_55426,12433J,2100003000,Yuflyma,"{""pbs_code"":""12433J"",""formulary"":""F2"",""brand_name"":""Yuflyma"",""li_item_id"":""12433J_21832_1189_43971_55426"",""determined_price"":444.17}",,,normal,PBS listing was present in the previous schedule and is now absent.,2026-08-29T11:14:36.234Z
2949,1983062564,2092-01-01T00:00:00.000Z,delisted,12433J_21832_1189_43971_59132,12433J,2100003000,Hadlima,"{""pbs_code"":""12433J"",""formulary"":""F2"",""brand_name"":""Hadlima"",""li_item_id"":""12433J_21832_1189_43971_59132"",""determined_price"":444.17}",,,normal,PBS listing was present in the previous schedule and is now absent.,2026-08-29T11:14:36.234Z
2950,1983062564,2092-01-01T00:00:00.000Z,delisted,12433J_21832_1189_43971_59529,12433J,2100003000,Hyrimoz,"{""pbs_code"":""12433J"",""formulary"":""F2"",""brand_name"":""Hyrimoz"",""li_item_id"":""12433J_21832_1189_43971_59529"",""determined_price"":444.17}",,,normal,PBS listing was present in the previous schedule and is now absent.,2026-08-29T11:14:36.234Z
2951,1983062564,2092-01-01T00:00:00.000Z,delisted,12434K_10037_1189_5419_45576,12434K,2100003000,Hadlima,"{""pbs_code"":""12434K"",""formulary"":""F2"",""brand_name"":""Hadlima"",""li_item_id"":""12434K_10037_1189_5419_45576"",""determined_price"":444.17}",,,normal,PBS listing was present in the previous schedule and is now absent.,2026-08-29T11:14:36.234Z
2952,1983062564,2092-01-01T00:00:00.000Z,delisted,12434K_10037_1189_5419_45951,12434K,2100003000,Amgevita,"{""pbs_code"":""12434K"",""formulary"":""F2"",""brand_name"":""Amgevita"",""li_item_id"":""12434K_10037_1189_5419_45951"",""determined_price"":444.17}",,,normal,PBS listing was present in the previous schedule and is now absent.,2026-08-29T11:14:36.234Z
2953,1983062564,2092-01-01T00:00:00.000Z,delisted,12434K_10037_1189_5419_49269,12434K,2100003000,Hyrimoz,"{""pbs_code"":""12434K"",""formulary"":""F2"",""brand_name"":""Hyrimoz"",""li_item_id"":""12434K_10037_1189_5419_49269"",""determined_price"":444.17}",,,normal,PBS listing was present in the previous schedule and is now absent.,2026-08-29T11:14:36.234Z
2954,1983062564,2092-01-01T00:00:00.000Z,delisted,12435L_7444_1189_51604_51606,12435L,2100003000,Amgevita,"{""pbs_code"":""12435L"",""formulary"":""F2"",""brand_name"":""Amgevita"",""li_item_id"":""12435L_7444_1189_51604_51606"",""determined_price"":272.84}",,,normal,PBS listing was present in the previous schedule and is now absent.,2026-08-29T11:14:36.234Z
2955,1983062564,2092-01-01T00:00:00.000Z,delisted,12436M_7444_1189_51604_51606,12436M,2100003000,Amgevita,"{""pbs_code"":""12436M"",""formulary"":""F2"",""brand_name"":""Amgevita"",""li_item_id"":""12436M_7444_1189_51604_51606"",""determined_price"":272.84}",,,normal,PBS listing was present in the previous schedule and is now absent.,2026-08-29T11:14:36.234Z
2956,1983062564,2092-01-01T00:00:00.000Z,delisted,12437N_10037_1189_5419_45576,12437N,2100003000,Hadlima,"{""pbs_code"":""12437N"",""formulary"":""F2"",""brand_name"":""Hadlima"",""li_item_id"":""12437N_10037_1189_5419_45576"",""determined_price"":444.17}",,,normal,PBS listing was present in the previous schedule and is now absent.,2026-08-29T11:14:36.234Z
2957,1983062564,2092-01-01T00:00:00.000Z,delisted,12437N_10037_1189_5419_45951,12437N,2100003000,Amgevita,"{""pbs_code"":""12437N"",""formulary"":""F2"",""brand_name"":""Amgevita"",""li_item_id"":""12437N_10037_1189_5419_45951"",""determined_price"":444.17}",,,normal,PBS listing was present in the previous schedule and is now absent.,2026-08-29T11:14:36.234Z
2958,1983062564,2092-01-01T00:00:00.000Z,delisted,12437N_10037_1189_5419_49269,12437N,2100003000,Hyrimoz,"{""pbs_code"":""12437N"",""formulary"":""F2"",""brand_name"":""Hyrimoz"",""li_item_id"":""12437N_10037_1189_5419_49269"",""determined_price"":444.17}",,,normal,PBS listing was present in the previous schedule and is now absent.,2026-08-29T11:14:36.234Z
2959,1983062564,2092-01-01T00:00:00.000Z,delisted,12438P_10037_1189_5419_45576,12438P,2100003000,Hadlima,"{""pbs_code"":""12438P"",""formulary"":""F2"",""brand_name"":""Hadlima"",""li_item_id"":""12438P_10037_1189_5419_45576"",""determined_price"":444.17}",,,normal,PBS listing was present in the previous schedule and is now absent.,2026-08-29T11:14:36.234Z
2960,1983062564,2092-01-01T00:00:00.000Z,delisted,12438P_10037_1189_5419_45951,12438P,2100003000,Amgevita,"{""pbs_code"":""12438P"",""formulary"":""F2"",""brand_name"":""Amgevita"",""li_item_id"":""12438P_10037_1189_5419_45951"",""determined_price"":444.17}",,,normal,PBS listing was present in the previous schedule and is now absent.,2026-08-29T11:14:36.234Z
2961,1983062564,2092-01-01T00:00:00.000Z,delisted,12438P_10037_1189_5419_49269,12438P,2100003000,Hyrimoz,"{""pbs_code"":""12438P"",""formulary"":""F2"",""brand_name"":""Hyrimoz"",""li_item_id"":""12438P_10037_1189_5419_49269"",""determined_price"":444.17}",,,normal,PBS listing was present in the previous schedule and is now absent.,2026-08-29T11:14:36.234Z
2962,1983062564,2092-01-01T00:00:00.000Z,delisted,12439Q_7444_1189_51604_51606,12439Q,2100003000,Amgevita,"{""pbs_code"":""12439Q"",""formulary"":""F2"",""brand_name"":""Amgevita"",""li_item_id"":""12439Q_7444_1189_51604_51606"",""determined_price"":272.84}",,,normal,PBS listing was present in the previous schedule and is now absent.,2026-08-29T11:14:36.234Z
2963,1983062564,2092-01-01T00:00:00.000Z,delisted,12440R_7444_1189_51604_51606,12440R,2100003000,Amgevita,"{""pbs_code"":""12440R"",""formulary"":""F2"",""brand_name"":""Amgevita"",""li_item_id"":""12440R_7444_1189_51604_51606"",""determined_price"":272.84}",,,normal,PBS listing was present in the previous schedule and is now absent.,2026-08-29T11:14:36.234Z
2964,1983062564,2092-01-01T00:00:00.000Z,delisted,12442W_21831_1189_43963_43965,12442W,2100003000,Humira,"{""pbs_code"":""12442W"",""formulary"":""F2"",""brand_name"":""Humira"",""li_item_id"":""12442W_21831_1189_43963_43965"",""determined_price"":444.17}",,,normal,PBS listing was present in the previous schedule and is now absent.,2026-08-29T11:14:36.234Z
2965,1983062564,2092-01-01T00:00:00.000Z,delisted,12442W_21831_1189_43963_55425,12442W,2100003000,Yuflyma,"{""pbs_code"":""12442W"",""formulary"":""F2"",""brand_name"":""Yuflyma"",""li_item_id"":""12442W_21831_1189_43963_55425"",""determined_price"":444.17}",,,normal,PBS listing was present in the previous schedule and is now absent.,2026-08-29T11:14:36.234Z
2966,1983062564,2092-01-01T00:00:00.000Z,delisted,12442W_21831_1189_43963_59133,12442W,2100003000,Hadlima,"{""pbs_code"":""12442W"",""formulary"":""F2"",""brand_name"":""Hadlima"",""li_item_id"":""12442W_21831_1189_43963_59133"",""determined_price"":444.17}",,,normal,PBS listing was present in the previous schedule and is now absent.,2026-08-29T11:14:36.234Z
2967,1983062564,2092-01-01T00:00:00.000Z,delisted,12442W_21831_1189_43963_59530,12442W,2100003000,Hyrimoz,"{""pbs_code"":""12442W"",""formulary"":""F2"",""brand_name"":""Hyrimoz"",""li_item_id"":""12442W_21831_1189_43963_59530"",""determined_price"":444.17}",,,normal,PBS listing was present in the previous schedule and is now absent.,2026-08-29T11:14:36.234Z
2968,1983062564,2092-01-01T00:00:00.000Z,delisted,12443X_22501_1189_45820_45824,12443X,2100003000,Humira,"{""pbs_code"":""12443X"",""formulary"":""F2"",""brand_name"":""Humira"",""li_item_id"":""12443X_22501_1189_45820_45824"",""determined_price"":567.42}",,,normal,PBS listing was present in the previous schedule and is now absent.,2026-08-29T11:14:36.234Z
2969,1983062564,2092-01-01T00:00:00.000Z,delisted,12444Y_21832_1189_43971_43973,12444Y,2100003000,Humira,"{""pbs_code"":""12444Y"",""formulary"":""F2"",""brand_name"":""Humira"",""li_item_id"":""12444Y_21832_1189_43971_43973"",""determined_price"":444.17}",,,normal,PBS listing was present in the previous schedule and is now absent.,2026-08-29T11:14:36.234Z
2970,1983062564,2092-01-01T00:00:00.000Z,delisted,12444Y_21832_1189_43971_55426,12444Y,2100003000,Yuflyma,"{""pbs_code"":""12444Y"",""formulary"":""F2"",""brand_name"":""Yuflyma"",""li_item_id"":""12444Y_21832_1189_43971_55426"",""determined_price"":444.17}",,,normal,PBS listing was present in the previous schedule and is now absent.,2026-08-29T11:14:36.234Z
2971,1983062564,2092-01-01T00:00:00.000Z,delisted,12444Y_21832_1189_43971_59132,12444Y,2100003000,Hadlima,"{""pbs_code"":""12444Y"",""formulary"":""F2"",""brand_name"":""Hadlima"",""li_item_id"":""12444Y_21832_1189_43971_59132"",""determined_price"":444.17}",,,normal,PBS listing was present in the previous schedule and is now absent.,2026-08-29T11:14:36.234Z
2972,1983062564,2092-01-01T00:00:00.000Z,delisted,12444Y_21832_1189_43971_59529,12444Y,2100003000,Hyrimoz,"{""pbs_code"":""12444Y"",""formulary"":""F2"",""brand_name"":""Hyrimoz"",""li_item_id"":""12444Y_21832_1189_43971_59529"",""determined_price"":444.17}",,,normal,PBS listing was present in the previous schedule and is now absent.,2026-08-29T11:14:36.234Z
2973,1983062564,2092-01-01T00:00:00.000Z,delisted,12446C_21832_1189_43971_43973,12446C,2100003000,Humira,"{""pbs_code"":""12446C"",""formulary"":""F2"",""brand_name"":""Humira"",""li_item_id"":""12446C_21832_1189_43971_43973"",""determined_price"":444.17}",,,normal,PBS listing was present in the previous schedule and is now absent.,2026-08-29T11:14:36.234Z
2974,1983062564,2092-01-01T00:00:00.000Z,delisted,12446C_21832_1189_43971_55426,12446C,2100003000,Yuflyma,"{""pbs_code"":""12446C"",""formulary"":""F2"",""brand_name"":""Yuflyma"",""li_item_id"":""12446C_21832_1189_43971_55426"",""determined_price"":444.17}",,,normal,PBS listing was present in the previous schedule and is now absent.,2026-08-29T11:14:36.234Z
2975,1983062564,2092-01-01T00:00:00.000Z,delisted,12446C_21832_1189_43971_59132,12446C,2100003000,Hadlima,"{""pbs_code"":""12446C"",""formulary"":""F2"",""brand_name"":""Hadlima"",""li_item_id"":""12446C_21832_1189_43971_59132"",""determined_price"":444.17}",,,normal,PBS listing was present in the previous schedule and is now absent.,2026-08-29T11:14:36.234Z
2976,1983062564,2092-01-01T00:00:00.000Z,delisted,12446C_21832_1189_43971_59529,12446C,2100003000,Hyrimoz,"{""pbs_code"":""12446C"",""formulary"":""F2"",""brand_name"":""Hyrimoz"",""li_item_id"":""12446C_21832_1189_43971_59529"",""determined_price"":444.17}",,,normal,PBS listing was present in the previous schedule and is now absent.,2026-08-29T11:14:36.234Z
2977,1983062564,2092-01-01T00:00:00.000Z,delisted,12447D_22502_1189_45825_45829,12447D,2100003000,Humira,"{""pbs_code"":""12447D"",""formulary"":""F2"",""brand_name"":""Humira"",""li_item_id"":""12447D_22502_1189_45825_45829"",""determined_price"":618.9}",,,normal,PBS listing was present in the previous schedule and is now absent.,2026-08-29T11:14:36.234Z
2978,1983062564,2092-01-01T00:00:00.000Z,delisted,12447D_22502_1189_45825_59140,12447D,2100003000,Yuflyma,"{""pbs_code"":""12447D"",""formulary"":""F2"",""brand_name"":""Yuflyma"",""li_item_id"":""12447D_22502_1189_45825_59140"",""determined_price"":618.9}",,,normal,PBS listing was present in the previous schedule and is now absent.,2026-08-29T11:14:36.234Z
2979,1983062564,2092-01-01T00:00:00.000Z,delisted,12447D_22502_1189_45825_59531,12447D,2100003000,Hyrimoz,"{""pbs_code"":""12447D"",""formulary"":""F2"",""brand_name"":""Hyrimoz"",""li_item_id"":""12447D_22502_1189_45825_59531"",""determined_price"":618.9}",,,normal,PBS listing was present in the previous schedule and is now absent.,2026-08-29T11:14:36.234Z
2980,1983062564,2092-01-01T00:00:00.000Z,delisted,12448E_22502_1189_45825_45829,12448E,2100003000,Humira,"{""pbs_code"":""12448E"",""formulary"":""F2"",""brand_name"":""Humira"",""li_item_id"":""12448E_22502_1189_45825_45829"",""determined_price"":618.9}",,,normal,PBS listing was present in the previous schedule and is now absent.,2026-08-29T11:14:36.234Z
2981,1983062564,2092-01-01T00:00:00.000Z,delisted,12448E_22502_1189_45825_59140,12448E,2100003000,Yuflyma,"{""pbs_code"":""12448E"",""formulary"":""F2"",""brand_name"":""Yuflyma"",""li_item_id"":""12448E_22502_1189_45825_59140"",""determined_price"":618.9}",,,normal,PBS listing was present in the previous schedule and is now absent.,2026-08-29T11:14:36.234Z
2982,1983062564,2092-01-01T00:00:00.000Z,delisted,12448E_22502_1189_45825_59531,12448E,2100003000,Hyrimoz,"{""pbs_code"":""12448E"",""formulary"":""F2"",""brand_name"":""Hyrimoz"",""li_item_id"":""12448E_22502_1189_45825_59531"",""determined_price"":618.9}",,,normal,PBS listing was present in the previous schedule and is now absent.,2026-08-29T11:14:36.234Z
2983,1983062564,2092-01-01T00:00:00.000Z,delisted,12449F_22502_1189_45825_45829,12449F,2100003000,Humira,"{""pbs_code"":""12449F"",""formulary"":""F2"",""brand_name"":""Humira"",""li_item_id"":""12449F_22502_1189_45825_45829"",""determined_price"":618.9}",,,normal,PBS listing was present in the previous schedule and is now absent.,2026-08-29T11:14:36.234Z
2984,1983062564,2092-01-01T00:00:00.000Z,delisted,12449F_22502_1189_45825_59140,12449F,2100003000,Yuflyma,"{""pbs_code"":""12449F"",""formulary"":""F2"",""brand_name"":""Yuflyma"",""li_item_id"":""12449F_22502_1189_45825_59140"",""determined_price"":618.9}",,,normal,PBS listing was present in the previous schedule and is now absent.,2026-08-29T11:14:36.234Z
2985,1983062564,2092-01-01T00:00:00.000Z,delisted,12449F_22502_1189_45825_59531,12449F,2100003000,Hyrimoz,"{""pbs_code"":""12449F"",""formulary"":""F2"",""brand_name"":""Hyrimoz"",""li_item_id"":""12449F_22502_1189_45825_59531"",""determined_price"":618.9}",,,normal,PBS listing was present in the previous schedule and is now absent.,2026-08-29T11:14:36.234Z
2986,1983062564,2092-01-01T00:00:00.000Z,delisted,12450G_22502_1189_45825_45829,12450G,2100003000,Humira,"{""pbs_code"":""12450G"",""formulary"":""F2"",""brand_name"":""Humira"",""li_item_id"":""12450G_22502_1189_45825_45829"",""determined_price"":618.9}",,,normal,PBS listing was present in the previous schedule and is now absent.,2026-08-29T11:14:36.234Z
2987,1983062564,2092-01-01T00:00:00.000Z,delisted,12450G_22502_1189_45825_59140,12450G,2100003000,Yuflyma,"{""pbs_code"":""12450G"",""formulary"":""F2"",""brand_name"":""Yuflyma"",""li_item_id"":""12450G_22502_1189_45825_59140"",""determined_price"":618.9}",,,normal,PBS listing was present in the previous schedule and is now absent.,2026-08-29T11:14:36.234Z
2988,1983062564,2092-01-01T00:00:00.000Z,delisted,12450G_22502_1189_45825_59531,12450G,2100003000,Hyrimoz,"{""pbs_code"":""12450G"",""formulary"":""F2"",""brand_name"":""Hyrimoz"",""li_item_id"":""12450G_22502_1189_45825_59531"",""determined_price"":618.9}",,,normal,PBS listing was present in the previous schedule and is now absent.,2026-08-29T11:14:36.234Z
2989,1983062564,2092-01-01T00:00:00.000Z,delisted,12451H_21831_1189_43963_43965,12451H,2100003000,Humira,"{""pbs_code"":""12451H"",""formulary"":""F2"",""brand_name"":""Humira"",""li_item_id"":""12451H_21831_1189_43963_43965"",""determined_price"":444.17}",,,normal,PBS listing was present in the previous schedule and is now absent.,2026-08-29T11:14:36.234Z
2990,1983062564,2092-01-01T00:00:00.000Z,delisted,12451H_21831_1189_43963_55425,12451H,2100003000,Yuflyma,"{""pbs_code"":""12451H"",""formulary"":""F2"",""brand_name"":""Yuflyma"",""li_item_id"":""12451H_21831_1189_43963_55425"",""determined_price"":444.17}",,,normal,PBS listing was present in the previous schedule and is now absent.,2026-08-29T11:14:36.234Z
2991,1983062564,2092-01-01T00:00:00.000Z,delisted,12451H_21831_1189_43963_59133,12451H,2100003000,Hadlima,"{""pbs_code"":""12451H"",""formulary"":""F2"",""brand_name"":""Hadlima"",""li_item_id"":""12451H_21831_1189_43963_59133"",""determined_price"":444.17}",,,normal,PBS listing was present in the previous schedule and is now absent.,2026-08-29T11:14:36.234Z
2992,1983062564,2092-01-01T00:00:00.000Z,delisted,12451H_21831_1189_43963_59530,12451H,2100003000,Hyrimoz,"{""pbs_code"":""12451H"",""formulary"":""F2"",""brand_name"":""Hyrimoz"",""li_item_id"":""12451H_21831_1189_43963_59530"",""determined_price"":444.17}",,,normal,PBS listing was present in the previous schedule and is now absent.,2026-08-29T11:14:36.234Z
2993,1983062564,2092-01-01T00:00:00.000Z,delisted,12453K_21831_1189_43963_43965,12453K,2100003000,Humira,"{""pbs_code"":""12453K"",""formulary"":""F2"",""brand_name"":""Humira"",""li_item_id"":""12453K_21831_1189_43963_43965"",""determined_price"":444.17}",,,normal,PBS listing was present in the previous schedule and is now absent.,2026-08-29T11:14:36.234Z
2994,1983062564,2092-01-01T00:00:00.000Z,delisted,12453K_21831_1189_43963_55425,12453K,2100003000,Yuflyma,"{""pbs_code"":""12453K"",""formulary"":""F2"",""brand_name"":""Yuflyma"",""li_item_id"":""12453K_21831_1189_43963_55425"",""determined_price"":444.17}",,,normal,PBS listing was present in the previous schedule and is now absent.,2026-08-29T11:14:36.234Z
2995,1983062564,2092-01-01T00:00:00.000Z,delisted,12453K_21831_1189_43963_59133,12453K,2100003000,Hadlima,"{""pbs_code"":""12453K"",""formulary"":""F2"",""brand_name"":""Hadlima"",""li_item_id"":""12453K_21831_1189_43963_59133"",""determined_price"":444.17}",,,normal,PBS listing was present in the previous schedule and is now absent.,2026-08-29T11:14:36.234Z
2996,1983062564,2092-01-01T00:00:00.000Z,delisted,12453K_21831_1189_43963_59530,12453K,2100003000,Hyrimoz,"{""pbs_code"":""12453K"",""formulary"":""F2"",""brand_name"":""Hyrimoz"",""li_item_id"":""12453K_21831_1189_43963_59530"",""determined_price"":444.17}",,,normal,PBS listing was present in the previous schedule and is now absent.,2026-08-29T11:14:36.234Z
2997,1983062564,2092-01-01T00:00:00.000Z,delisted,12454L_21832_1189_43971_43973,12454L,2100003000,Humira,"{""pbs_code"":""12454L"",""formulary"":""F2"",""brand_name"":""Humira"",""li_item_id"":""12454L_21832_1189_43971_43973"",""determined_price"":444.17}",,,normal,PBS listing was present in the previous schedule and is now absent.,2026-08-29T11:14:36.234Z
2998,1983062564,2092-01-01T00:00:00.000Z,delisted,12454L_21832_1189_43971_55426,12454L,2100003000,Yuflyma,"{""pbs_code"":""12454L"",""formulary"":""F2"",""brand_name"":""Yuflyma"",""li_item_id"":""12454L_21832_1189_43971_55426"",""determined_price"":444.17}",,,normal,PBS listing was present in the previous schedule and is now absent.,2026-08-29T11:14:36.234Z
2999,1983062564,2092-01-01T00:00:00.000Z,delisted,12454L_21832_1189_43971_59132,12454L,2100003000,Hadlima,"{""pbs_code"":""12454L"",""formulary"":""F2"",""brand_name"":""Hadlima"",""li_item_id"":""12454L_21832_1189_43971_59132"",""determined_price"":444.17}",,,normal,PBS listing was present in the previous schedule and is now absent.,2026-08-29T11:14:36.234Z
3000,1983062564,2092-01-01T00:00:00.000Z,delisted,12454L_21832_1189_43971_59529,12454L,2100003000,Hyrimoz,"{""pbs_code"":""12454L"",""formulary"":""F2"",""brand_name"":""Hyrimoz"",""li_item_id"":""12454L_21832_1189_43971_59529"",""determined_price"":444.17}",,,normal,PBS listing was present in the previous schedule and is now absent.,2026-08-29T11:14:36.234Z
3001,1983062564,2092-01-01T00:00:00.000Z,delisted,12455M_21831_1189_43963_43965,12455M,2100003000,Humira,"{""pbs_code"":""12455M"",""formulary"":""F2"",""brand_name"":""Humira"",""li_item_id"":""12455M_21831_1189_43963_43965"",""determined_price"":444.17}",,,normal,PBS listing was present in the previous schedule and is now absent.,2026-08-29T11:14:36.234Z
3002,1983062564,2092-01-01T00:00:00.000Z,delisted,12455M_21831_1189_43963_55425,12455M,2100003000,Yuflyma,"{""pbs_code"":""12455M"",""formulary"":""F2"",""brand_name"":""Yuflyma"",""li_item_id"":""12455M_21831_1189_43963_55425"",""determined_price"":444.17}",,,normal,PBS listing was present in the previous schedule and is now absent.,2026-08-29T11:14:36.234Z
3003,1983062564,2092-01-01T00:00:00.000Z,delisted,12455M_21831_1189_43963_59133,12455M,2100003000,Hadlima,"{""pbs_code"":""12455M"",""formulary"":""F2"",""brand_name"":""Hadlima"",""li_item_id"":""12455M_21831_1189_43963_59133"",""determined_price"":444.17}",,,normal,PBS listing was present in the previous schedule and is now absent.,2026-08-29T11:14:36.234Z
3004,1983062564,2092-01-01T00:00:00.000Z,delisted,12455M_21831_1189_43963_59530,12455M,2100003000,Hyrimoz,"{""pbs_code"":""12455M"",""formulary"":""F2"",""brand_name"":""Hyrimoz"",""li_item_id"":""12455M_21831_1189_43963_59530"",""determined_price"":444.17}",,,normal,PBS listing was present in the previous schedule and is now absent.,2026-08-29T11:14:36.234Z
3005,1983062564,2092-01-01T00:00:00.000Z,delisted,12524E_22503_1189_45830_45834,12524E,2100003000,Humira,"{""pbs_code"":""12524E"",""formulary"":""F2"",""brand_name"":""Humira"",""li_item_id"":""12524E_22503_1189_45830_45834"",""determined_price"":618.9}",,,normal,PBS listing was present in the previous schedule and is now absent.,2026-08-29T11:14:36.234Z
3006,1983062564,2092-01-01T00:00:00.000Z,delisted,12524E_22503_1189_45830_59141,12524E,2100003000,Yuflyma,"{""pbs_code"":""12524E"",""formulary"":""F2"",""brand_name"":""Yuflyma"",""li_item_id"":""12524E_22503_1189_45830_59141"",""determined_price"":618.9}",,,normal,PBS listing was present in the previous schedule and is now absent.,2026-08-29T11:14:36.234Z
3007,1983062564,2092-01-01T00:00:00.000Z,delisted,13208E_21831_1189_43963_55425,13208E,2100003000,Yuflyma,"{""pbs_code"":""13208E"",""formulary"":""F2"",""brand_name"":""Yuflyma"",""li_item_id"":""13208E_21831_1189_43963_55425"",""determined_price"":444.17}",,,normal,PBS listing was present in the previous schedule and is now absent.,2026-08-29T11:14:36.234Z
3008,1983062564,2092-01-01T00:00:00.000Z,delisted,13208E_21831_1189_43963_59133,13208E,2100003000,Hadlima,"{""pbs_code"":""13208E"",""formulary"":""F2"",""brand_name"":""Hadlima"",""li_item_id"":""13208E_21831_1189_43963_59133"",""determined_price"":444.17}",,,normal,PBS listing was present in the previous schedule and is now absent.,2026-08-29T11:14:36.234Z
3009,1983062564,2092-01-01T00:00:00.000Z,delisted,13208E_21831_1189_43963_59530,13208E,2100003000,Hyrimoz,"{""pbs_code"":""13208E"",""formulary"":""F2"",""brand_name"":""Hyrimoz"",""li_item_id"":""13208E_21831_1189_43963_59530"",""determined_price"":444.17}",,,normal,PBS listing was present in the previous schedule and is now absent.,2026-08-29T11:14:36.234Z
3010,1983062564,2092-01-01T00:00:00.000Z,delisted,13209F_21831_1189_43963_55425,13209F,2100003000,Yuflyma,"{""pbs_code"":""13209F"",""formulary"":""F2"",""brand_name"":""Yuflyma"",""li_item_id"":""13209F_21831_1189_43963_55425"",""determined_price"":444.17}",,,normal,PBS listing was present in the previous schedule and is now absent.,2026-08-29T11:14:36.234Z
3011,1983062564,2092-01-01T00:00:00.000Z,delisted,13209F_21831_1189_43963_59133,13209F,2100003000,Hadlima,"{""pbs_code"":""13209F"",""formulary"":""F2"",""brand_name"":""Hadlima"",""li_item_id"":""13209F_21831_1189_43963_59133"",""determined_price"":444.17}",,,normal,PBS listing was present in the previous schedule and is now absent.,2026-08-29T11:14:36.234Z
3012,1983062564,2092-01-01T00:00:00.000Z,delisted,13209F_21831_1189_43963_59530,13209F,2100003000,Hyrimoz,"{""pbs_code"":""13209F"",""formulary"":""F2"",""brand_name"":""Hyrimoz"",""li_item_id"":""13209F_21831_1189_43963_59530"",""determined_price"":444.17}",,,normal,PBS listing was present in the previous schedule and is now absent.,2026-08-29T11:14:36.234Z
3013,1983062564,2092-01-01T00:00:00.000Z,delisted,13210G_21831_1189_43963_43965,13210G,2100003000,Humira,"{""pbs_code"":""13210G"",""formulary"":""F2"",""brand_name"":""Humira"",""li_item_id"":""13210G_21831_1189_43963_43965"",""determined_price"":444.17}",,,normal,PBS listing was present in the previous schedule and is now absent.,2026-08-29T11:14:36.234Z
3014,1983062564,2092-01-01T00:00:00.000Z,delisted,13210G_21831_1189_43963_55425,13210G,2100003000,Yuflyma,"{""pbs_code"":""13210G"",""formulary"":""F2"",""brand_name"":""Yuflyma"",""li_item_id"":""13210G_21831_1189_43963_55425"",""determined_price"":444.17}",,,normal,PBS listing was present in the previous schedule and is now absent.,2026-08-29T11:14:36.234Z
3015,1983062564,2092-01-01T00:00:00.000Z,delisted,13210G_21831_1189_43963_59133,13210G,2100003000,Hadlima,"{""pbs_code"":""13210G"",""formulary"":""F2"",""brand_name"":""Hadlima"",""li_item_id"":""13210G_21831_1189_43963_59133"",""determined_price"":444.17}",,,normal,PBS listing was present in the previous schedule and is now absent.,2026-08-29T11:14:36.234Z
3016,1983062564,2092-01-01T00:00:00.000Z,delisted,13210G_21831_1189_43963_59530,13210G,2100003000,Hyrimoz,"{""pbs_code"":""13210G"",""formulary"":""F2"",""brand_name"":""Hyrimoz"",""li_item_id"":""13210G_21831_1189_43963_59530"",""determined_price"":444.17}",,,normal,PBS listing was present in the previous schedule and is now absent.,2026-08-29T11:14:36.234Z
3017,1983062564,2092-01-01T00:00:00.000Z,delisted,13211H_21832_1189_43971_43973,13211H,2100003000,Humira,"{""pbs_code"":""13211H"",""formulary"":""F2"",""brand_name"":""Humira"",""li_item_id"":""13211H_21832_1189_43971_43973"",""determined_price"":444.17}",,,normal,PBS listing was present in the previous schedule and is now absent.,2026-08-29T11:14:36.234Z
3018,1983062564,2092-01-01T00:00:00.000Z,delisted,13211H_21832_1189_43971_55426,13211H,2100003000,Yuflyma,"{""pbs_code"":""13211H"",""formulary"":""F2"",""brand_name"":""Yuflyma"",""li_item_id"":""13211H_21832_1189_43971_55426"",""determined_price"":444.17}",,,normal,PBS listing was present in the previous schedule and is now absent.,2026-08-29T11:14:36.234Z
3019,1983062564,2092-01-01T00:00:00.000Z,delisted,13211H_21832_1189_43971_59132,13211H,2100003000,Hadlima,"{""pbs_code"":""13211H"",""formulary"":""F2"",""brand_name"":""Hadlima"",""li_item_id"":""13211H_21832_1189_43971_59132"",""determined_price"":444.17}",,,normal,PBS listing was present in the previous schedule and is now absent.,2026-08-29T11:14:36.234Z
3020,1983062564,2092-01-01T00:00:00.000Z,delisted,13211H_21832_1189_43971_59529,13211H,2100003000,Hyrimoz,"{""pbs_code"":""13211H"",""formulary"":""F2"",""brand_name"":""Hyrimoz"",""li_item_id"":""13211H_21832_1189_43971_59529"",""determined_price"":444.17}",,,normal,PBS listing was present in the previous schedule and is now absent.,2026-08-29T11:14:36.234Z
3021,1983062564,2092-01-01T00:00:00.000Z,delisted,13212J_21832_1189_43971_43973,13212J,2100003000,Humira,"{""pbs_code"":""13212J"",""formulary"":""F2"",""brand_name"":""Humira"",""li_item_id"":""13212J_21832_1189_43971_43973"",""determined_price"":444.17}",,,normal,PBS listing was present in the previous schedule and is now absent.,2026-08-29T11:14:36.234Z
3022,1983062564,2092-01-01T00:00:00.000Z,delisted,13212J_21832_1189_43971_55426,13212J,2100003000,Yuflyma,"{""pbs_code"":""13212J"",""formulary"":""F2"",""brand_name"":""Yuflyma"",""li_item_id"":""13212J_21832_1189_43971_55426"",""determined_price"":444.17}",,,normal,PBS listing was present in the previous schedule and is now absent.,2026-08-29T11:14:36.234Z
3023,1983062564,2092-01-01T00:00:00.000Z,delisted,13212J_21832_1189_43971_59132,13212J,2100003000,Hadlima,"{""pbs_code"":""13212J"",""formulary"":""F2"",""brand_name"":""Hadlima"",""li_item_id"":""13212J_21832_1189_43971_59132"",""determined_price"":444.17}",,,normal,PBS listing was present in the previous schedule and is now absent.,2026-08-29T11:14:36.234Z
3024,1983062564,2092-01-01T00:00:00.000Z,delisted,13212J_21832_1189_43971_59529,13212J,2100003000,Hyrimoz,"{""pbs_code"":""13212J"",""formulary"":""F2"",""brand_name"":""Hyrimoz"",""li_item_id"":""13212J_21832_1189_43971_59529"",""determined_price"":444.17}",,,normal,PBS listing was present in the previous schedule and is now absent.,2026-08-29T11:14:36.234Z
3025,1983062564,2092-01-01T00:00:00.000Z,delisted,13213K_21831_1189_43963_43965,13213K,2100003000,Humira,"{""pbs_code"":""13213K"",""formulary"":""F2"",""brand_name"":""Humira"",""li_item_id"":""13213K_21831_1189_43963_43965"",""determined_price"":444.17}",,,normal,PBS listing was present in the previous schedule and is now absent.,2026-08-29T11:14:36.234Z
3026,1983062564,2092-01-01T00:00:00.000Z,delisted,13213K_21831_1189_43963_55425,13213K,2100003000,Yuflyma,"{""pbs_code"":""13213K"",""formulary"":""F2"",""brand_name"":""Yuflyma"",""li_item_id"":""13213K_21831_1189_43963_55425"",""determined_price"":444.17}",,,normal,PBS listing was present in the previous schedule and is now absent.,2026-08-29T11:14:36.234Z
3027,1983062564,2092-01-01T00:00:00.000Z,delisted,13213K_21831_1189_43963_59133,13213K,2100003000,Hadlima,"{""pbs_code"":""13213K"",""formulary"":""F2"",""brand_name"":""Hadlima"",""li_item_id"":""13213K_21831_1189_43963_59133"",""determined_price"":444.17}",,,normal,PBS listing was present in the previous schedule and is now absent.,2026-08-29T11:14:36.234Z
3028,1983062564,2092-01-01T00:00:00.000Z,delisted,13213K_21831_1189_43963_59530,13213K,2100003000,Hyrimoz,"{""pbs_code"":""13213K"",""formulary"":""F2"",""brand_name"":""Hyrimoz"",""li_item_id"":""13213K_21831_1189_43963_59530"",""determined_price"":444.17}",,,normal,PBS listing was present in the previous schedule and is now absent.,2026-08-29T11:14:36.234Z
3029,1983062564,2092-01-01T00:00:00.000Z,delisted,13214L_21832_1189_43971_55426,13214L,2100003000,Yuflyma,"{""pbs_code"":""13214L"",""formulary"":""F2"",""brand_name"":""Yuflyma"",""li_item_id"":""13214L_21832_1189_43971_55426"",""determined_price"":444.17}",,,normal,PBS listing was present in the previous schedule and is now absent.,2026-08-29T11:14:36.234Z
3030,1983062564,2092-01-01T00:00:00.000Z,delisted,13214L_21832_1189_43971_59132,13214L,2100003000,Hadlima,"{""pbs_code"":""13214L"",""formulary"":""F2"",""brand_name"":""Hadlima"",""li_item_id"":""13214L_21832_1189_43971_59132"",""determined_price"":444.17}",,,normal,PBS listing was present in the previous schedule and is now absent.,2026-08-29T11:14:36.234Z
3031,1983062564,2092-01-01T00:00:00.000Z,delisted,13214L_21832_1189_43971_59529,13214L,2100003000,Hyrimoz,"{""pbs_code"":""13214L"",""formulary"":""F2"",""brand_name"":""Hyrimoz"",""li_item_id"":""13214L_21832_1189_43971_59529"",""determined_price"":444.17}",,,normal,PBS listing was present in the previous schedule and is now absent.,2026-08-29T11:14:36.234Z
3032,1983062564,2092-01-01T00:00:00.000Z,delisted,13215M_21832_1189_43971_55426,13215M,2100003000,Yuflyma,"{""pbs_code"":""13215M"",""formulary"":""F2"",""brand_name"":""Yuflyma"",""li_item_id"":""13215M_21832_1189_43971_55426"",""determined_price"":444.17}",,,normal,PBS listing was present in the previous schedule and is now absent.,2026-08-29T11:14:36.234Z
3033,1983062564,2092-01-01T00:00:00.000Z,delisted,13215M_21832_1189_43971_59132,13215M,2100003000,Hadlima,"{""pbs_code"":""13215M"",""formulary"":""F2"",""brand_name"":""Hadlima"",""li_item_id"":""13215M_21832_1189_43971_59132"",""determined_price"":444.17}",,,normal,PBS listing was present in the previous schedule and is now absent.,2026-08-29T11:14:36.234Z
3034,1983062564,2092-01-01T00:00:00.000Z,delisted,13215M_21832_1189_43971_59529,13215M,2100003000,Hyrimoz,"{""pbs_code"":""13215M"",""formulary"":""F2"",""brand_name"":""Hyrimoz"",""li_item_id"":""13215M_21832_1189_43971_59529"",""determined_price"":444.17}",,,normal,PBS listing was present in the previous schedule and is now absent.,2026-08-29T11:14:36.234Z
3035,1983062564,2092-01-01T00:00:00.000Z,delisted,13216N_21831_1189_43963_55425,13216N,2100003000,Yuflyma,"{""pbs_code"":""13216N"",""formulary"":""F2"",""brand_name"":""Yuflyma"",""li_item_id"":""13216N_21831_1189_43963_55425"",""determined_price"":444.17}",,,normal,PBS listing was present in the previous schedule and is now absent.,2026-08-29T11:14:36.234Z
3036,1983062564,2092-01-01T00:00:00.000Z,delisted,13216N_21831_1189_43963_59133,13216N,2100003000,Hadlima,"{""pbs_code"":""13216N"",""formulary"":""F2"",""brand_name"":""Hadlima"",""li_item_id"":""13216N_21831_1189_43963_59133"",""determined_price"":444.17}",,,normal,PBS listing was present in the previous schedule and is now absent.,2026-08-29T11:14:36.234Z
3037,1983062564,2092-01-01T00:00:00.000Z,delisted,13216N_21831_1189_43963_59530,13216N,2100003000,Hyrimoz,"{""pbs_code"":""13216N"",""formulary"":""F2"",""brand_name"":""Hyrimoz"",""li_item_id"":""13216N_21831_1189_43963_59530"",""determined_price"":444.17}",,,normal,PBS listing was present in the previous schedule and is now absent.,2026-08-29T11:14:36.234Z
3038,1983062564,2092-01-01T00:00:00.000Z,delisted,13217P_21831_1189_43963_55425,13217P,2100003000,Yuflyma,"{""pbs_code"":""13217P"",""formulary"":""F2"",""brand_name"":""Yuflyma"",""li_item_id"":""13217P_21831_1189_43963_55425"",""determined_price"":444.17}",,,normal,PBS listing was present in the previous schedule and is now absent.,2026-08-29T11:14:36.234Z
3039,1983062564,2092-01-01T00:00:00.000Z,delisted,13217P_21831_1189_43963_59133,13217P,2100003000,Hadlima,"{""pbs_code"":""13217P"",""formulary"":""F2"",""brand_name"":""Hadlima"",""li_item_id"":""13217P_21831_1189_43963_59133"",""determined_price"":444.17}",,,normal,PBS listing was present in the previous schedule and is now absent.,2026-08-29T11:14:36.234Z
3040,1983062564,2092-01-01T00:00:00.000Z,delisted,13217P_21831_1189_43963_59530,13217P,2100003000,Hyrimoz,"{""pbs_code"":""13217P"",""formulary"":""F2"",""brand_name"":""Hyrimoz"",""li_item_id"":""13217P_21831_1189_43963_59530"",""determined_price"":444.17}",,,normal,PBS listing was present in the previous schedule and is now absent.,2026-08-29T11:14:36.234Z
3041,1983062564,2092-01-01T00:00:00.000Z,delisted,13218Q_21831_1189_43963_43965,13218Q,2100003000,Humira,"{""pbs_code"":""13218Q"",""formulary"":""F2"",""brand_name"":""Humira"",""li_item_id"":""13218Q_21831_1189_43963_43965"",""determined_price"":444.17}",,,normal,PBS listing was present in the previous schedule and is now absent.,2026-08-29T11:14:36.234Z
3042,1983062564,2092-01-01T00:00:00.000Z,delisted,13218Q_21831_1189_43963_55425,13218Q,2100003000,Yuflyma,"{""pbs_code"":""13218Q"",""formulary"":""F2"",""brand_name"":""Yuflyma"",""li_item_id"":""13218Q_21831_1189_43963_55425"",""determined_price"":444.17}",,,normal,PBS listing was present in the previous schedule and is now absent.,2026-08-29T11:14:36.234Z
3043,1983062564,2092-01-01T00:00:00.000Z,delisted,13218Q_21831_1189_43963_59133,13218Q,2100003000,Hadlima,"{""pbs_code"":""13218Q"",""formulary"":""F2"",""brand_name"":""Hadlima"",""li_item_id"":""13218Q_21831_1189_43963_59133"",""determined_price"":444.17}",,,normal,PBS listing was present in the previous schedule and is now absent.,2026-08-29T11:14:36.234Z
3044,1983062564,2092-01-01T00:00:00.000Z,delisted,13218Q_21831_1189_43963_59530,13218Q,2100003000,Hyrimoz,"{""pbs_code"":""13218Q"",""formulary"":""F2"",""brand_name"":""Hyrimoz"",""li_item_id"":""13218Q_21831_1189_43963_59530"",""determined_price"":444.17}",,,normal,PBS listing was present in the previous schedule and is now absent.,2026-08-29T11:14:36.234Z
3045,1983062564,2092-01-01T00:00:00.000Z,delisted,13219R_21831_1189_43963_55425,13219R,2100003000,Yuflyma,"{""pbs_code"":""13219R"",""formulary"":""F2"",""brand_name"":""Yuflyma"",""li_item_id"":""13219R_21831_1189_43963_55425"",""determined_price"":444.17}",,,normal,PBS listing was present in the previous schedule and is now absent.,2026-08-29T11:14:36.234Z
3046,1983062564,2092-01-01T00:00:00.000Z,delisted,13219R_21831_1189_43963_59133,13219R,2100003000,Hadlima,"{""pbs_code"":""13219R"",""formulary"":""F2"",""brand_name"":""Hadlima"",""li_item_id"":""13219R_21831_1189_43963_59133"",""determined_price"":444.17}",,,normal,PBS listing was present in the previous schedule and is now absent.,2026-08-29T11:14:36.234Z
3047,1983062564,2092-01-01T00:00:00.000Z,delisted,13219R_21831_1189_43963_59530,13219R,2100003000,Hyrimoz,"{""pbs_code"":""13219R"",""formulary"":""F2"",""brand_name"":""Hyrimoz"",""li_item_id"":""13219R_21831_1189_43963_59530"",""determined_price"":444.17}",,,normal,PBS listing was present in the previous schedule and is now absent.,2026-08-29T11:14:36.234Z
3048,1983062564,2092-01-01T00:00:00.000Z,delisted,13220T_21831_1189_43963_55425,13220T,2100003000,Yuflyma,"{""pbs_code"":""13220T"",""formulary"":""F2"",""brand_name"":""Yuflyma"",""li_item_id"":""13220T_21831_1189_43963_55425"",""determined_price"":444.17}",,,normal,PBS listing was present in the previous schedule and is now absent.,2026-08-29T11:14:36.234Z
3049,1983062564,2092-01-01T00:00:00.000Z,delisted,13220T_21831_1189_43963_59133,13220T,2100003000,Hadlima,"{""pbs_code"":""13220T"",""formulary"":""F2"",""brand_name"":""Hadlima"",""li_item_id"":""13220T_21831_1189_43963_59133"",""determined_price"":444.17}",,,normal,PBS listing was present in the previous schedule and is now absent.,2026-08-29T11:14:36.234Z
3050,1983062564,2092-01-01T00:00:00.000Z,delisted,13220T_21831_1189_43963_59530,13220T,2100003000,Hyrimoz,"{""pbs_code"":""13220T"",""formulary"":""F2"",""brand_name"":""Hyrimoz"",""li_item_id"":""13220T_21831_1189_43963_59530"",""determined_price"":444.17}",,,normal,PBS listing was present in the previous schedule and is now absent.,2026-08-29T11:14:36.234Z
3051,1983062564,2092-01-01T00:00:00.000Z,delisted,13221W_21832_1189_43971_55426,13221W,2100003000,Yuflyma,"{""pbs_code"":""13221W"",""formulary"":""F2"",""brand_name"":""Yuflyma"",""li_item_id"":""13221W_21832_1189_43971_55426"",""determined_price"":444.17}",,,normal,PBS listing was present in the previous schedule and is now absent.,2026-08-29T11:14:36.234Z
3052,1983062564,2092-01-01T00:00:00.000Z,delisted,13221W_21832_1189_43971_59132,13221W,2100003000,Hadlima,"{""pbs_code"":""13221W"",""formulary"":""F2"",""brand_name"":""Hadlima"",""li_item_id"":""13221W_21832_1189_43971_59132"",""determined_price"":444.17}",,,normal,PBS listing was present in the previous schedule and is now absent.,2026-08-29T11:14:36.234Z
3053,1983062564,2092-01-01T00:00:00.000Z,delisted,13221W_21832_1189_43971_59529,13221W,2100003000,Hyrimoz,"{""pbs_code"":""13221W"",""formulary"":""F2"",""brand_name"":""Hyrimoz"",""li_item_id"":""13221W_21832_1189_43971_59529"",""determined_price"":444.17}",,,normal,PBS listing was present in the previous schedule and is now absent.,2026-08-29T11:14:36.234Z
3054,1983062564,2092-01-01T00:00:00.000Z,delisted,13222X_21831_1189_43963_43965,13222X,2100003000,Humira,"{""pbs_code"":""13222X"",""formulary"":""F2"",""brand_name"":""Humira"",""li_item_id"":""13222X_21831_1189_43963_43965"",""determined_price"":444.17}",,,normal,PBS listing was present in the previous schedule and is now absent.,2026-08-29T11:14:36.234Z
3055,1983062564,2092-01-01T00:00:00.000Z,delisted,13222X_21831_1189_43963_55425,13222X,2100003000,Yuflyma,"{""pbs_code"":""13222X"",""formulary"":""F2"",""brand_name"":""Yuflyma"",""li_item_id"":""13222X_21831_1189_43963_55425"",""determined_price"":444.17}",,,normal,PBS listing was present in the previous schedule and is now absent.,2026-08-29T11:14:36.234Z
3056,1983062564,2092-01-01T00:00:00.000Z,delisted,13222X_21831_1189_43963_59133,13222X,2100003000,Hadlima,"{""pbs_code"":""13222X"",""formulary"":""F2"",""brand_name"":""Hadlima"",""li_item_id"":""13222X_21831_1189_43963_59133"",""determined_price"":444.17}",,,normal,PBS listing was present in the previous schedule and is now absent.,2026-08-29T11:14:36.234Z
3057,1983062564,2092-01-01T00:00:00.000Z,delisted,13222X_21831_1189_43963_59530,13222X,2100003000,Hyrimoz,"{""pbs_code"":""13222X"",""formulary"":""F2"",""brand_name"":""Hyrimoz"",""li_item_id"":""13222X_21831_1189_43963_59530"",""determined_price"":444.17}",,,normal,PBS listing was present in the previous schedule and is now absent.,2026-08-29T11:14:36.234Z
3058,1983062564,2092-01-01T00:00:00.000Z,delisted,13223Y_21832_1189_43971_55426,13223Y,2100003000,Yuflyma,"{""pbs_code"":""13223Y"",""formulary"":""F2"",""brand_name"":""Yuflyma"",""li_item_id"":""13223Y_21832_1189_43971_55426"",""determined_price"":444.17}",,,normal,PBS listing was present in the previous schedule and is now absent.,2026-08-29T11:14:36.234Z
3059,1983062564,2092-01-01T00:00:00.000Z,delisted,13223Y_21832_1189_43971_59132,13223Y,2100003000,Hadlima,"{""pbs_code"":""13223Y"",""formulary"":""F2"",""brand_name"":""Hadlima"",""li_item_id"":""13223Y_21832_1189_43971_59132"",""determined_price"":444.17}",,,normal,PBS listing was present in the previous schedule and is now absent.,2026-08-29T11:14:36.234Z
3060,1983062564,2092-01-01T00:00:00.000Z,delisted,13223Y_21832_1189_43971_59529,13223Y,2100003000,Hyrimoz,"{""pbs_code"":""13223Y"",""formulary"":""F2"",""brand_name"":""Hyrimoz"",""li_item_id"":""13223Y_21832_1189_43971_59529"",""determined_price"":444.17}",,,normal,PBS listing was present in the previous schedule and is now absent.,2026-08-29T11:14:36.234Z
3061,1983062564,2092-01-01T00:00:00.000Z,delisted,13224B_21832_1189_43971_43973,13224B,2100003000,Humira,"{""pbs_code"":""13224B"",""formulary"":""F2"",""brand_name"":""Humira"",""li_item_id"":""13224B_21832_1189_43971_43973"",""determined_price"":444.17}",,,normal,PBS listing was present in the previous schedule and is now absent.,2026-08-29T11:14:36.234Z
3062,1983062564,2092-01-01T00:00:00.000Z,delisted,13224B_21832_1189_43971_55426,13224B,2100003000,Yuflyma,"{""pbs_code"":""13224B"",""formulary"":""F2"",""brand_name"":""Yuflyma"",""li_item_id"":""13224B_21832_1189_43971_55426"",""determined_price"":444.17}",,,normal,PBS listing was present in the previous schedule and is now absent.,2026-08-29T11:14:36.234Z
3063,1983062564,2092-01-01T00:00:00.000Z,delisted,13224B_21832_1189_43971_59132,13224B,2100003000,Hadlima,"{""pbs_code"":""13224B"",""formulary"":""F2"",""brand_name"":""Hadlima"",""li_item_id"":""13224B_21832_1189_43971_59132"",""determined_price"":444.17}",,,normal,PBS listing was present in the previous schedule and is now absent.,2026-08-29T11:14:36.234Z
3064,1983062564,2092-01-01T00:00:00.000Z,delisted,13224B_21832_1189_43971_59529,13224B,2100003000,Hyrimoz,"{""pbs_code"":""13224B"",""formulary"":""F2"",""brand_name"":""Hyrimoz"",""li_item_id"":""13224B_21832_1189_43971_59529"",""determined_price"":444.17}",,,normal,PBS listing was present in the previous schedule and is now absent.,2026-08-29T11:14:36.234Z
3065,1983062564,2092-01-01T00:00:00.000Z,delisted,13225C_21832_1189_43971_55426,13225C,2100003000,Yuflyma,"{""pbs_code"":""13225C"",""formulary"":""F2"",""brand_name"":""Yuflyma"",""li_item_id"":""13225C_21832_1189_43971_55426"",""determined_price"":444.17}",,,normal,PBS listing was present in the previous schedule and is now absent.,2026-08-29T11:14:36.234Z
3066,1983062564,2092-01-01T00:00:00.000Z,delisted,13225C_21832_1189_43971_59132,13225C,2100003000,Hadlima,"{""pbs_code"":""13225C"",""formulary"":""F2"",""brand_name"":""Hadlima"",""li_item_id"":""13225C_21832_1189_43971_59132"",""determined_price"":444.17}",,,normal,PBS listing was present in the previous schedule and is now absent.,2026-08-29T11:14:36.234Z
3067,1983062564,2092-01-01T00:00:00.000Z,delisted,13225C_21832_1189_43971_59529,13225C,2100003000,Hyrimoz,"{""pbs_code"":""13225C"",""formulary"":""F2"",""brand_name"":""Hyrimoz"",""li_item_id"":""13225C_21832_1189_43971_59529"",""determined_price"":444.17}",,,normal,PBS listing was present in the previous schedule and is now absent.,2026-08-29T11:14:36.234Z
3068,1983062564,2092-01-01T00:00:00.000Z,delisted,13226D_21832_1189_43971_55426,13226D,2100003000,Yuflyma,"{""pbs_code"":""13226D"",""formulary"":""F2"",""brand_name"":""Yuflyma"",""li_item_id"":""13226D_21832_1189_43971_55426"",""determined_price"":444.17}",,,normal,PBS listing was present in the previous schedule and is now absent.,2026-08-29T11:14:36.234Z
3069,1983062564,2092-01-01T00:00:00.000Z,delisted,13226D_21832_1189_43971_59132,13226D,2100003000,Hadlima,"{""pbs_code"":""13226D"",""formulary"":""F2"",""brand_name"":""Hadlima"",""li_item_id"":""13226D_21832_1189_43971_59132"",""determined_price"":444.17}",,,normal,PBS listing was present in the previous schedule and is now absent.,2026-08-29T11:14:36.234Z
3070,1983062564,2092-01-01T00:00:00.000Z,delisted,13226D_21832_1189_43971_59529,13226D,2100003000,Hyrimoz,"{""pbs_code"":""13226D"",""formulary"":""F2"",""brand_name"":""Hyrimoz"",""li_item_id"":""13226D_21832_1189_43971_59529"",""determined_price"":444.17}",,,normal,PBS listing was present in the previous schedule and is now absent.,2026-08-29T11:14:36.234Z
3071,1983062564,2092-01-01T00:00:00.000Z,delisted,13227E_21832_1189_43971_43973,13227E,2100003000,Humira,"{""pbs_code"":""13227E"",""formulary"":""F2"",""brand_name"":""Humira"",""li_item_id"":""13227E_21832_1189_43971_43973"",""determined_price"":444.17}",,,normal,PBS listing was present in the previous schedule and is now absent.,2026-08-29T11:14:36.234Z
3072,1983062564,2092-01-01T00:00:00.000Z,delisted,13227E_21832_1189_43971_55426,13227E,2100003000,Yuflyma,"{""pbs_code"":""13227E"",""formulary"":""F2"",""brand_name"":""Yuflyma"",""li_item_id"":""13227E_21832_1189_43971_55426"",""determined_price"":444.17}",,,normal,PBS listing was present in the previous schedule and is now absent.,2026-08-29T11:14:36.234Z
3073,1983062564,2092-01-01T00:00:00.000Z,delisted,13227E_21832_1189_43971_59132,13227E,2100003000,Hadlima,"{""pbs_code"":""13227E"",""formulary"":""F2"",""brand_name"":""Hadlima"",""li_item_id"":""13227E_21832_1189_43971_59132"",""determined_price"":444.17}",,,normal,PBS listing was present in the previous schedule and is now absent.,2026-08-29T11:14:36.234Z
3074,1983062564,2092-01-01T00:00:00.000Z,delisted,13227E_21832_1189_43971_59529,13227E,2100003000,Hyrimoz,"{""pbs_code"":""13227E"",""formulary"":""F2"",""brand_name"":""Hyrimoz"",""li_item_id"":""13227E_21832_1189_43971_59529"",""determined_price"":444.17}",,,normal,PBS listing was present in the previous schedule and is now absent.,2026-08-29T11:14:36.234Z
3075,1983062564,2092-01-01T00:00:00.000Z,delisted,13228F_21831_1189_43963_43965,13228F,2100003000,Humira,"{""pbs_code"":""13228F"",""formulary"":""F2"",""brand_name"":""Humira"",""li_item_id"":""13228F_21831_1189_43963_43965"",""determined_price"":444.17}",,,normal,PBS listing was present in the previous schedule and is now absent.,2026-08-29T11:14:36.234Z
3076,1983062564,2092-01-01T00:00:00.000Z,delisted,13228F_21831_1189_43963_55425,13228F,2100003000,Yuflyma,"{""pbs_code"":""13228F"",""formulary"":""F2"",""brand_name"":""Yuflyma"",""li_item_id"":""13228F_21831_1189_43963_55425"",""determined_price"":444.17}",,,normal,PBS listing was present in the previous schedule and is now absent.,2026-08-29T11:14:36.234Z
3077,1983062564,2092-01-01T00:00:00.000Z,delisted,13228F_21831_1189_43963_59133,13228F,2100003000,Hadlima,"{""pbs_code"":""13228F"",""formulary"":""F2"",""brand_name"":""Hadlima"",""li_item_id"":""13228F_21831_1189_43963_59133"",""determined_price"":444.17}",,,normal,PBS listing was present in the previous schedule and is now absent.,2026-08-29T11:14:36.234Z
3078,1983062564,2092-01-01T00:00:00.000Z,delisted,13228F_21831_1189_43963_59530,13228F,2100003000,Hyrimoz,"{""pbs_code"":""13228F"",""formulary"":""F2"",""brand_name"":""Hyrimoz"",""li_item_id"":""13228F_21831_1189_43963_59530"",""determined_price"":444.17}",,,normal,PBS listing was present in the previous schedule and is now absent.,2026-08-29T11:14:36.234Z
3079,1983062564,2092-01-01T00:00:00.000Z,delisted,13229G_21832_1189_43971_43973,13229G,2100003000,Humira,"{""pbs_code"":""13229G"",""formulary"":""F2"",""brand_name"":""Humira"",""li_item_id"":""13229G_21832_1189_43971_43973"",""determined_price"":444.17}",,,normal,PBS listing was present in the previous schedule and is now absent.,2026-08-29T11:14:36.234Z
3080,1983062564,2092-01-01T00:00:00.000Z,delisted,13229G_21832_1189_43971_55426,13229G,2100003000,Yuflyma,"{""pbs_code"":""13229G"",""formulary"":""F2"",""brand_name"":""Yuflyma"",""li_item_id"":""13229G_21832_1189_43971_55426"",""determined_price"":444.17}",,,normal,PBS listing was present in the previous schedule and is now absent.,2026-08-29T11:14:36.234Z
3081,1983062564,2092-01-01T00:00:00.000Z,delisted,13229G_21832_1189_43971_59132,13229G,2100003000,Hadlima,"{""pbs_code"":""13229G"",""formulary"":""F2"",""brand_name"":""Hadlima"",""li_item_id"":""13229G_21832_1189_43971_59132"",""determined_price"":444.17}",,,normal,PBS listing was present in the previous schedule and is now absent.,2026-08-29T11:14:36.234Z
3082,1983062564,2092-01-01T00:00:00.000Z,delisted,13229G_21832_1189_43971_59529,13229G,2100003000,Hyrimoz,"{""pbs_code"":""13229G"",""formulary"":""F2"",""brand_name"":""Hyrimoz"",""li_item_id"":""13229G_21832_1189_43971_59529"",""determined_price"":444.17}",,,normal,PBS listing was present in the previous schedule and is now absent.,2026-08-29T11:14:36.234Z
3083,1983062564,2092-01-01T00:00:00.000Z,delisted,13230H_21832_1189_43971_55426,13230H,2100003000,Yuflyma,"{""pbs_code"":""13230H"",""formulary"":""F2"",""brand_name"":""Yuflyma"",""li_item_id"":""13230H_21832_1189_43971_55426"",""determined_price"":444.17}",,,normal,PBS listing was present in the previous schedule and is now absent.,2026-08-29T11:14:36.234Z
3084,1983062564,2092-01-01T00:00:00.000Z,delisted,13230H_21832_1189_43971_59132,13230H,2100003000,Hadlima,"{""pbs_code"":""13230H"",""formulary"":""F2"",""brand_name"":""Hadlima"",""li_item_id"":""13230H_21832_1189_43971_59132"",""determined_price"":444.17}",,,normal,PBS listing was present in the previous schedule and is now absent.,2026-08-29T11:14:36.234Z
3085,1983062564,2092-01-01T00:00:00.000Z,delisted,13230H_21832_1189_43971_59529,13230H,2100003000,Hyrimoz,"{""pbs_code"":""13230H"",""formulary"":""F2"",""brand_name"":""Hyrimoz"",""li_item_id"":""13230H_21832_1189_43971_59529"",""determined_price"":444.17}",,,normal,PBS listing was present in the previous schedule and is now absent.,2026-08-29T11:14:36.234Z
3086,1983062564,2092-01-01T00:00:00.000Z,delisted,13292N_22501_1189_45820_45824,13292N,2100003000,Humira,"{""pbs_code"":""13292N"",""formulary"":""F2"",""brand_name"":""Humira"",""li_item_id"":""13292N_22501_1189_45820_45824"",""determined_price"":567.42}",,,normal,PBS listing was present in the previous schedule and is now absent.,2026-08-29T11:14:36.234Z
3087,1983062564,2092-01-01T00:00:00.000Z,delisted,13293P_22501_1189_45820_45824,13293P,2100003000,Humira,"{""pbs_code"":""13293P"",""formulary"":""F2"",""brand_name"":""Humira"",""li_item_id"":""13293P_22501_1189_45820_45824"",""determined_price"":567.42}",,,normal,PBS listing was present in the previous schedule and is now absent.,2026-08-29T11:14:36.234Z
3088,1983062564,2092-01-01T00:00:00.000Z,delisted,13686H_7270_1189_5417_49267,13686H,2100003000,Hyrimoz,"{""pbs_code"":""13686H"",""formulary"":""F2"",""brand_name"":""Hyrimoz"",""li_item_id"":""13686H_7270_1189_5417_49267"",""determined_price"":444.17}",,,normal,PBS listing was present in the previous schedule and is now absent.,2026-08-29T11:14:36.234Z
3089,1983062564,2092-01-01T00:00:00.000Z,delisted,13686H_7270_1189_5417_50918,13686H,2100003000,Hadlima,"{""pbs_code"":""13686H"",""formulary"":""F2"",""brand_name"":""Hadlima"",""li_item_id"":""13686H_7270_1189_5417_50918"",""determined_price"":444.17}",,,normal,PBS listing was present in the previous schedule and is now absent.,2026-08-29T11:14:36.234Z
3090,1983062564,2092-01-01T00:00:00.000Z,delisted,13686H_7270_1189_5417_51588,13686H,2100003000,Amgevita,"{""pbs_code"":""13686H"",""formulary"":""F2"",""brand_name"":""Amgevita"",""li_item_id"":""13686H_7270_1189_5417_51588"",""determined_price"":444.17}",,,normal,PBS listing was present in the previous schedule and is now absent.,2026-08-29T11:14:36.234Z
3091,1983062564,2092-01-01T00:00:00.000Z,delisted,13686H_7270_1189_5417_54286,13686H,2100003000,Abrilada,"{""pbs_code"":""13686H"",""formulary"":""F2"",""brand_name"":""Abrilada"",""li_item_id"":""13686H_7270_1189_5417_54286"",""determined_price"":444.17}",,,normal,PBS listing was present in the previous schedule and is now absent.,2026-08-29T11:14:36.234Z
3092,1983062564,2092-01-01T00:00:00.000Z,delisted,13691N_21832_1189_43971_55426,13691N,2100003000,Yuflyma,"{""pbs_code"":""13691N"",""formulary"":""F2"",""brand_name"":""Yuflyma"",""li_item_id"":""13691N_21832_1189_43971_55426"",""determined_price"":444.17}",,,normal,PBS listing was present in the previous schedule and is now absent.,2026-08-29T11:14:36.234Z
3093,1983062564,2092-01-01T00:00:00.000Z,delisted,13691N_21832_1189_43971_59132,13691N,2100003000,Hadlima,"{""pbs_code"":""13691N"",""formulary"":""F2"",""brand_name"":""Hadlima"",""li_item_id"":""13691N_21832_1189_43971_59132"",""determined_price"":444.17}",,,normal,PBS listing was present in the previous schedule and is now absent.,2026-08-29T11:14:36.234Z
3094,1983062564,2092-01-01T00:00:00.000Z,delisted,13691N_21832_1189_43971_59529,13691N,2100003000,Hyrimoz,"{""pbs_code"":""13691N"",""formulary"":""F2"",""brand_name"":""Hyrimoz"",""li_item_id"":""13691N_21832_1189_43971_59529"",""determined_price"":444.17}",,,normal,PBS listing was present in the previous schedule and is now absent.,2026-08-29T11:14:36.234Z
3095,1983062564,2092-01-01T00:00:00.000Z,delisted,13692P_7270_1189_5417_49267,13692P,2100003000,Hyrimoz,"{""pbs_code"":""13692P"",""formulary"":""F2"",""brand_name"":""Hyrimoz"",""li_item_id"":""13692P_7270_1189_5417_49267"",""determined_price"":444.17}",,,normal,PBS listing was present in the previous schedule and is now absent.,2026-08-29T11:14:36.234Z
3096,1983062564,2092-01-01T00:00:00.000Z,delisted,13692P_7270_1189_5417_50918,13692P,2100003000,Hadlima,"{""pbs_code"":""13692P"",""formulary"":""F2"",""brand_name"":""Hadlima"",""li_item_id"":""13692P_7270_1189_5417_50918"",""determined_price"":444.17}",,,normal,PBS listing was present in the previous schedule and is now absent.,2026-08-29T11:14:36.234Z
3097,1983062564,2092-01-01T00:00:00.000Z,delisted,13692P_7270_1189_5417_51588,13692P,2100003000,Amgevita,"{""pbs_code"":""13692P"",""formulary"":""F2"",""brand_name"":""Amgevita"",""li_item_id"":""13692P_7270_1189_5417_51588"",""determined_price"":444.17}",,,normal,PBS listing was present in the previous schedule and is now absent.,2026-08-29T11:14:36.234Z
3098,1983062564,2092-01-01T00:00:00.000Z,delisted,13692P_7270_1189_5417_54286,13692P,2100003000,Abrilada,"{""pbs_code"":""13692P"",""formulary"":""F2"",""brand_name"":""Abrilada"",""li_item_id"":""13692P_7270_1189_5417_54286"",""determined_price"":444.17}",,,normal,PBS listing was present in the previous schedule and is now absent.,2026-08-29T11:14:36.234Z
3099,1983062564,2092-01-01T00:00:00.000Z,delisted,13703F_21832_1189_43971_55426,13703F,2100003000,Yuflyma,"{""pbs_code"":""13703F"",""formulary"":""F2"",""brand_name"":""Yuflyma"",""li_item_id"":""13703F_21832_1189_43971_55426"",""determined_price"":444.17}",,,normal,PBS listing was present in the previous schedule and is now absent.,2026-08-29T11:14:36.234Z
3100,1983062564,2092-01-01T00:00:00.000Z,delisted,13703F_21832_1189_43971_59132,13703F,2100003000,Hadlima,"{""pbs_code"":""13703F"",""formulary"":""F2"",""brand_name"":""Hadlima"",""li_item_id"":""13703F_21832_1189_43971_59132"",""determined_price"":444.17}",,,normal,PBS listing was present in the previous schedule and is now absent.,2026-08-29T11:14:36.234Z
3101,1983062564,2092-01-01T00:00:00.000Z,delisted,13703F_21832_1189_43971_59529,13703F,2100003000,Hyrimoz,"{""pbs_code"":""13703F"",""formulary"":""F2"",""brand_name"":""Hyrimoz"",""li_item_id"":""13703F_21832_1189_43971_59529"",""determined_price"":444.17}",,,normal,PBS listing was present in the previous schedule and is now absent.,2026-08-29T11:14:36.234Z
3102,1983062564,2092-01-01T00:00:00.000Z,delisted,13704G_21831_1189_43963_55425,13704G,2100003000,Yuflyma,"{""pbs_code"":""13704G"",""formulary"":""F2"",""brand_name"":""Yuflyma"",""li_item_id"":""13704G_21831_1189_43963_55425"",""determined_price"":444.17}",,,normal,PBS listing was present in the previous schedule and is now absent.,2026-08-29T11:14:36.234Z
3103,1983062564,2092-01-01T00:00:00.000Z,delisted,13704G_21831_1189_43963_59133,13704G,2100003000,Hadlima,"{""pbs_code"":""13704G"",""formulary"":""F2"",""brand_name"":""Hadlima"",""li_item_id"":""13704G_21831_1189_43963_59133"",""determined_price"":444.17}",,,normal,PBS listing was present in the previous schedule and is now absent.,2026-08-29T11:14:36.234Z
3104,1983062564,2092-01-01T00:00:00.000Z,delisted,13704G_21831_1189_43963_59530,13704G,2100003000,Hyrimoz,"{""pbs_code"":""13704G"",""formulary"":""F2"",""brand_name"":""Hyrimoz"",""li_item_id"":""13704G_21831_1189_43963_59530"",""determined_price"":444.17}",,,normal,PBS listing was present in the previous schedule and is now absent.,2026-08-29T11:14:36.234Z
3105,1983062564,2092-01-01T00:00:00.000Z,delisted,13721E_10037_1189_5419_45576,13721E,2100003000,Hadlima,"{""pbs_code"":""13721E"",""formulary"":""F2"",""brand_name"":""Hadlima"",""li_item_id"":""13721E_10037_1189_5419_45576"",""determined_price"":444.17}",,,normal,PBS listing was present in the previous schedule and is now absent.,2026-08-29T11:14:36.234Z
3106,1983062564,2092-01-01T00:00:00.000Z,delisted,13721E_10037_1189_5419_45951,13721E,2100003000,Amgevita,"{""pbs_code"":""13721E"",""formulary"":""F2"",""brand_name"":""Amgevita"",""li_item_id"":""13721E_10037_1189_5419_45951"",""determined_price"":444.17}",,,normal,PBS listing was present in the previous schedule and is now absent.,2026-08-29T11:14:36.234Z
3107,1983062564,2092-01-01T00:00:00.000Z,delisted,13721E_10037_1189_5419_49269,13721E,2100003000,Hyrimoz,"{""pbs_code"":""13721E"",""formulary"":""F2"",""brand_name"":""Hyrimoz"",""li_item_id"":""13721E_10037_1189_5419_49269"",""determined_price"":444.17}",,,normal,PBS listing was present in the previous schedule and is now absent.,2026-08-29T11:14:36.234Z
3108,1983062564,2092-01-01T00:00:00.000Z,delisted,13722F_10037_1189_5419_45576,13722F,2100003000,Hadlima,"{""pbs_code"":""13722F"",""formulary"":""F2"",""brand_name"":""Hadlima"",""li_item_id"":""13722F_10037_1189_5419_45576"",""determined_price"":444.17}",,,normal,PBS listing was present in the previous schedule and is now absent.,2026-08-29T11:14:36.234Z
3109,1983062564,2092-01-01T00:00:00.000Z,delisted,13722F_10037_1189_5419_45951,13722F,2100003000,Amgevita,"{""pbs_code"":""13722F"",""formulary"":""F2"",""brand_name"":""Amgevita"",""li_item_id"":""13722F_10037_1189_5419_45951"",""determined_price"":444.17}",,,normal,PBS listing was present in the previous schedule and is now absent.,2026-08-29T11:14:36.234Z
3110,1983062564,2092-01-01T00:00:00.000Z,delisted,13722F_10037_1189_5419_49269,13722F,2100003000,Hyrimoz,"{""pbs_code"":""13722F"",""formulary"":""F2"",""brand_name"":""Hyrimoz"",""li_item_id"":""13722F_10037_1189_5419_49269"",""determined_price"":444.17}",,,normal,PBS listing was present in the previous schedule and is now absent.,2026-08-29T11:14:36.234Z
3111,1983062564,2092-01-01T00:00:00.000Z,delisted,13732R_21831_1189_43963_55425,13732R,2100003000,Yuflyma,"{""pbs_code"":""13732R"",""formulary"":""F2"",""brand_name"":""Yuflyma"",""li_item_id"":""13732R_21831_1189_43963_55425"",""determined_price"":444.17}",,,normal,PBS listing was present in the previous schedule and is now absent.,2026-08-29T11:14:36.234Z
3112,1983062564,2092-01-01T00:00:00.000Z,delisted,13732R_21831_1189_43963_59133,13732R,2100003000,Hadlima,"{""pbs_code"":""13732R"",""formulary"":""F2"",""brand_name"":""Hadlima"",""li_item_id"":""13732R_21831_1189_43963_59133"",""determined_price"":444.17}",,,normal,PBS listing was present in the previous schedule and is now absent.,2026-08-29T11:14:36.234Z
3113,1983062564,2092-01-01T00:00:00.000Z,delisted,13732R_21831_1189_43963_59530,13732R,2100003000,Hyrimoz,"{""pbs_code"":""13732R"",""formulary"":""F2"",""brand_name"":""Hyrimoz"",""li_item_id"":""13732R_21831_1189_43963_59530"",""determined_price"":444.17}",,,normal,PBS listing was present in the previous schedule and is now absent.,2026-08-29T11:14:36.234Z
3114,1983062564,2092-01-01T00:00:00.000Z,delisted,13744J_10037_1189_5419_45576,13744J,2100003000,Hadlima,"{""pbs_code"":""13744J"",""formulary"":""F2"",""brand_name"":""Hadlima"",""li_item_id"":""13744J_10037_1189_5419_45576"",""determined_price"":444.17}",,,normal,PBS listing was present in the previous schedule and is now absent.,2026-08-29T11:14:36.234Z
3115,1983062564,2092-01-01T00:00:00.000Z,delisted,13744J_10037_1189_5419_45951,13744J,2100003000,Amgevita,"{""pbs_code"":""13744J"",""formulary"":""F2"",""brand_name"":""Amgevita"",""li_item_id"":""13744J_10037_1189_5419_45951"",""determined_price"":444.17}",,,normal,PBS listing was present in the previous schedule and is now absent.,2026-08-29T11:14:36.234Z
3116,1983062564,2092-01-01T00:00:00.000Z,delisted,13744J_10037_1189_5419_49269,13744J,2100003000,Hyrimoz,"{""pbs_code"":""13744J"",""formulary"":""F2"",""brand_name"":""Hyrimoz"",""li_item_id"":""13744J_10037_1189_5419_49269"",""determined_price"":444.17}",,,normal,PBS listing was present in the previous schedule and is now absent.,2026-08-29T11:14:36.234Z
3117,1983062564,2092-01-01T00:00:00.000Z,delisted,13754X_7270_1189_5417_49267,13754X,2100003000,Hyrimoz,"{""pbs_code"":""13754X"",""formulary"":""F2"",""brand_name"":""Hyrimoz"",""li_item_id"":""13754X_7270_1189_5417_49267"",""determined_price"":444.17}",,,normal,PBS listing was present in the previous schedule and is now absent.,2026-08-29T11:14:36.234Z
3118,1983062564,2092-01-01T00:00:00.000Z,delisted,13754X_7270_1189_5417_50918,13754X,2100003000,Hadlima,"{""pbs_code"":""13754X"",""formulary"":""F2"",""brand_name"":""Hadlima"",""li_item_id"":""13754X_7270_1189_5417_50918"",""determined_price"":444.17}",,,normal,PBS listing was present in the previous schedule and is now absent.,2026-08-29T11:14:36.234Z
3119,1983062564,2092-01-01T00:00:00.000Z,delisted,13754X_7270_1189_5417_51588,13754X,2100003000,Amgevita,"{""pbs_code"":""13754X"",""formulary"":""F2"",""brand_name"":""Amgevita"",""li_item_id"":""13754X_7270_1189_5417_51588"",""determined_price"":444.17}",,,normal,PBS listing was present in the previous schedule and is now absent.,2026-08-29T11:14:36.234Z
3120,1983062564,2092-01-01T00:00:00.000Z,delisted,13754X_7270_1189_5417_54286,13754X,2100003000,Abrilada,"{""pbs_code"":""13754X"",""formulary"":""F2"",""brand_name"":""Abrilada"",""li_item_id"":""13754X_7270_1189_5417_54286"",""determined_price"":444.17}",,,normal,PBS listing was present in the previous schedule and is now absent.,2026-08-29T11:14:36.234Z
3121,1983062564,2092-01-01T00:00:00.000Z,delisted,13763J_21831_1189_43963_55425,13763J,2100003000,Yuflyma,"{""pbs_code"":""13763J"",""formulary"":""F2"",""brand_name"":""Yuflyma"",""li_item_id"":""13763J_21831_1189_43963_55425"",""determined_price"":444.17}",,,normal,PBS listing was present in the previous schedule and is now absent.,2026-08-29T11:14:36.234Z
3122,1983062564,2092-01-01T00:00:00.000Z,delisted,13763J_21831_1189_43963_59133,13763J,2100003000,Hadlima,"{""pbs_code"":""13763J"",""formulary"":""F2"",""brand_name"":""Hadlima"",""li_item_id"":""13763J_21831_1189_43963_59133"",""determined_price"":444.17}",,,normal,PBS listing was present in the previous schedule and is now absent.,2026-08-29T11:14:36.234Z
3123,1983062564,2092-01-01T00:00:00.000Z,delisted,13763J_21831_1189_43963_59530,13763J,2100003000,Hyrimoz,"{""pbs_code"":""13763J"",""formulary"":""F2"",""brand_name"":""Hyrimoz"",""li_item_id"":""13763J_21831_1189_43963_59530"",""determined_price"":444.17}",,,normal,PBS listing was present in the previous schedule and is now absent.,2026-08-29T11:14:36.234Z
3124,1983062564,2092-01-01T00:00:00.000Z,delisted,13764K_21832_1189_43971_55426,13764K,2100003000,Yuflyma,"{""pbs_code"":""13764K"",""formulary"":""F2"",""brand_name"":""Yuflyma"",""li_item_id"":""13764K_21832_1189_43971_55426"",""determined_price"":444.17}",,,normal,PBS listing was present in the previous schedule and is now absent.,2026-08-29T11:14:36.234Z
3125,1983062564,2092-01-01T00:00:00.000Z,delisted,13764K_21832_1189_43971_59132,13764K,2100003000,Hadlima,"{""pbs_code"":""13764K"",""formulary"":""F2"",""brand_name"":""Hadlima"",""li_item_id"":""13764K_21832_1189_43971_59132"",""determined_price"":444.17}",,,normal,PBS listing was present in the previous schedule and is now absent.,2026-08-29T11:14:36.234Z
3126,1983062564,2092-01-01T00:00:00.000Z,delisted,13764K_21832_1189_43971_59529,13764K,2100003000,Hyrimoz,"{""pbs_code"":""13764K"",""formulary"":""F2"",""brand_name"":""Hyrimoz"",""li_item_id"":""13764K_21832_1189_43971_59529"",""determined_price"":444.17}",,,normal,PBS listing was present in the previous schedule and is now absent.,2026-08-29T11:14:36.234Z
3127,1983062564,2092-01-01T00:00:00.000Z,delisted,14221L_21832_1189_43971_43973,14221L,2100003000,Humira,"{""pbs_code"":""14221L"",""formulary"":""F2"",""brand_name"":""Humira"",""li_item_id"":""14221L_21832_1189_43971_43973"",""determined_price"":444.17}",,,normal,PBS listing was present in the previous schedule and is now absent.,2026-08-29T11:14:36.234Z
3128,1983062564,2092-01-01T00:00:00.000Z,delisted,14221L_21832_1189_43971_55426,14221L,2100003000,Yuflyma,"{""pbs_code"":""14221L"",""formulary"":""F2"",""brand_name"":""Yuflyma"",""li_item_id"":""14221L_21832_1189_43971_55426"",""determined_price"":444.17}",,,normal,PBS listing was present in the previous schedule and is now absent.,2026-08-29T11:14:36.234Z
3129,1983062564,2092-01-01T00:00:00.000Z,delisted,14221L_21832_1189_43971_59132,14221L,2100003000,Hadlima,"{""pbs_code"":""14221L"",""formulary"":""F2"",""brand_name"":""Hadlima"",""li_item_id"":""14221L_21832_1189_43971_59132"",""determined_price"":444.17}",,,normal,PBS listing was present in the previous schedule and is now absent.,2026-08-29T11:14:36.234Z
3130,1983062564,2092-01-01T00:00:00.000Z,delisted,14221L_21832_1189_43971_59529,14221L,2100003000,Hyrimoz,"{""pbs_code"":""14221L"",""formulary"":""F2"",""brand_name"":""Hyrimoz"",""li_item_id"":""14221L_21832_1189_43971_59529"",""determined_price"":444.17}",,,normal,PBS listing was present in the previous schedule and is now absent.,2026-08-29T11:14:36.234Z
3131,1983062564,2092-01-01T00:00:00.000Z,delisted,14222M_10037_1189_5419_45576,14222M,2100003000,Hadlima,"{""pbs_code"":""14222M"",""formulary"":""F2"",""brand_name"":""Hadlima"",""li_item_id"":""14222M_10037_1189_5419_45576"",""determined_price"":444.17}",,,normal,PBS listing was present in the previous schedule and is now absent.,2026-08-29T11:14:36.234Z
3132,1983062564,2092-01-01T00:00:00.000Z,delisted,14222M_10037_1189_5419_45951,14222M,2100003000,Amgevita,"{""pbs_code"":""14222M"",""formulary"":""F2"",""brand_name"":""Amgevita"",""li_item_id"":""14222M_10037_1189_5419_45951"",""determined_price"":444.17}",,,normal,PBS listing was present in the previous schedule and is now absent.,2026-08-29T11:14:36.234Z
3133,1983062564,2092-01-01T00:00:00.000Z,delisted,14222M_10037_1189_5419_49269,14222M,2100003000,Hyrimoz,"{""pbs_code"":""14222M"",""formulary"":""F2"",""brand_name"":""Hyrimoz"",""li_item_id"":""14222M_10037_1189_5419_49269"",""determined_price"":444.17}",,,normal,PBS listing was present in the previous schedule and is now absent.,2026-08-29T11:14:36.234Z
3134,1983062564,2092-01-01T00:00:00.000Z,delisted,14234E_21832_1189_43971_55426,14234E,2100003000,Yuflyma,"{""pbs_code"":""14234E"",""formulary"":""F2"",""brand_name"":""Yuflyma"",""li_item_id"":""14234E_21832_1189_43971_55426"",""determined_price"":444.17}",,,normal,PBS listing was present in the previous schedule and is now absent.,2026-08-29T11:14:36.234Z
3135,1983062564,2092-01-01T00:00:00.000Z,delisted,14234E_21832_1189_43971_59132,14234E,2100003000,Hadlima,"{""pbs_code"":""14234E"",""formulary"":""F2"",""brand_name"":""Hadlima"",""li_item_id"":""14234E_21832_1189_43971_59132"",""determined_price"":444.17}",,,normal,PBS listing was present in the previous schedule and is now absent.,2026-08-29T11:14:36.234Z
3136,1983062564,2092-01-01T00:00:00.000Z,delisted,14234E_21832_1189_43971_59529,14234E,2100003000,Hyrimoz,"{""pbs_code"":""14234E"",""formulary"":""F2"",""brand_name"":""Hyrimoz"",""li_item_id"":""14234E_21832_1189_43971_59529"",""determined_price"":444.17}",,,normal,PBS listing was present in the previous schedule and is now absent.,2026-08-29T11:14:36.234Z
3137,1983062564,2092-01-01T00:00:00.000Z,delisted,14242N_21832_1189_43971_43973,14242N,2100003000,Humira,"{""pbs_code"":""14242N"",""formulary"":""F2"",""brand_name"":""Humira"",""li_item_id"":""14242N_21832_1189_43971_43973"",""determined_price"":444.17}",,,normal,PBS listing was present in the previous schedule and is now absent.,2026-08-29T11:14:36.234Z
3138,1983062564,2092-01-01T00:00:00.000Z,delisted,14242N_21832_1189_43971_55426,14242N,2100003000,Yuflyma,"{""pbs_code"":""14242N"",""formulary"":""F2"",""brand_name"":""Yuflyma"",""li_item_id"":""14242N_21832_1189_43971_55426"",""determined_price"":444.17}",,,normal,PBS listing was present in the previous schedule and is now absent.,2026-08-29T11:14:36.234Z
3139,1983062564,2092-01-01T00:00:00.000Z,delisted,14242N_21832_1189_43971_59132,14242N,2100003000,Hadlima,"{""pbs_code"":""14242N"",""formulary"":""F2"",""brand_name"":""Hadlima"",""li_item_id"":""14242N_21832_1189_43971_59132"",""determined_price"":444.17}",,,normal,PBS listing was present in the previous schedule and is now absent.,2026-08-29T11:14:36.234Z
3140,1983062564,2092-01-01T00:00:00.000Z,delisted,14242N_21832_1189_43971_59529,14242N,2100003000,Hyrimoz,"{""pbs_code"":""14242N"",""formulary"":""F2"",""brand_name"":""Hyrimoz"",""li_item_id"":""14242N_21832_1189_43971_59529"",""determined_price"":444.17}",,,normal,PBS listing was present in the previous schedule and is now absent.,2026-08-29T11:14:36.234Z
3141,1983062564,2092-01-01T00:00:00.000Z,delisted,14243P_10037_1189_5419_45576,14243P,2100003000,Hadlima,"{""pbs_code"":""14243P"",""formulary"":""F2"",""brand_name"":""Hadlima"",""li_item_id"":""14243P_10037_1189_5419_45576"",""determined_price"":444.17}",,,normal,PBS listing was present in the previous schedule and is now absent.,2026-08-29T11:14:36.234Z
3142,1983062564,2092-01-01T00:00:00.000Z,delisted,14243P_10037_1189_5419_45951,14243P,2100003000,Amgevita,"{""pbs_code"":""14243P"",""formulary"":""F2"",""brand_name"":""Amgevita"",""li_item_id"":""14243P_10037_1189_5419_45951"",""determined_price"":444.17}",,,normal,PBS listing was present in the previous schedule and is now absent.,2026-08-29T11:14:36.234Z
3143,1983062564,2092-01-01T00:00:00.000Z,delisted,14243P_10037_1189_5419_49269,14243P,2100003000,Hyrimoz,"{""pbs_code"":""14243P"",""formulary"":""F2"",""brand_name"":""Hyrimoz"",""li_item_id"":""14243P_10037_1189_5419_49269"",""determined_price"":444.17}",,,normal,PBS listing was present in the previous schedule and is now absent.,2026-08-29T11:14:36.234Z
3144,1983062564,2092-01-01T00:00:00.000Z,delisted,14244Q_22501_1189_45820_45824,14244Q,2100003000,Humira,"{""pbs_code"":""14244Q"",""formulary"":""F2"",""brand_name"":""Humira"",""li_item_id"":""14244Q_22501_1189_45820_45824"",""determined_price"":567.42}",,,normal,PBS listing was present in the previous schedule and is now absent.,2026-08-29T11:14:36.234Z
3145,1983062564,2092-01-01T00:00:00.000Z,delisted,14245R_22501_1189_45820_45824,14245R,2100003000,Humira,"{""pbs_code"":""14245R"",""formulary"":""F2"",""brand_name"":""Humira"",""li_item_id"":""14245R_22501_1189_45820_45824"",""determined_price"":567.42}",,,normal,PBS listing was present in the previous schedule and is now absent.,2026-08-29T11:14:36.234Z
3146,1983062564,2092-01-01T00:00:00.000Z,delisted,14251C_10037_1189_5419_45576,14251C,2100003000,Hadlima,"{""pbs_code"":""14251C"",""formulary"":""F2"",""brand_name"":""Hadlima"",""li_item_id"":""14251C_10037_1189_5419_45576"",""determined_price"":444.17}",,,normal,PBS listing was present in the previous schedule and is now absent.,2026-08-29T11:14:36.234Z
3147,1983062564,2092-01-01T00:00:00.000Z,delisted,14251C_10037_1189_5419_45951,14251C,2100003000,Amgevita,"{""pbs_code"":""14251C"",""formulary"":""F2"",""brand_name"":""Amgevita"",""li_item_id"":""14251C_10037_1189_5419_45951"",""determined_price"":444.17}",,,normal,PBS listing was present in the previous schedule and is now absent.,2026-08-29T11:14:36.234Z
3148,1983062564,2092-01-01T00:00:00.000Z,delisted,14251C_10037_1189_5419_49269,14251C,2100003000,Hyrimoz,"{""pbs_code"":""14251C"",""formulary"":""F2"",""brand_name"":""Hyrimoz"",""li_item_id"":""14251C_10037_1189_5419_49269"",""determined_price"":444.17}",,,normal,PBS listing was present in the previous schedule and is now absent.,2026-08-29T11:14:36.234Z
3149,1983062564,2092-01-01T00:00:00.000Z,delisted,14261N_7270_1189_5417_49267,14261N,2100003000,Hyrimoz,"{""pbs_code"":""14261N"",""formulary"":""F2"",""brand_name"":""Hyrimoz"",""li_item_id"":""14261N_7270_1189_5417_49267"",""determined_price"":444.17}",,,normal,PBS listing was present in the previous schedule and is now absent.,2026-08-29T11:14:36.234Z
3150,1983062564,2092-01-01T00:00:00.000Z,delisted,14261N_7270_1189_5417_50918,14261N,2100003000,Hadlima,"{""pbs_code"":""14261N"",""formulary"":""F2"",""brand_name"":""Hadlima"",""li_item_id"":""14261N_7270_1189_5417_50918"",""determined_price"":444.17}",,,normal,PBS listing was present in the previous schedule and is now absent.,2026-08-29T11:14:36.234Z
3151,1983062564,2092-01-01T00:00:00.000Z,delisted,14261N_7270_1189_5417_51588,14261N,2100003000,Amgevita,"{""pbs_code"":""14261N"",""formulary"":""F2"",""brand_name"":""Amgevita"",""li_item_id"":""14261N_7270_1189_5417_51588"",""determined_price"":444.17}",,,normal,PBS listing was present in the previous schedule and is now absent.,2026-08-29T11:14:36.234Z
3152,1983062564,2092-01-01T00:00:00.000Z,delisted,14261N_7270_1189_5417_54286,14261N,2100003000,Abrilada,"{""pbs_code"":""14261N"",""formulary"":""F2"",""brand_name"":""Abrilada"",""li_item_id"":""14261N_7270_1189_5417_54286"",""determined_price"":444.17}",,,normal,PBS listing was present in the previous schedule and is now absent.,2026-08-29T11:14:36.234Z
3153,1983062564,2092-01-01T00:00:00.000Z,delisted,14262P_7270_1189_5417_49267,14262P,2100003000,Hyrimoz,"{""pbs_code"":""14262P"",""formulary"":""F2"",""brand_name"":""Hyrimoz"",""li_item_id"":""14262P_7270_1189_5417_49267"",""determined_price"":444.17}",,,normal,PBS listing was present in the previous schedule and is now absent.,2026-08-29T11:14:36.234Z
3154,1983062564,2092-01-01T00:00:00.000Z,delisted,14262P_7270_1189_5417_50918,14262P,2100003000,Hadlima,"{""pbs_code"":""14262P"",""formulary"":""F2"",""brand_name"":""Hadlima"",""li_item_id"":""14262P_7270_1189_5417_50918"",""determined_price"":444.17}",,,normal,PBS listing was present in the previous schedule and is now absent.,2026-08-29T11:14:36.234Z
3155,1983062564,2092-01-01T00:00:00.000Z,delisted,14262P_7270_1189_5417_51588,14262P,2100003000,Amgevita,"{""pbs_code"":""14262P"",""formulary"":""F2"",""brand_name"":""Amgevita"",""li_item_id"":""14262P_7270_1189_5417_51588"",""determined_price"":444.17}",,,normal,PBS listing was present in the previous schedule and is now absent.,2026-08-29T11:14:36.234Z
3156,1983062564,2092-01-01T00:00:00.000Z,delisted,14262P_7270_1189_5417_54286,14262P,2100003000,Abrilada,"{""pbs_code"":""14262P"",""formulary"":""F2"",""brand_name"":""Abrilada"",""li_item_id"":""14262P_7270_1189_5417_54286"",""determined_price"":444.17}",,,normal,PBS listing was present in the previous schedule and is now absent.,2026-08-29T11:14:36.234Z
3157,1983062564,2092-01-01T00:00:00.000Z,delisted,14263Q_7270_1189_5417_49267,14263Q,2100003000,Hyrimoz,"{""pbs_code"":""14263Q"",""formulary"":""F2"",""brand_name"":""Hyrimoz"",""li_item_id"":""14263Q_7270_1189_5417_49267"",""determined_price"":444.17}",,,normal,PBS listing was present in the previous schedule and is now absent.,2026-08-29T11:14:36.234Z
3158,1983062564,2092-01-01T00:00:00.000Z,delisted,14263Q_7270_1189_5417_50918,14263Q,2100003000,Hadlima,"{""pbs_code"":""14263Q"",""formulary"":""F2"",""brand_name"":""Hadlima"",""li_item_id"":""14263Q_7270_1189_5417_50918"",""determined_price"":444.17}",,,normal,PBS listing was present in the previous schedule and is now absent.,2026-08-29T11:14:36.234Z
3159,1983062564,2092-01-01T00:00:00.000Z,delisted,14263Q_7270_1189_5417_51588,14263Q,2100003000,Amgevita,"{""pbs_code"":""14263Q"",""formulary"":""F2"",""brand_name"":""Amgevita"",""li_item_id"":""14263Q_7270_1189_5417_51588"",""determined_price"":444.17}",,,normal,PBS listing was present in the previous schedule and is now absent.,2026-08-29T11:14:36.234Z
3160,1983062564,2092-01-01T00:00:00.000Z,delisted,14263Q_7270_1189_5417_54286,14263Q,2100003000,Abrilada,"{""pbs_code"":""14263Q"",""formulary"":""F2"",""brand_name"":""Abrilada"",""li_item_id"":""14263Q_7270_1189_5417_54286"",""determined_price"":444.17}",,,normal,PBS listing was present in the previous schedule and is now absent.,2026-08-29T11:14:36.234Z
3161,1983062564,2092-01-01T00:00:00.000Z,delisted,14272E_21832_1189_43971_43973,14272E,2100003000,Humira,"{""pbs_code"":""14272E"",""formulary"":""F2"",""brand_name"":""Humira"",""li_item_id"":""14272E_21832_1189_43971_43973"",""determined_price"":444.17}",,,normal,PBS listing was present in the previous schedule and is now absent.,2026-08-29T11:14:36.234Z
3162,1983062564,2092-01-01T00:00:00.000Z,delisted,14272E_21832_1189_43971_55426,14272E,2100003000,Yuflyma,"{""pbs_code"":""14272E"",""formulary"":""F2"",""brand_name"":""Yuflyma"",""li_item_id"":""14272E_21832_1189_43971_55426"",""determined_price"":444.17}",,,normal,PBS listing was present in the previous schedule and is now absent.,2026-08-29T11:14:36.234Z
3163,1983062564,2092-01-01T00:00:00.000Z,delisted,14272E_21832_1189_43971_59132,14272E,2100003000,Hadlima,"{""pbs_code"":""14272E"",""formulary"":""F2"",""brand_name"":""Hadlima"",""li_item_id"":""14272E_21832_1189_43971_59132"",""determined_price"":444.17}",,,normal,PBS listing was present in the previous schedule and is now absent.,2026-08-29T11:14:36.234Z
3164,1983062564,2092-01-01T00:00:00.000Z,delisted,14272E_21832_1189_43971_59529,14272E,2100003000,Hyrimoz,"{""pbs_code"":""14272E"",""formulary"":""F2"",""brand_name"":""Hyrimoz"",""li_item_id"":""14272E_21832_1189_43971_59529"",""determined_price"":444.17}",,,normal,PBS listing was present in the previous schedule and is now absent.,2026-08-29T11:14:36.234Z
3165,1983062564,2092-01-01T00:00:00.000Z,delisted,14275H_22501_1189_45820_45824,14275H,2100003000,Humira,"{""pbs_code"":""14275H"",""formulary"":""F2"",""brand_name"":""Humira"",""li_item_id"":""14275H_22501_1189_45820_45824"",""determined_price"":567.42}",,,normal,PBS listing was present in the previous schedule and is now absent.,2026-08-29T11:14:36.234Z
3166,1983062564,2092-01-01T00:00:00.000Z,delisted,14283R_10037_1189_5419_45576,14283R,2100003000,Hadlima,"{""pbs_code"":""14283R"",""formulary"":""F2"",""brand_name"":""Hadlima"",""li_item_id"":""14283R_10037_1189_5419_45576"",""determined_price"":444.17}",,,normal,PBS listing was present in the previous schedule and is now absent.,2026-08-29T11:14:36.234Z
3167,1983062564,2092-01-01T00:00:00.000Z,delisted,14283R_10037_1189_5419_45951,14283R,2100003000,Amgevita,"{""pbs_code"":""14283R"",""formulary"":""F2"",""brand_name"":""Amgevita"",""li_item_id"":""14283R_10037_1189_5419_45951"",""determined_price"":444.17}",,,normal,PBS listing was present in the previous schedule and is now absent.,2026-08-29T11:14:36.234Z
3168,1983062564,2092-01-01T00:00:00.000Z,delisted,14283R_10037_1189_5419_49269,14283R,2100003000,Hyrimoz,"{""pbs_code"":""14283R"",""formulary"":""F2"",""brand_name"":""Hyrimoz"",""li_item_id"":""14283R_10037_1189_5419_49269"",""determined_price"":444.17}",,,normal,PBS listing was present in the previous schedule and is now absent.,2026-08-29T11:14:36.234Z
3169,1983062564,2092-01-01T00:00:00.000Z,delisted,14284T_7270_1189_5417_49267,14284T,2100003000,Hyrimoz,"{""pbs_code"":""14284T"",""formulary"":""F2"",""brand_name"":""Hyrimoz"",""li_item_id"":""14284T_7270_1189_5417_49267"",""determined_price"":444.17}",,,normal,PBS listing was present in the previous schedule and is now absent.,2026-08-29T11:14:36.234Z
3170,1983062564,2092-01-01T00:00:00.000Z,delisted,14284T_7270_1189_5417_50918,14284T,2100003000,Hadlima,"{""pbs_code"":""14284T"",""formulary"":""F2"",""brand_name"":""Hadlima"",""li_item_id"":""14284T_7270_1189_5417_50918"",""determined_price"":444.17}",,,normal,PBS listing was present in the previous schedule and is now absent.,2026-08-29T11:14:36.234Z
3171,1983062564,2092-01-01T00:00:00.000Z,delisted,14284T_7270_1189_5417_51588,14284T,2100003000,Amgevita,"{""pbs_code"":""14284T"",""formulary"":""F2"",""brand_name"":""Amgevita"",""li_item_id"":""14284T_7270_1189_5417_51588"",""determined_price"":444.17}",,,normal,PBS listing was present in the previous schedule and is now absent.,2026-08-29T11:14:36.234Z
3172,1983062564,2092-01-01T00:00:00.000Z,delisted,14284T_7270_1189_5417_54286,14284T,2100003000,Abrilada,"{""pbs_code"":""14284T"",""formulary"":""F2"",""brand_name"":""Abrilada"",""li_item_id"":""14284T_7270_1189_5417_54286"",""determined_price"":444.17}",,,normal,PBS listing was present in the previous schedule and is now absent.,2026-08-29T11:14:36.234Z
3173,1983062564,2092-01-01T00:00:00.000Z,delisted,14586Q_21831_1189_43963_43965,14586Q,2100003000,Humira,"{""pbs_code"":""14586Q"",""formulary"":""F2"",""brand_name"":""Humira"",""li_item_id"":""14586Q_21831_1189_43963_43965"",""determined_price"":444.17}",,,normal,PBS listing was present in the previous schedule and is now absent.,2026-08-29T11:14:36.234Z
3174,1983062564,2092-01-01T00:00:00.000Z,delisted,14586Q_21831_1189_43963_55425,14586Q,2100003000,Yuflyma,"{""pbs_code"":""14586Q"",""formulary"":""F2"",""brand_name"":""Yuflyma"",""li_item_id"":""14586Q_21831_1189_43963_55425"",""determined_price"":444.17}",,,normal,PBS listing was present in the previous schedule and is now absent.,2026-08-29T11:14:36.234Z
3175,1983062564,2092-01-01T00:00:00.000Z,delisted,14586Q_21831_1189_43963_59133,14586Q,2100003000,Hadlima,"{""pbs_code"":""14586Q"",""formulary"":""F2"",""brand_name"":""Hadlima"",""li_item_id"":""14586Q_21831_1189_43963_59133"",""determined_price"":444.17}",,,normal,PBS listing was present in the previous schedule and is now absent.,2026-08-29T11:14:36.234Z
3176,1983062564,2092-01-01T00:00:00.000Z,delisted,14586Q_21831_1189_43963_59530,14586Q,2100003000,Hyrimoz,"{""pbs_code"":""14586Q"",""formulary"":""F2"",""brand_name"":""Hyrimoz"",""li_item_id"":""14586Q_21831_1189_43963_59530"",""determined_price"":444.17}",,,normal,PBS listing was present in the previous schedule and is now absent.,2026-08-29T11:14:36.234Z
3177,1983062564,2092-01-01T00:00:00.000Z,delisted,14587R_22502_1189_45825_59140,14587R,2100003000,Yuflyma,"{""pbs_code"":""14587R"",""formulary"":""F2"",""brand_name"":""Yuflyma"",""li_item_id"":""14587R_22502_1189_45825_59140"",""determined_price"":618.9}",,,normal,PBS listing was present in the previous schedule and is now absent.,2026-08-29T11:14:36.234Z
3178,1983062564,2092-01-01T00:00:00.000Z,delisted,14587R_22502_1189_45825_59531,14587R,2100003000,Hyrimoz,"{""pbs_code"":""14587R"",""formulary"":""F2"",""brand_name"":""Hyrimoz"",""li_item_id"":""14587R_22502_1189_45825_59531"",""determined_price"":618.9}",,,normal,PBS listing was present in the previous schedule and is now absent.,2026-08-29T11:14:36.234Z
3179,1983062564,2092-01-01T00:00:00.000Z,delisted,14591Y_21831_1189_43963_43965,14591Y,2100003000,Humira,"{""pbs_code"":""14591Y"",""formulary"":""F2"",""brand_name"":""Humira"",""li_item_id"":""14591Y_21831_1189_43963_43965"",""determined_price"":444.17}",,,normal,PBS listing was present in the previous schedule and is now absent.,2026-08-29T11:14:36.234Z
3180,1983062564,2092-01-01T00:00:00.000Z,delisted,14591Y_21831_1189_43963_55425,14591Y,2100003000,Yuflyma,"{""pbs_code"":""14591Y"",""formulary"":""F2"",""brand_name"":""Yuflyma"",""li_item_id"":""14591Y_21831_1189_43963_55425"",""determined_price"":444.17}",,,normal,PBS listing was present in the previous schedule and is now absent.,2026-08-29T11:14:36.234Z
3181,1983062564,2092-01-01T00:00:00.000Z,delisted,14591Y_21831_1189_43963_59133,14591Y,2100003000,Hadlima,"{""pbs_code"":""14591Y"",""formulary"":""F2"",""brand_name"":""Hadlima"",""li_item_id"":""14591Y_21831_1189_43963_59133"",""determined_price"":444.17}",,,normal,PBS listing was present in the previous schedule and is now absent.,2026-08-29T11:14:36.234Z
3182,1983062564,2092-01-01T00:00:00.000Z,delisted,14591Y_21831_1189_43963_59530,14591Y,2100003000,Hyrimoz,"{""pbs_code"":""14591Y"",""formulary"":""F2"",""brand_name"":""Hyrimoz"",""li_item_id"":""14591Y_21831_1189_43963_59530"",""determined_price"":444.17}",,,normal,PBS listing was present in the previous schedule and is now absent.,2026-08-29T11:14:36.234Z
3183,1983062564,2092-01-01T00:00:00.000Z,delisted,14622N_22503_1189_45830_59141,14622N,2100003000,Yuflyma,"{""pbs_code"":""14622N"",""formulary"":""F2"",""brand_name"":""Yuflyma"",""li_item_id"":""14622N_22503_1189_45830_59141"",""determined_price"":618.9}",,,normal,PBS listing was present in the previous schedule and is now absent.,2026-08-29T11:14:36.234Z
3184,1983062564,2092-01-01T00:00:00.000Z,delisted,14628X_21831_1189_43963_43965,14628X,2100003000,Humira,"{""pbs_code"":""14628X"",""formulary"":""F2"",""brand_name"":""Humira"",""li_item_id"":""14628X_21831_1189_43963_43965"",""determined_price"":444.17}",,,normal,PBS listing was present in the previous schedule and is now absent.,2026-08-29T11:14:36.234Z
3185,1983062564,2092-01-01T00:00:00.000Z,delisted,14628X_21831_1189_43963_55425,14628X,2100003000,Yuflyma,"{""pbs_code"":""14628X"",""formulary"":""F2"",""brand_name"":""Yuflyma"",""li_item_id"":""14628X_21831_1189_43963_55425"",""determined_price"":444.17}",,,normal,PBS listing was present in the previous schedule and is now absent.,2026-08-29T11:14:36.234Z
3186,1983062564,2092-01-01T00:00:00.000Z,delisted,14628X_21831_1189_43963_59133,14628X,2100003000,Hadlima,"{""pbs_code"":""14628X"",""formulary"":""F2"",""brand_name"":""Hadlima"",""li_item_id"":""14628X_21831_1189_43963_59133"",""determined_price"":444.17}",,,normal,PBS listing was present in the previous schedule and is now absent.,2026-08-29T11:14:36.234Z
3187,1983062564,2092-01-01T00:00:00.000Z,delisted,14628X_21831_1189_43963_59530,14628X,2100003000,Hyrimoz,"{""pbs_code"":""14628X"",""formulary"":""F2"",""brand_name"":""Hyrimoz"",""li_item_id"":""14628X_21831_1189_43963_59530"",""determined_price"":444.17}",,,normal,PBS listing was present in the previous schedule and is now absent.,2026-08-29T11:14:36.234Z
3188,1983062564,2092-01-01T00:00:00.000Z,delisted,14629Y_21831_1189_43963_55425,14629Y,2100003000,Yuflyma,"{""pbs_code"":""14629Y"",""formulary"":""F2"",""brand_name"":""Yuflyma"",""li_item_id"":""14629Y_21831_1189_43963_55425"",""determined_price"":444.17}",,,normal,PBS listing was present in the previous schedule and is now absent.,2026-08-29T11:14:36.234Z
3189,1983062564,2092-01-01T00:00:00.000Z,delisted,14629Y_21831_1189_43963_59133,14629Y,2100003000,Hadlima,"{""pbs_code"":""14629Y"",""formulary"":""F2"",""brand_name"":""Hadlima"",""li_item_id"":""14629Y_21831_1189_43963_59133"",""determined_price"":444.17}",,,normal,PBS listing was present in the previous schedule and is now absent.,2026-08-29T11:14:36.234Z
3190,1983062564,2092-01-01T00:00:00.000Z,delisted,14629Y_21831_1189_43963_59530,14629Y,2100003000,Hyrimoz,"{""pbs_code"":""14629Y"",""formulary"":""F2"",""brand_name"":""Hyrimoz"",""li_item_id"":""14629Y_21831_1189_43963_59530"",""determined_price"":444.17}",,,normal,PBS listing was present in the previous schedule and is now absent.,2026-08-29T11:14:36.234Z
3191,1983062564,2092-01-01T00:00:00.000Z,delisted,14747E_7444_1189_51604_51606,14747E,2100003000,Amgevita,"{""pbs_code"":""14747E"",""formulary"":""F2"",""brand_name"":""Amgevita"",""li_item_id"":""14747E_7444_1189_51604_51606"",""determined_price"":272.84}",,,normal,PBS listing was present in the previous schedule and is now absent.,2026-08-29T11:14:36.234Z
3192,1983062564,2092-01-01T00:00:00.000Z,delisted,14748F_7444_1189_51604_51606,14748F,2100003000,Amgevita,"{""pbs_code"":""14748F"",""formulary"":""F2"",""brand_name"":""Amgevita"",""li_item_id"":""14748F_7444_1189_51604_51606"",""determined_price"":272.84}",,,normal,PBS listing was present in the previous schedule and is now absent.,2026-08-29T11:14:36.234Z
3193,1983062564,2092-01-01T00:00:00.000Z,delisted,14749G_7444_1189_51604_51606,14749G,2100003000,Amgevita,"{""pbs_code"":""14749G"",""formulary"":""F2"",""brand_name"":""Amgevita"",""li_item_id"":""14749G_7444_1189_51604_51606"",""determined_price"":272.84}",,,normal,PBS listing was present in the previous schedule and is now absent.,2026-08-29T11:14:36.234Z
3194,1983062564,2092-01-01T00:00:00.000Z,delisted,14772L_7444_1189_51604_51606,14772L,2100003000,Amgevita,"{""pbs_code"":""14772L"",""formulary"":""F2"",""brand_name"":""Amgevita"",""li_item_id"":""14772L_7444_1189_51604_51606"",""determined_price"":272.84}",,,normal,PBS listing was present in the previous schedule and is now absent.,2026-08-29T11:14:36.234Z
3195,1983062564,2092-01-01T00:00:00.000Z,delisted,14958G_10037_1189_5419_45576,14958G,2100003000,Hadlima,"{""pbs_code"":""14958G"",""formulary"":""F2"",""brand_name"":""Hadlima"",""li_item_id"":""14958G_10037_1189_5419_45576"",""determined_price"":444.17}",,,normal,PBS listing was present in the previous schedule and is now absent.,2026-08-29T11:14:36.234Z
3196,1983062564,2092-01-01T00:00:00.000Z,delisted,14958G_10037_1189_5419_45951,14958G,2100003000,Amgevita,"{""pbs_code"":""14958G"",""formulary"":""F2"",""brand_name"":""Amgevita"",""li_item_id"":""14958G_10037_1189_5419_45951"",""determined_price"":444.17}",,,normal,PBS listing was present in the previous schedule and is now absent.,2026-08-29T11:14:36.234Z
3197,1983062564,2092-01-01T00:00:00.000Z,delisted,14958G_10037_1189_5419_49269,14958G,2100003000,Hyrimoz,"{""pbs_code"":""14958G"",""formulary"":""F2"",""brand_name"":""Hyrimoz"",""li_item_id"":""14958G_10037_1189_5419_49269"",""determined_price"":444.17}",,,normal,PBS listing was present in the previous schedule and is now absent.,2026-08-29T11:14:36.234Z
3198,1983062564,2092-01-01T00:00:00.000Z,delisted,14973C_21832_1189_43971_43973,14973C,2100003000,Humira,"{""pbs_code"":""14973C"",""formulary"":""F2"",""brand_name"":""Humira"",""li_item_id"":""14973C_21832_1189_43971_43973"",""determined_price"":444.17}",,,normal,PBS listing was present in the previous schedule and is now absent.,2026-08-29T11:14:36.234Z
3199,1983062564,2092-01-01T00:00:00.000Z,delisted,14973C_21832_1189_43971_55426,14973C,2100003000,Yuflyma,"{""pbs_code"":""14973C"",""formulary"":""F2"",""brand_name"":""Yuflyma"",""li_item_id"":""14973C_21832_1189_43971_55426"",""determined_price"":444.17}",,,normal,PBS listing was present in the previous schedule and is now absent.,2026-08-29T11:14:36.234Z
3200,1983062564,2092-01-01T00:00:00.000Z,delisted,14973C_21832_1189_43971_59132,14973C,2100003000,Hadlima,"{""pbs_code"":""14973C"",""formulary"":""F2"",""brand_name"":""Hadlima"",""li_item_id"":""14973C_21832_1189_43971_59132"",""determined_price"":444.17}",,,normal,PBS listing was present in the previous schedule and is now absent.,2026-08-29T11:14:36.234Z
3201,1983062564,2092-01-01T00:00:00.000Z,delisted,14973C_21832_1189_43971_59529,14973C,2100003000,Hyrimoz,"{""pbs_code"":""14973C"",""formulary"":""F2"",""brand_name"":""Hyrimoz"",""li_item_id"":""14973C_21832_1189_43971_59529"",""determined_price"":444.17}",,,normal,PBS listing was present in the previous schedule and is now absent.,2026-08-29T11:14:36.234Z
3202,1983062564,2092-01-01T00:00:00.000Z,delisted,14975E_7444_1189_51604_51606,14975E,2100003000,Amgevita,"{""pbs_code"":""14975E"",""formulary"":""F2"",""brand_name"":""Amgevita"",""li_item_id"":""14975E_7444_1189_51604_51606"",""determined_price"":272.84}",,,normal,PBS listing was present in the previous schedule and is now absent.,2026-08-29T11:14:36.234Z
3203,1983062564,2092-01-01T00:00:00.000Z,delisted,14976F_22501_1189_45820_45824,14976F,2100003000,Humira,"{""pbs_code"":""14976F"",""formulary"":""F2"",""brand_name"":""Humira"",""li_item_id"":""14976F_22501_1189_45820_45824"",""determined_price"":567.42}",,,normal,PBS listing was present in the previous schedule and is now absent.,2026-08-29T11:14:36.234Z
3204,1983062564,2092-01-01T00:00:00.000Z,delisted,14985Q_7270_1189_5417_49267,14985Q,2100003000,Hyrimoz,"{""pbs_code"":""14985Q"",""formulary"":""F2"",""brand_name"":""Hyrimoz"",""li_item_id"":""14985Q_7270_1189_5417_49267"",""determined_price"":444.17}",,,normal,PBS listing was present in the previous schedule and is now absent.,2026-08-29T11:14:36.234Z
3205,1983062564,2092-01-01T00:00:00.000Z,delisted,14985Q_7270_1189_5417_50918,14985Q,2100003000,Hadlima,"{""pbs_code"":""14985Q"",""formulary"":""F2"",""brand_name"":""Hadlima"",""li_item_id"":""14985Q_7270_1189_5417_50918"",""determined_price"":444.17}",,,normal,PBS listing was present in the previous schedule and is now absent.,2026-08-29T11:14:36.234Z
3206,1983062564,2092-01-01T00:00:00.000Z,delisted,14985Q_7270_1189_5417_51588,14985Q,2100003000,Amgevita,"{""pbs_code"":""14985Q"",""formulary"":""F2"",""brand_name"":""Amgevita"",""li_item_id"":""14985Q_7270_1189_5417_51588"",""determined_price"":444.17}",,,normal,PBS listing was present in the previous schedule and is now absent.,2026-08-29T11:14:36.234Z
3207,1983062564,2092-01-01T00:00:00.000Z,delisted,14985Q_7270_1189_5417_54286,14985Q,2100003000,Abrilada,"{""pbs_code"":""14985Q"",""formulary"":""F2"",""brand_name"":""Abrilada"",""li_item_id"":""14985Q_7270_1189_5417_54286"",""determined_price"":444.17}",,,normal,PBS listing was present in the previous schedule and is now absent.,2026-08-29T11:14:36.234Z
3208,1983062564,2092-01-01T00:00:00.000Z,delisted,14995F_22501_1189_45820_45824,14995F,2100003000,Humira,"{""pbs_code"":""14995F"",""formulary"":""F2"",""brand_name"":""Humira"",""li_item_id"":""14995F_22501_1189_45820_45824"",""determined_price"":567.42}",,,normal,PBS listing was present in the previous schedule and is now absent.,2026-08-29T11:14:36.234Z
3209,1983062564,2092-01-01T00:00:00.000Z,delisted,14996G_22501_1189_45820_45824,14996G,2100003000,Humira,"{""pbs_code"":""14996G"",""formulary"":""F2"",""brand_name"":""Humira"",""li_item_id"":""14996G_22501_1189_45820_45824"",""determined_price"":567.42}",,,normal,PBS listing was present in the previous schedule and is now absent.,2026-08-29T11:14:36.234Z
3210,1983062564,2092-01-01T00:00:00.000Z,delisted,14997H_22501_1189_45820_45824,14997H,2100003000,Humira,"{""pbs_code"":""14997H"",""formulary"":""F2"",""brand_name"":""Humira"",""li_item_id"":""14997H_22501_1189_45820_45824"",""determined_price"":567.42}",,,normal,PBS listing was present in the previous schedule and is now absent.,2026-08-29T11:14:36.234Z
3211,1983062564,2092-01-01T00:00:00.000Z,delisted,14998J_7444_1189_51604_51606,14998J,2100003000,Amgevita,"{""pbs_code"":""14998J"",""formulary"":""F2"",""brand_name"":""Amgevita"",""li_item_id"":""14998J_7444_1189_51604_51606"",""determined_price"":272.84}",,,normal,PBS listing was present in the previous schedule and is now absent.,2026-08-29T11:14:36.234Z
3212,1983062564,2092-01-01T00:00:00.000Z,delisted,15005R_7444_1189_51604_51606,15005R,2100003000,Amgevita,"{""pbs_code"":""15005R"",""formulary"":""F2"",""brand_name"":""Amgevita"",""li_item_id"":""15005R_7444_1189_51604_51606"",""determined_price"":272.84}",,,normal,PBS listing was present in the previous schedule and is now absent.,2026-08-29T11:14:36.234Z
3213,1983062564,2092-01-01T00:00:00.000Z,delisted,15006T_7270_1189_5417_49267,15006T,2100003000,Hyrimoz,"{""pbs_code"":""15006T"",""formulary"":""F2"",""brand_name"":""Hyrimoz"",""li_item_id"":""15006T_7270_1189_5417_49267"",""determined_price"":444.17}",,,normal,PBS listing was present in the previous schedule and is now absent.,2026-08-29T11:14:36.234Z
3214,1983062564,2092-01-01T00:00:00.000Z,delisted,15006T_7270_1189_5417_50918,15006T,2100003000,Hadlima,"{""pbs_code"":""15006T"",""formulary"":""F2"",""brand_name"":""Hadlima"",""li_item_id"":""15006T_7270_1189_5417_50918"",""determined_price"":444.17}",,,normal,PBS listing was present in the previous schedule and is now absent.,2026-08-29T11:14:36.234Z
3215,1983062564,2092-01-01T00:00:00.000Z,delisted,15006T_7270_1189_5417_51588,15006T,2100003000,Amgevita,"{""pbs_code"":""15006T"",""formulary"":""F2"",""brand_name"":""Amgevita"",""li_item_id"":""15006T_7270_1189_5417_51588"",""determined_price"":444.17}",,,normal,PBS listing was present in the previous schedule and is now absent.,2026-08-29T11:14:36.234Z
3216,1983062564,2092-01-01T00:00:00.000Z,delisted,15006T_7270_1189_5417_54286,15006T,2100003000,Abrilada,"{""pbs_code"":""15006T"",""formulary"":""F2"",""brand_name"":""Abrilada"",""li_item_id"":""15006T_7270_1189_5417_54286"",""determined_price"":444.17}",,,normal,PBS listing was present in the previous schedule and is now absent.,2026-08-29T11:14:36.234Z
3217,1983062564,2092-01-01T00:00:00.000Z,delisted,15007W_21831_1189_43963_43965,15007W,2100003000,Humira,"{""pbs_code"":""15007W"",""formulary"":""F2"",""brand_name"":""Humira"",""li_item_id"":""15007W_21831_1189_43963_43965"",""determined_price"":444.17}",,,normal,PBS listing was present in the previous schedule and is now absent.,2026-08-29T11:14:36.234Z
3218,1983062564,2092-01-01T00:00:00.000Z,delisted,15007W_21831_1189_43963_55425,15007W,2100003000,Yuflyma,"{""pbs_code"":""15007W"",""formulary"":""F2"",""brand_name"":""Yuflyma"",""li_item_id"":""15007W_21831_1189_43963_55425"",""determined_price"":444.17}",,,normal,PBS listing was present in the previous schedule and is now absent.,2026-08-29T11:14:36.234Z
3219,1983062564,2092-01-01T00:00:00.000Z,delisted,15007W_21831_1189_43963_59133,15007W,2100003000,Hadlima,"{""pbs_code"":""15007W"",""formulary"":""F2"",""brand_name"":""Hadlima"",""li_item_id"":""15007W_21831_1189_43963_59133"",""determined_price"":444.17}",,,normal,PBS listing was present in the previous schedule and is now absent.,2026-08-29T11:14:36.234Z
3220,1983062564,2092-01-01T00:00:00.000Z,delisted,15007W_21831_1189_43963_59530,15007W,2100003000,Hyrimoz,"{""pbs_code"":""15007W"",""formulary"":""F2"",""brand_name"":""Hyrimoz"",""li_item_id"":""15007W_21831_1189_43963_59530"",""determined_price"":444.17}",,,normal,PBS listing was present in the previous schedule and is now absent.,2026-08-29T11:14:36.234Z
3221,1983062564,2092-01-01T00:00:00.000Z,delisted,15008X_10037_1189_5419_45576,15008X,2100003000,Hadlima,"{""pbs_code"":""15008X"",""formulary"":""F2"",""brand_name"":""Hadlima"",""li_item_id"":""15008X_10037_1189_5419_45576"",""determined_price"":444.17}",,,normal,PBS listing was present in the previous schedule and is now absent.,2026-08-29T11:14:36.234Z
3222,1983062564,2092-01-01T00:00:00.000Z,delisted,15008X_10037_1189_5419_45951,15008X,2100003000,Amgevita,"{""pbs_code"":""15008X"",""formulary"":""F2"",""brand_name"":""Amgevita"",""li_item_id"":""15008X_10037_1189_5419_45951"",""determined_price"":444.17}",,,normal,PBS listing was present in the previous schedule and is now absent.,2026-08-29T11:14:36.234Z
3223,1983062564,2092-01-01T00:00:00.000Z,delisted,15008X_10037_1189_5419_49269,15008X,2100003000,Hyrimoz,"{""pbs_code"":""15008X"",""formulary"":""F2"",""brand_name"":""Hyrimoz"",""li_item_id"":""15008X_10037_1189_5419_49269"",""determined_price"":444.17}",,,normal,PBS listing was present in the previous schedule and is now absent.,2026-08-29T11:14:36.234Z
3224,1983062564,2092-01-01T00:00:00.000Z,delisted,15009Y_21831_1189_43963_43965,15009Y,2100003000,Humira,"{""pbs_code"":""15009Y"",""formulary"":""F2"",""brand_name"":""Humira"",""li_item_id"":""15009Y_21831_1189_43963_43965"",""determined_price"":444.17}",,,normal,PBS listing was present in the previous schedule and is now absent.,2026-08-29T11:14:36.234Z
3225,1983062564,2092-01-01T00:00:00.000Z,delisted,15009Y_21831_1189_43963_55425,15009Y,2100003000,Yuflyma,"{""pbs_code"":""15009Y"",""formulary"":""F2"",""brand_name"":""Yuflyma"",""li_item_id"":""15009Y_21831_1189_43963_55425"",""determined_price"":444.17}",,,normal,PBS listing was present in the previous schedule and is now absent.,2026-08-29T11:14:36.234Z
3226,1983062564,2092-01-01T00:00:00.000Z,delisted,15009Y_21831_1189_43963_59133,15009Y,2100003000,Hadlima,"{""pbs_code"":""15009Y"",""formulary"":""F2"",""brand_name"":""Hadlima"",""li_item_id"":""15009Y_21831_1189_43963_59133"",""determined_price"":444.17}",,,normal,PBS listing was present in the previous schedule and is now absent.,2026-08-29T11:14:36.234Z
3227,1983062564,2092-01-01T00:00:00.000Z,delisted,15009Y_21831_1189_43963_59530,15009Y,2100003000,Hyrimoz,"{""pbs_code"":""15009Y"",""formulary"":""F2"",""brand_name"":""Hyrimoz"",""li_item_id"":""15009Y_21831_1189_43963_59530"",""determined_price"":444.17}",,,normal,PBS listing was present in the previous schedule and is now absent.,2026-08-29T11:14:36.234Z
3228,1983062564,2092-01-01T00:00:00.000Z,delisted,15010B_21831_1189_43963_43965,15010B,2100003000,Humira,"{""pbs_code"":""15010B"",""formulary"":""F2"",""brand_name"":""Humira"",""li_item_id"":""15010B_21831_1189_43963_43965"",""determined_price"":444.17}",,,normal,PBS listing was present in the previous schedule and is now absent.,2026-08-29T11:14:36.234Z
3229,1983062564,2092-01-01T00:00:00.000Z,delisted,15010B_21831_1189_43963_55425,15010B,2100003000,Yuflyma,"{""pbs_code"":""15010B"",""formulary"":""F2"",""brand_name"":""Yuflyma"",""li_item_id"":""15010B_21831_1189_43963_55425"",""determined_price"":444.17}",,,normal,PBS listing was present in the previous schedule and is now absent.,2026-08-29T11:14:36.234Z
3230,1983062564,2092-01-01T00:00:00.000Z,delisted,15010B_21831_1189_43963_59133,15010B,2100003000,Hadlima,"{""pbs_code"":""15010B"",""formulary"":""F2"",""brand_name"":""Hadlima"",""li_item_id"":""15010B_21831_1189_43963_59133"",""determined_price"":444.17}",,,normal,PBS listing was present in the previous schedule and is now absent.,2026-08-29T11:14:36.234Z
3231,1983062564,2092-01-01T00:00:00.000Z,delisted,15010B_21831_1189_43963_59530,15010B,2100003000,Hyrimoz,"{""pbs_code"":""15010B"",""formulary"":""F2"",""brand_name"":""Hyrimoz"",""li_item_id"":""15010B_21831_1189_43963_59530"",""determined_price"":444.17}",,,normal,PBS listing was present in the previous schedule and is now absent.,2026-08-29T11:14:36.234Z
3232,1983062564,2092-01-01T00:00:00.000Z,delisted,15019L_7270_1189_5417_49267,15019L,2100003000,Hyrimoz,"{""pbs_code"":""15019L"",""formulary"":""F2"",""brand_name"":""Hyrimoz"",""li_item_id"":""15019L_7270_1189_5417_49267"",""determined_price"":444.17}",,,normal,PBS listing was present in the previous schedule and is now absent.,2026-08-29T11:14:36.234Z
3233,1983062564,2092-01-01T00:00:00.000Z,delisted,15019L_7270_1189_5417_50918,15019L,2100003000,Hadlima,"{""pbs_code"":""15019L"",""formulary"":""F2"",""brand_name"":""Hadlima"",""li_item_id"":""15019L_7270_1189_5417_50918"",""determined_price"":444.17}",,,normal,PBS listing was present in the previous schedule and is now absent.,2026-08-29T11:14:36.234Z
3234,1983062564,2092-01-01T00:00:00.000Z,delisted,15019L_7270_1189_5417_51588,15019L,2100003000,Amgevita,"{""pbs_code"":""15019L"",""formulary"":""F2"",""brand_name"":""Amgevita"",""li_item_id"":""15019L_7270_1189_5417_51588"",""determined_price"":444.17}",,,normal,PBS listing was present in the previous schedule and is now absent.,2026-08-29T11:14:36.234Z
3235,1983062564,2092-01-01T00:00:00.000Z,delisted,15019L_7270_1189_5417_54286,15019L,2100003000,Abrilada,"{""pbs_code"":""15019L"",""formulary"":""F2"",""brand_name"":""Abrilada"",""li_item_id"":""15019L_7270_1189_5417_54286"",""determined_price"":444.17}",,,normal,PBS listing was present in the previous schedule and is now absent.,2026-08-29T11:14:36.234Z
3236,1983062564,2092-01-01T00:00:00.000Z,delisted,15020M_10037_1189_5419_45576,15020M,2100003000,Hadlima,"{""pbs_code"":""15020M"",""formulary"":""F2"",""brand_name"":""Hadlima"",""li_item_id"":""15020M_10037_1189_5419_45576"",""determined_price"":444.17}",,,normal,PBS listing was present in the previous schedule and is now absent.,2026-08-29T11:14:36.234Z
3237,1983062564,2092-01-01T00:00:00.000Z,delisted,15020M_10037_1189_5419_45951,15020M,2100003000,Amgevita,"{""pbs_code"":""15020M"",""formulary"":""F2"",""brand_name"":""Amgevita"",""li_item_id"":""15020M_10037_1189_5419_45951"",""determined_price"":444.17}",,,normal,PBS listing was present in the previous schedule and is now absent.,2026-08-29T11:14:36.234Z
3238,1983062564,2092-01-01T00:00:00.000Z,delisted,15020M_10037_1189_5419_49269,15020M,2100003000,Hyrimoz,"{""pbs_code"":""15020M"",""formulary"":""F2"",""brand_name"":""Hyrimoz"",""li_item_id"":""15020M_10037_1189_5419_49269"",""determined_price"":444.17}",,,normal,PBS listing was present in the previous schedule and is now absent.,2026-08-29T11:14:36.234Z
3239,1983062564,2092-01-01T00:00:00.000Z,delisted,15031D_21832_1189_43971_43973,15031D,2100003000,Humira,"{""pbs_code"":""15031D"",""formulary"":""F2"",""brand_name"":""Humira"",""li_item_id"":""15031D_21832_1189_43971_43973"",""determined_price"":444.17}",,,normal,PBS listing was present in the previous schedule and is now absent.,2026-08-29T11:14:36.234Z
3240,1983062564,2092-01-01T00:00:00.000Z,delisted,15031D_21832_1189_43971_55426,15031D,2100003000,Yuflyma,"{""pbs_code"":""15031D"",""formulary"":""F2"",""brand_name"":""Yuflyma"",""li_item_id"":""15031D_21832_1189_43971_55426"",""determined_price"":444.17}",,,normal,PBS listing was present in the previous schedule and is now absent.,2026-08-29T11:14:36.234Z
3241,1983062564,2092-01-01T00:00:00.000Z,delisted,15031D_21832_1189_43971_59132,15031D,2100003000,Hadlima,"{""pbs_code"":""15031D"",""formulary"":""F2"",""brand_name"":""Hadlima"",""li_item_id"":""15031D_21832_1189_43971_59132"",""determined_price"":444.17}",,,normal,PBS listing was present in the previous schedule and is now absent.,2026-08-29T11:14:36.234Z
3242,1983062564,2092-01-01T00:00:00.000Z,delisted,15031D_21832_1189_43971_59529,15031D,2100003000,Hyrimoz,"{""pbs_code"":""15031D"",""formulary"":""F2"",""brand_name"":""Hyrimoz"",""li_item_id"":""15031D_21832_1189_43971_59529"",""determined_price"":444.17}",,,normal,PBS listing was present in the previous schedule and is now absent.,2026-08-29T11:14:36.234Z
3243,1983062564,2092-01-01T00:00:00.000Z,delisted,15038L_21832_1189_43971_43973,15038L,2100003000,Humira,"{""pbs_code"":""15038L"",""formulary"":""F2"",""brand_name"":""Humira"",""li_item_id"":""15038L_21832_1189_43971_43973"",""determined_price"":444.17}",,,normal,PBS listing was present in the previous schedule and is now absent.,2026-08-29T11:14:36.234Z
3244,1983062564,2092-01-01T00:00:00.000Z,delisted,15038L_21832_1189_43971_55426,15038L,2100003000,Yuflyma,"{""pbs_code"":""15038L"",""formulary"":""F2"",""brand_name"":""Yuflyma"",""li_item_id"":""15038L_21832_1189_43971_55426"",""determined_price"":444.17}",,,normal,PBS listing was present in the previous schedule and is now absent.,2026-08-29T11:14:36.234Z
3245,1983062564,2092-01-01T00:00:00.000Z,delisted,15038L_21832_1189_43971_59132,15038L,2100003000,Hadlima,"{""pbs_code"":""15038L"",""formulary"":""F2"",""brand_name"":""Hadlima"",""li_item_id"":""15038L_21832_1189_43971_59132"",""determined_price"":444.17}",,,normal,PBS listing was present in the previous schedule and is now absent.,2026-08-29T11:14:36.234Z
3246,1983062564,2092-01-01T00:00:00.000Z,delisted,15038L_21832_1189_43971_59529,15038L,2100003000,Hyrimoz,"{""pbs_code"":""15038L"",""formulary"":""F2"",""brand_name"":""Hyrimoz"",""li_item_id"":""15038L_21832_1189_43971_59529"",""determined_price"":444.17}",,,normal,PBS listing was present in the previous schedule and is now absent.,2026-08-29T11:14:36.234Z
3247,1983062564,2092-01-01T00:00:00.000Z,delisted,15039M_22501_1189_45820_45824,15039M,2100003000,Humira,"{""pbs_code"":""15039M"",""formulary"":""F2"",""brand_name"":""Humira"",""li_item_id"":""15039M_22501_1189_45820_45824"",""determined_price"":567.42}",,,normal,PBS listing was present in the previous schedule and is now absent.,2026-08-29T11:14:36.234Z
3248,1983062564,2092-01-01T00:00:00.000Z,delisted,15137Q_10037_1189_5419_45576,15137Q,2100003000,Hadlima,"{""pbs_code"":""15137Q"",""formulary"":""F2"",""brand_name"":""Hadlima"",""li_item_id"":""15137Q_10037_1189_5419_45576"",""determined_price"":444.17}",,,normal,PBS listing was present in the previous schedule and is now absent.,2026-08-29T11:14:36.234Z
3249,1983062564,2092-01-01T00:00:00.000Z,delisted,15137Q_10037_1189_5419_45951,15137Q,2100003000,Amgevita,"{""pbs_code"":""15137Q"",""formulary"":""F2"",""brand_name"":""Amgevita"",""li_item_id"":""15137Q_10037_1189_5419_45951"",""determined_price"":444.17}",,,normal,PBS listing was present in the previous schedule and is now absent.,2026-08-29T11:14:36.234Z
3250,1983062564,2092-01-01T00:00:00.000Z,delisted,15137Q_10037_1189_5419_49269,15137Q,2100003000,Hyrimoz,"{""pbs_code"":""15137Q"",""formulary"":""F2"",""brand_name"":""Hyrimoz"",""li_item_id"":""15137Q_10037_1189_5419_49269"",""determined_price"":444.17}",,,normal,PBS listing was present in the previous schedule and is now absent.,2026-08-29T11:14:36.234Z
3251,1983062564,2092-01-01T00:00:00.000Z,delisted,15138R_21832_1189_43971_43973,15138R,2100003000,Humira,"{""pbs_code"":""15138R"",""formulary"":""F2"",""brand_name"":""Humira"",""li_item_id"":""15138R_21832_1189_43971_43973"",""determined_price"":444.17}",,,normal,PBS listing was present in the previous schedule and is now absent.,2026-08-29T11:14:36.234Z
3252,1983062564,2092-01-01T00:00:00.000Z,delisted,15138R_21832_1189_43971_55426,15138R,2100003000,Yuflyma,"{""pbs_code"":""15138R"",""formulary"":""F2"",""brand_name"":""Yuflyma"",""li_item_id"":""15138R_21832_1189_43971_55426"",""determined_price"":444.17}",,,normal,PBS listing was present in the previous schedule and is now absent.,2026-08-29T11:14:36.234Z
3253,1983062564,2092-01-01T00:00:00.000Z,delisted,15138R_21832_1189_43971_59132,15138R,2100003000,Hadlima,"{""pbs_code"":""15138R"",""formulary"":""F2"",""brand_name"":""Hadlima"",""li_item_id"":""15138R_21832_1189_43971_59132"",""determined_price"":444.17}",,,normal,PBS listing was present in the previous schedule and is now absent.,2026-08-29T11:14:36.234Z
3254,1983062564,2092-01-01T00:00:00.000Z,delisted,15138R_21832_1189_43971_59529,15138R,2100003000,Hyrimoz,"{""pbs_code"":""15138R"",""formulary"":""F2"",""brand_name"":""Hyrimoz"",""li_item_id"":""15138R_21832_1189_43971_59529"",""determined_price"":444.17}",,,normal,PBS listing was present in the previous schedule and is now absent.,2026-08-29T11:14:36.234Z
3255,1983062564,2092-01-01T00:00:00.000Z,delisted,15139T_7270_1189_5417_49267,15139T,2100003000,Hyrimoz,"{""pbs_code"":""15139T"",""formulary"":""F2"",""brand_name"":""Hyrimoz"",""li_item_id"":""15139T_7270_1189_5417_49267"",""determined_price"":444.17}",,,normal,PBS listing was present in the previous schedule and is now absent.,2026-08-29T11:14:36.234Z
3256,1983062564,2092-01-01T00:00:00.000Z,delisted,15139T_7270_1189_5417_50918,15139T,2100003000,Hadlima,"{""pbs_code"":""15139T"",""formulary"":""F2"",""brand_name"":""Hadlima"",""li_item_id"":""15139T_7270_1189_5417_50918"",""determined_price"":444.17}",,,normal,PBS listing was present in the previous schedule and is now absent.,2026-08-29T11:14:36.234Z
3257,1983062564,2092-01-01T00:00:00.000Z,delisted,15139T_7270_1189_5417_51588,15139T,2100003000,Amgevita,"{""pbs_code"":""15139T"",""formulary"":""F2"",""brand_name"":""Amgevita"",""li_item_id"":""15139T_7270_1189_5417_51588"",""determined_price"":444.17}",,,normal,PBS listing was present in the previous schedule and is now absent.,2026-08-29T11:14:36.234Z
3258,1983062564,2092-01-01T00:00:00.000Z,delisted,15139T_7270_1189_5417_54286,15139T,2100003000,Abrilada,"{""pbs_code"":""15139T"",""formulary"":""F2"",""brand_name"":""Abrilada"",""li_item_id"":""15139T_7270_1189_5417_54286"",""determined_price"":444.17}",,,normal,PBS listing was present in the previous schedule and is now absent.,2026-08-29T11:14:36.234Z
3259,1983062564,2092-01-01T00:00:00.000Z,delisted,15140W_7270_1189_5417_49267,15140W,2100003000,Hyrimoz,"{""pbs_code"":""15140W"",""formulary"":""F2"",""brand_name"":""Hyrimoz"",""li_item_id"":""15140W_7270_1189_5417_49267"",""determined_price"":444.17}",,,normal,PBS listing was present in the previous schedule and is now absent.,2026-08-29T11:14:36.234Z
3260,1983062564,2092-01-01T00:00:00.000Z,delisted,15140W_7270_1189_5417_50918,15140W,2100003000,Hadlima,"{""pbs_code"":""15140W"",""formulary"":""F2"",""brand_name"":""Hadlima"",""li_item_id"":""15140W_7270_1189_5417_50918"",""determined_price"":444.17}",,,normal,PBS listing was present in the previous schedule and is now absent.,2026-08-29T11:14:36.234Z
3261,1983062564,2092-01-01T00:00:00.000Z,delisted,15140W_7270_1189_5417_51588,15140W,2100003000,Amgevita,"{""pbs_code"":""15140W"",""formulary"":""F2"",""brand_name"":""Amgevita"",""li_item_id"":""15140W_7270_1189_5417_51588"",""determined_price"":444.17}",,,normal,PBS listing was present in the previous schedule and is now absent.,2026-08-29T11:14:36.234Z
3262,1983062564,2092-01-01T00:00:00.000Z,delisted,15140W_7270_1189_5417_54286,15140W,2100003000,Abrilada,"{""pbs_code"":""15140W"",""formulary"":""F2"",""brand_name"":""Abrilada"",""li_item_id"":""15140W_7270_1189_5417_54286"",""determined_price"":444.17}",,,normal,PBS listing was present in the previous schedule and is now absent.,2026-08-29T11:14:36.234Z
3263,1983062564,2092-01-01T00:00:00.000Z,delisted,15141X_10037_1189_5419_45576,15141X,2100003000,Hadlima,"{""pbs_code"":""15141X"",""formulary"":""F2"",""brand_name"":""Hadlima"",""li_item_id"":""15141X_10037_1189_5419_45576"",""determined_price"":444.17}",,,normal,PBS listing was present in the previous schedule and is now absent.,2026-08-29T11:14:36.234Z
3264,1983062564,2092-01-01T00:00:00.000Z,delisted,15141X_10037_1189_5419_45951,15141X,2100003000,Amgevita,"{""pbs_code"":""15141X"",""formulary"":""F2"",""brand_name"":""Amgevita"",""li_item_id"":""15141X_10037_1189_5419_45951"",""determined_price"":444.17}",,,normal,PBS listing was present in the previous schedule and is now absent.,2026-08-29T11:14:36.234Z
3265,1983062564,2092-01-01T00:00:00.000Z,delisted,15141X_10037_1189_5419_49269,15141X,2100003000,Hyrimoz,"{""pbs_code"":""15141X"",""formulary"":""F2"",""brand_name"":""Hyrimoz"",""li_item_id"":""15141X_10037_1189_5419_49269"",""determined_price"":444.17}",,,normal,PBS listing was present in the previous schedule and is now absent.,2026-08-29T11:14:36.234Z
3266,1983062564,2092-01-01T00:00:00.000Z,delisted,15142Y_21832_1189_43971_43973,15142Y,2100003000,Humira,"{""pbs_code"":""15142Y"",""formulary"":""F2"",""brand_name"":""Humira"",""li_item_id"":""15142Y_21832_1189_43971_43973"",""determined_price"":444.17}",,,normal,PBS listing was present in the previous schedule and is now absent.,2026-08-29T11:14:36.234Z
3267,1983062564,2092-01-01T00:00:00.000Z,delisted,15142Y_21832_1189_43971_55426,15142Y,2100003000,Yuflyma,"{""pbs_code"":""15142Y"",""formulary"":""F2"",""brand_name"":""Yuflyma"",""li_item_id"":""15142Y_21832_1189_43971_55426"",""determined_price"":444.17}",,,normal,PBS listing was present in the previous schedule and is now absent.,2026-08-29T11:14:36.234Z
3268,1983062564,2092-01-01T00:00:00.000Z,delisted,15142Y_21832_1189_43971_59132,15142Y,2100003000,Hadlima,"{""pbs_code"":""15142Y"",""formulary"":""F2"",""brand_name"":""Hadlima"",""li_item_id"":""15142Y_21832_1189_43971_59132"",""determined_price"":444.17}",,,normal,PBS listing was present in the previous schedule and is now absent.,2026-08-29T11:14:36.234Z
3269,1983062564,2092-01-01T00:00:00.000Z,delisted,15142Y_21832_1189_43971_59529,15142Y,2100003000,Hyrimoz,"{""pbs_code"":""15142Y"",""formulary"":""F2"",""brand_name"":""Hyrimoz"",""li_item_id"":""15142Y_21832_1189_43971_59529"",""determined_price"":444.17}",,,normal,PBS listing was present in the previous schedule and is now absent.,2026-08-29T11:14:36.234Z
3270,1983062564,2092-01-01T00:00:00.000Z,delisted,15143B_7444_1189_51604_51606,15143B,2100003000,Amgevita,"{""pbs_code"":""15143B"",""formulary"":""F2"",""brand_name"":""Amgevita"",""li_item_id"":""15143B_7444_1189_51604_51606"",""determined_price"":272.84}",,,normal,PBS listing was present in the previous schedule and is now absent.,2026-08-29T11:14:36.234Z
3271,1983062564,2092-01-01T00:00:00.000Z,delisted,15146E_21832_1189_43971_43973,15146E,2100003000,Humira,"{""pbs_code"":""15146E"",""formulary"":""F2"",""brand_name"":""Humira"",""li_item_id"":""15146E_21832_1189_43971_43973"",""determined_price"":444.17}",,,normal,PBS listing was present in the previous schedule and is now absent.,2026-08-29T11:14:36.234Z
3272,1983062564,2092-01-01T00:00:00.000Z,delisted,15146E_21832_1189_43971_55426,15146E,2100003000,Yuflyma,"{""pbs_code"":""15146E"",""formulary"":""F2"",""brand_name"":""Yuflyma"",""li_item_id"":""15146E_21832_1189_43971_55426"",""determined_price"":444.17}",,,normal,PBS listing was present in the previous schedule and is now absent.,2026-08-29T11:14:36.234Z
3273,1983062564,2092-01-01T00:00:00.000Z,delisted,15146E_21832_1189_43971_59132,15146E,2100003000,Hadlima,"{""pbs_code"":""15146E"",""formulary"":""F2"",""brand_name"":""Hadlima"",""li_item_id"":""15146E_21832_1189_43971_59132"",""determined_price"":444.17}",,,normal,PBS listing was present in the previous schedule and is now absent.,2026-08-29T11:14:36.234Z
3274,1983062564,2092-01-01T00:00:00.000Z,delisted,15146E_21832_1189_43971_59529,15146E,2100003000,Hyrimoz,"{""pbs_code"":""15146E"",""formulary"":""F2"",""brand_name"":""Hyrimoz"",""li_item_id"":""15146E_21832_1189_43971_59529"",""determined_price"":444.17}",,,normal,PBS listing was present in the previous schedule and is now absent.,2026-08-29T11:14:36.234Z
3275,1983062564,2092-01-01T00:00:00.000Z,delisted,15147F_7270_1189_5417_49267,15147F,2100003000,Hyrimoz,"{""pbs_code"":""15147F"",""formulary"":""F2"",""brand_name"":""Hyrimoz"",""li_item_id"":""15147F_7270_1189_5417_49267"",""determined_price"":444.17}",,,normal,PBS listing was present in the previous schedule and is now absent.,2026-08-29T11:14:36.234Z
3276,1983062564,2092-01-01T00:00:00.000Z,delisted,15147F_7270_1189_5417_50918,15147F,2100003000,Hadlima,"{""pbs_code"":""15147F"",""formulary"":""F2"",""brand_name"":""Hadlima"",""li_item_id"":""15147F_7270_1189_5417_50918"",""determined_price"":444.17}",,,normal,PBS listing was present in the previous schedule and is now absent.,2026-08-29T11:14:36.234Z
3277,1983062564,2092-01-01T00:00:00.000Z,delisted,15147F_7270_1189_5417_51588,15147F,2100003000,Amgevita,"{""pbs_code"":""15147F"",""formulary"":""F2"",""brand_name"":""Amgevita"",""li_item_id"":""15147F_7270_1189_5417_51588"",""determined_price"":444.17}",,,normal,PBS listing was present in the previous schedule and is now absent.,2026-08-29T11:14:36.234Z
3278,1983062564,2092-01-01T00:00:00.000Z,delisted,15147F_7270_1189_5417_54286,15147F,2100003000,Abrilada,"{""pbs_code"":""15147F"",""formulary"":""F2"",""brand_name"":""Abrilada"",""li_item_id"":""15147F_7270_1189_5417_54286"",""determined_price"":444.17}",,,normal,PBS listing was present in the previous schedule and is now absent.,2026-08-29T11:14:36.234Z
3279,1983062564,2092-01-01T00:00:00.000Z,delisted,15148G_22501_1189_45820_45824,15148G,2100003000,Humira,"{""pbs_code"":""15148G"",""formulary"":""F2"",""brand_name"":""Humira"",""li_item_id"":""15148G_22501_1189_45820_45824"",""determined_price"":567.42}",,,normal,PBS listing was present in the previous schedule and is now absent.,2026-08-29T11:14:36.234Z
3280,1983062564,2092-01-01T00:00:00.000Z,delisted,15149H_22501_1189_45820_45824,15149H,2100003000,Humira,"{""pbs_code"":""15149H"",""formulary"":""F2"",""brand_name"":""Humira"",""li_item_id"":""15149H_22501_1189_45820_45824"",""determined_price"":567.42}",,,normal,PBS listing was present in the previous schedule and is now absent.,2026-08-29T11:14:36.234Z
3281,1983062564,2092-01-01T00:00:00.000Z,delisted,15153M_21832_1189_43971_43973,15153M,2100003000,Humira,"{""pbs_code"":""15153M"",""formulary"":""F2"",""brand_name"":""Humira"",""li_item_id"":""15153M_21832_1189_43971_43973"",""determined_price"":444.17}",,,normal,PBS listing was present in the previous schedule and is now absent.,2026-08-29T11:14:36.234Z
3282,1983062564,2092-01-01T00:00:00.000Z,delisted,15153M_21832_1189_43971_55426,15153M,2100003000,Yuflyma,"{""pbs_code"":""15153M"",""formulary"":""F2"",""brand_name"":""Yuflyma"",""li_item_id"":""15153M_21832_1189_43971_55426"",""determined_price"":444.17}",,,normal,PBS listing was present in the previous schedule and is now absent.,2026-08-29T11:14:36.234Z
3283,1983062564,2092-01-01T00:00:00.000Z,delisted,15153M_21832_1189_43971_59132,15153M,2100003000,Hadlima,"{""pbs_code"":""15153M"",""formulary"":""F2"",""brand_name"":""Hadlima"",""li_item_id"":""15153M_21832_1189_43971_59132"",""determined_price"":444.17}",,,normal,PBS listing was present in the previous schedule and is now absent.,2026-08-29T11:14:36.234Z
3284,1983062564,2092-01-01T00:00:00.000Z,delisted,15153M_21832_1189_43971_59529,15153M,2100003000,Hyrimoz,"{""pbs_code"":""15153M"",""formulary"":""F2"",""brand_name"":""Hyrimoz"",""li_item_id"":""15153M_21832_1189_43971_59529"",""determined_price"":444.17}",,,normal,PBS listing was present in the previous schedule and is now absent.,2026-08-29T11:14:36.234Z
3285,1983062564,2092-01-01T00:00:00.000Z,delisted,15154N_10037_1189_5419_45576,15154N,2100003000,Hadlima,"{""pbs_code"":""15154N"",""formulary"":""F2"",""brand_name"":""Hadlima"",""li_item_id"":""15154N_10037_1189_5419_45576"",""determined_price"":444.17}",,,normal,PBS listing was present in the previous schedule and is now absent.,2026-08-29T11:14:36.234Z
3286,1983062564,2092-01-01T00:00:00.000Z,delisted,15154N_10037_1189_5419_45951,15154N,2100003000,Amgevita,"{""pbs_code"":""15154N"",""formulary"":""F2"",""brand_name"":""Amgevita"",""li_item_id"":""15154N_10037_1189_5419_45951"",""determined_price"":444.17}",,,normal,PBS listing was present in the previous schedule and is now absent.,2026-08-29T11:14:36.234Z
3287,1983062564,2092-01-01T00:00:00.000Z,delisted,15154N_10037_1189_5419_49269,15154N,2100003000,Hyrimoz,"{""pbs_code"":""15154N"",""formulary"":""F2"",""brand_name"":""Hyrimoz"",""li_item_id"":""15154N_10037_1189_5419_49269"",""determined_price"":444.17}",,,normal,PBS listing was present in the previous schedule and is now absent.,2026-08-29T11:14:36.234Z
3288,1983062564,2092-01-01T00:00:00.000Z,delisted,15155P_7444_1189_51604_51606,15155P,2100003000,Amgevita,"{""pbs_code"":""15155P"",""formulary"":""F2"",""brand_name"":""Amgevita"",""li_item_id"":""15155P_7444_1189_51604_51606"",""determined_price"":272.84}",,,normal,PBS listing was present in the previous schedule and is now absent.,2026-08-29T11:14:36.234Z
3289,1983062564,2092-01-01T00:00:00.000Z,delisted,15156Q_22501_1189_45820_45824,15156Q,2100003000,Humira,"{""pbs_code"":""15156Q"",""formulary"":""F2"",""brand_name"":""Humira"",""li_item_id"":""15156Q_22501_1189_45820_45824"",""determined_price"":567.42}",,,normal,PBS listing was present in the previous schedule and is now absent.,2026-08-29T11:14:36.234Z
3290,1983062564,2092-01-01T00:00:00.000Z,delisted,15159W_21832_1189_43971_43973,15159W,2100003000,Humira,"{""pbs_code"":""15159W"",""formulary"":""F2"",""brand_name"":""Humira"",""li_item_id"":""15159W_21832_1189_43971_43973"",""determined_price"":444.17}",,,normal,PBS listing was present in the previous schedule and is now absent.,2026-08-29T11:14:36.234Z
3291,1983062564,2092-01-01T00:00:00.000Z,delisted,15159W_21832_1189_43971_55426,15159W,2100003000,Yuflyma,"{""pbs_code"":""15159W"",""formulary"":""F2"",""brand_name"":""Yuflyma"",""li_item_id"":""15159W_21832_1189_43971_55426"",""determined_price"":444.17}",,,normal,PBS listing was present in the previous schedule and is now absent.,2026-08-29T11:14:36.234Z
3292,1983062564,2092-01-01T00:00:00.000Z,delisted,15159W_21832_1189_43971_59132,15159W,2100003000,Hadlima,"{""pbs_code"":""15159W"",""formulary"":""F2"",""brand_name"":""Hadlima"",""li_item_id"":""15159W_21832_1189_43971_59132"",""determined_price"":444.17}",,,normal,PBS listing was present in the previous schedule and is now absent.,2026-08-29T11:14:36.234Z
3293,1983062564,2092-01-01T00:00:00.000Z,delisted,15159W_21832_1189_43971_59529,15159W,2100003000,Hyrimoz,"{""pbs_code"":""15159W"",""formulary"":""F2"",""brand_name"":""Hyrimoz"",""li_item_id"":""15159W_21832_1189_43971_59529"",""determined_price"":444.17}",,,normal,PBS listing was present in the previous schedule and is now absent.,2026-08-29T11:14:36.234Z
3294,1983062564,2092-01-01T00:00:00.000Z,delisted,15160X_7270_1189_5417_49267,15160X,2100003000,Hyrimoz,"{""pbs_code"":""15160X"",""formulary"":""F2"",""brand_name"":""Hyrimoz"",""li_item_id"":""15160X_7270_1189_5417_49267"",""determined_price"":444.17}",,,normal,PBS listing was present in the previous schedule and is now absent.,2026-08-29T11:14:36.234Z
3295,1983062564,2092-01-01T00:00:00.000Z,delisted,15160X_7270_1189_5417_50918,15160X,2100003000,Hadlima,"{""pbs_code"":""15160X"",""formulary"":""F2"",""brand_name"":""Hadlima"",""li_item_id"":""15160X_7270_1189_5417_50918"",""determined_price"":444.17}",,,normal,PBS listing was present in the previous schedule and is now absent.,2026-08-29T11:14:36.234Z
3296,1983062564,2092-01-01T00:00:00.000Z,delisted,15160X_7270_1189_5417_51588,15160X,2100003000,Amgevita,"{""pbs_code"":""15160X"",""formulary"":""F2"",""brand_name"":""Amgevita"",""li_item_id"":""15160X_7270_1189_5417_51588"",""determined_price"":444.17}",,,normal,PBS listing was present in the previous schedule and is now absent.,2026-08-29T11:14:36.234Z
3297,1983062564,2092-01-01T00:00:00.000Z,delisted,15160X_7270_1189_5417_54286,15160X,2100003000,Abrilada,"{""pbs_code"":""15160X"",""formulary"":""F2"",""brand_name"":""Abrilada"",""li_item_id"":""15160X_7270_1189_5417_54286"",""determined_price"":444.17}",,,normal,PBS listing was present in the previous schedule and is now absent.,2026-08-29T11:14:36.234Z
3298,1983062564,2092-01-01T00:00:00.000Z,delisted,15161Y_10037_1189_5419_45576,15161Y,2100003000,Hadlima,"{""pbs_code"":""15161Y"",""formulary"":""F2"",""brand_name"":""Hadlima"",""li_item_id"":""15161Y_10037_1189_5419_45576"",""determined_price"":444.17}",,,normal,PBS listing was present in the previous schedule and is now absent.,2026-08-29T11:14:36.234Z
3299,1983062564,2092-01-01T00:00:00.000Z,delisted,15161Y_10037_1189_5419_45951,15161Y,2100003000,Amgevita,"{""pbs_code"":""15161Y"",""formulary"":""F2"",""brand_name"":""Amgevita"",""li_item_id"":""15161Y_10037_1189_5419_45951"",""determined_price"":444.17}",,,normal,PBS listing was present in the previous schedule and is now absent.,2026-08-29T11:14:36.234Z
3300,1983062564,2092-01-01T00:00:00.000Z,delisted,15161Y_10037_1189_5419_49269,15161Y,2100003000,Hyrimoz,"{""pbs_code"":""15161Y"",""formulary"":""F2"",""brand_name"":""Hyrimoz"",""li_item_id"":""15161Y_10037_1189_5419_49269"",""determined_price"":444.17}",,,normal,PBS listing was present in the previous schedule and is now absent.,2026-08-29T11:14:36.234Z
3301,1983062564,2092-01-01T00:00:00.000Z,delisted,15162B_10037_1189_5419_45576,15162B,2100003000,Hadlima,"{""pbs_code"":""15162B"",""formulary"":""F2"",""brand_name"":""Hadlima"",""li_item_id"":""15162B_10037_1189_5419_45576"",""determined_price"":444.17}",,,normal,PBS listing was present in the previous schedule and is now absent.,2026-08-29T11:14:36.234Z
3302,1983062564,2092-01-01T00:00:00.000Z,delisted,15162B_10037_1189_5419_45951,15162B,2100003000,Amgevita,"{""pbs_code"":""15162B"",""formulary"":""F2"",""brand_name"":""Amgevita"",""li_item_id"":""15162B_10037_1189_5419_45951"",""determined_price"":444.17}",,,normal,PBS listing was present in the previous schedule and is now absent.,2026-08-29T11:14:36.234Z
3303,1983062564,2092-01-01T00:00:00.000Z,delisted,15162B_10037_1189_5419_49269,15162B,2100003000,Hyrimoz,"{""pbs_code"":""15162B"",""formulary"":""F2"",""brand_name"":""Hyrimoz"",""li_item_id"":""15162B_10037_1189_5419_49269"",""determined_price"":444.17}",,,normal,PBS listing was present in the previous schedule and is now absent.,2026-08-29T11:14:36.234Z
3304,1983062564,2092-01-01T00:00:00.000Z,delisted,15170K_21831_1189_43963_43965,15170K,2100003000,Humira,"{""pbs_code"":""15170K"",""formulary"":""F2"",""brand_name"":""Humira"",""li_item_id"":""15170K_21831_1189_43963_43965"",""determined_price"":444.17}",,,normal,PBS listing was present in the previous schedule and is now absent.,2026-08-29T11:14:36.234Z
3305,1983062564,2092-01-01T00:00:00.000Z,delisted,15170K_21831_1189_43963_55425,15170K,2100003000,Yuflyma,"{""pbs_code"":""15170K"",""formulary"":""F2"",""brand_name"":""Yuflyma"",""li_item_id"":""15170K_21831_1189_43963_55425"",""determined_price"":444.17}",,,normal,PBS listing was present in the previous schedule and is now absent.,2026-08-29T11:14:36.234Z
3306,1983062564,2092-01-01T00:00:00.000Z,delisted,15170K_21831_1189_43963_59133,15170K,2100003000,Hadlima,"{""pbs_code"":""15170K"",""formulary"":""F2"",""brand_name"":""Hadlima"",""li_item_id"":""15170K_21831_1189_43963_59133"",""determined_price"":444.17}",,,normal,PBS listing was present in the previous schedule and is now absent.,2026-08-29T11:14:36.234Z
3307,1983062564,2092-01-01T00:00:00.000Z,delisted,15170K_21831_1189_43963_59530,15170K,2100003000,Hyrimoz,"{""pbs_code"":""15170K"",""formulary"":""F2"",""brand_name"":""Hyrimoz"",""li_item_id"":""15170K_21831_1189_43963_59530"",""determined_price"":444.17}",,,normal,PBS listing was present in the previous schedule and is now absent.,2026-08-29T11:14:36.234Z
3308,1983062564,2092-01-01T00:00:00.000Z,delisted,15172M_7444_1189_51604_51606,15172M,2100003000,Amgevita,"{""pbs_code"":""15172M"",""formulary"":""F2"",""brand_name"":""Amgevita"",""li_item_id"":""15172M_7444_1189_51604_51606"",""determined_price"":272.84}",,,normal,PBS listing was present in the previous schedule and is now absent.,2026-08-29T11:14:36.234Z
3309,1983062564,2092-01-01T00:00:00.000Z,delisted,15173N_22501_1189_45820_45824,15173N,2100003000,Humira,"{""pbs_code"":""15173N"",""formulary"":""F2"",""brand_name"":""Humira"",""li_item_id"":""15173N_22501_1189_45820_45824"",""determined_price"":567.42}",,,normal,PBS listing was present in the previous schedule and is now absent.,2026-08-29T11:14:36.234Z
3310,1983062564,2092-01-01T00:00:00.000Z,delisted,15177T_21831_1189_43963_43965,15177T,2100003000,Humira,"{""pbs_code"":""15177T"",""formulary"":""F2"",""brand_name"":""Humira"",""li_item_id"":""15177T_21831_1189_43963_43965"",""determined_price"":444.17}",,,normal,PBS listing was present in the previous schedule and is now absent.,2026-08-29T11:14:36.234Z
3311,1983062564,2092-01-01T00:00:00.000Z,delisted,15177T_21831_1189_43963_55425,15177T,2100003000,Yuflyma,"{""pbs_code"":""15177T"",""formulary"":""F2"",""brand_name"":""Yuflyma"",""li_item_id"":""15177T_21831_1189_43963_55425"",""determined_price"":444.17}",,,normal,PBS listing was present in the previous schedule and is now absent.,2026-08-29T11:14:36.234Z
3312,1983062564,2092-01-01T00:00:00.000Z,delisted,15177T_21831_1189_43963_59133,15177T,2100003000,Hadlima,"{""pbs_code"":""15177T"",""formulary"":""F2"",""brand_name"":""Hadlima"",""li_item_id"":""15177T_21831_1189_43963_59133"",""determined_price"":444.17}",,,normal,PBS listing was present in the previous schedule and is now absent.,2026-08-29T11:14:36.234Z
3313,1983062564,2092-01-01T00:00:00.000Z,delisted,15177T_21831_1189_43963_59530,15177T,2100003000,Hyrimoz,"{""pbs_code"":""15177T"",""formulary"":""F2"",""brand_name"":""Hyrimoz"",""li_item_id"":""15177T_21831_1189_43963_59530"",""determined_price"":444.17}",,,normal,PBS listing was present in the previous schedule and is now absent.,2026-08-29T11:14:36.234Z
3314,1983062564,2092-01-01T00:00:00.000Z,delisted,15178W_21831_1189_43963_43965,15178W,2100003000,Humira,"{""pbs_code"":""15178W"",""formulary"":""F2"",""brand_name"":""Humira"",""li_item_id"":""15178W_21831_1189_43963_43965"",""determined_price"":444.17}",,,normal,PBS listing was present in the previous schedule and is now absent.,2026-08-29T11:14:36.234Z
3315,1983062564,2092-01-01T00:00:00.000Z,delisted,15178W_21831_1189_43963_55425,15178W,2100003000,Yuflyma,"{""pbs_code"":""15178W"",""formulary"":""F2"",""brand_name"":""Yuflyma"",""li_item_id"":""15178W_21831_1189_43963_55425"",""determined_price"":444.17}",,,normal,PBS listing was present in the previous schedule and is now absent.,2026-08-29T11:14:36.234Z
3316,1983062564,2092-01-01T00:00:00.000Z,delisted,15178W_21831_1189_43963_59133,15178W,2100003000,Hadlima,"{""pbs_code"":""15178W"",""formulary"":""F2"",""brand_name"":""Hadlima"",""li_item_id"":""15178W_21831_1189_43963_59133"",""determined_price"":444.17}",,,normal,PBS listing was present in the previous schedule and is now absent.,2026-08-29T11:14:36.234Z
3317,1983062564,2092-01-01T00:00:00.000Z,delisted,15178W_21831_1189_43963_59530,15178W,2100003000,Hyrimoz,"{""pbs_code"":""15178W"",""formulary"":""F2"",""brand_name"":""Hyrimoz"",""li_item_id"":""15178W_21831_1189_43963_59530"",""determined_price"":444.17}",,,normal,PBS listing was present in the previous schedule and is now absent.,2026-08-29T11:14:36.234Z
3318,1983062564,2092-01-01T00:00:00.000Z,delisted,15180Y_7444_1189_51604_51606,15180Y,2100003000,Amgevita,"{""pbs_code"":""15180Y"",""formulary"":""F2"",""brand_name"":""Amgevita"",""li_item_id"":""15180Y_7444_1189_51604_51606"",""determined_price"":272.84}",,,normal,PBS listing was present in the previous schedule and is now absent.,2026-08-29T11:14:36.234Z
3319,1983062564,2092-01-01T00:00:00.000Z,delisted,15189K_21831_1189_43963_43965,15189K,2100003000,Humira,"{""pbs_code"":""15189K"",""formulary"":""F2"",""brand_name"":""Humira"",""li_item_id"":""15189K_21831_1189_43963_43965"",""determined_price"":444.17}",,,normal,PBS listing was present in the previous schedule and is now absent.,2026-08-29T11:14:36.234Z
3320,1983062564,2092-01-01T00:00:00.000Z,delisted,15189K_21831_1189_43963_55425,15189K,2100003000,Yuflyma,"{""pbs_code"":""15189K"",""formulary"":""F2"",""brand_name"":""Yuflyma"",""li_item_id"":""15189K_21831_1189_43963_55425"",""determined_price"":444.17}",,,normal,PBS listing was present in the previous schedule and is now absent.,2026-08-29T11:14:36.234Z
3321,1983062564,2092-01-01T00:00:00.000Z,delisted,15189K_21831_1189_43963_59133,15189K,2100003000,Hadlima,"{""pbs_code"":""15189K"",""formulary"":""F2"",""brand_name"":""Hadlima"",""li_item_id"":""15189K_21831_1189_43963_59133"",""determined_price"":444.17}",,,normal,PBS listing was present in the previous schedule and is now absent.,2026-08-29T11:14:36.234Z
3322,1983062564,2092-01-01T00:00:00.000Z,delisted,15189K_21831_1189_43963_59530,15189K,2100003000,Hyrimoz,"{""pbs_code"":""15189K"",""formulary"":""F2"",""brand_name"":""Hyrimoz"",""li_item_id"":""15189K_21831_1189_43963_59530"",""determined_price"":444.17}",,,normal,PBS listing was present in the previous schedule and is now absent.,2026-08-29T11:14:36.234Z
3323,1983062564,2092-01-01T00:00:00.000Z,delisted,15190L_22501_1189_45820_45824,15190L,2100003000,Humira,"{""pbs_code"":""15190L"",""formulary"":""F2"",""brand_name"":""Humira"",""li_item_id"":""15190L_22501_1189_45820_45824"",""determined_price"":567.42}",,,normal,PBS listing was present in the previous schedule and is now absent.,2026-08-29T11:14:36.234Z
3324,1983062564,2092-01-01T00:00:00.000Z,delisted,15200B_7270_1189_5417_49267,15200B,2100003000,Hyrimoz,"{""pbs_code"":""15200B"",""formulary"":""F2"",""brand_name"":""Hyrimoz"",""li_item_id"":""15200B_7270_1189_5417_49267"",""determined_price"":444.17}",,,normal,PBS listing was present in the previous schedule and is now absent.,2026-08-29T11:14:36.234Z
3325,1983062564,2092-01-01T00:00:00.000Z,delisted,15200B_7270_1189_5417_50918,15200B,2100003000,Hadlima,"{""pbs_code"":""15200B"",""formulary"":""F2"",""brand_name"":""Hadlima"",""li_item_id"":""15200B_7270_1189_5417_50918"",""determined_price"":444.17}",,,normal,PBS listing was present in the previous schedule and is now absent.,2026-08-29T11:14:36.234Z
3326,1983062564,2092-01-01T00:00:00.000Z,delisted,15200B_7270_1189_5417_51588,15200B,2100003000,Amgevita,"{""pbs_code"":""15200B"",""formulary"":""F2"",""brand_name"":""Amgevita"",""li_item_id"":""15200B_7270_1189_5417_51588"",""determined_price"":444.17}",,,normal,PBS listing was present in the previous schedule and is now absent.,2026-08-29T11:14:36.234Z
3327,1983062564,2092-01-01T00:00:00.000Z,delisted,15200B_7270_1189_5417_54286,15200B,2100003000,Abrilada,"{""pbs_code"":""15200B"",""formulary"":""F2"",""brand_name"":""Abrilada"",""li_item_id"":""15200B_7270_1189_5417_54286"",""determined_price"":444.17}",,,normal,PBS listing was present in the previous schedule and is now absent.,2026-08-29T11:14:36.234Z
3328,1983062564,2092-01-01T00:00:00.000Z,delisted,15201C_21831_1189_43963_43965,15201C,2100003000,Humira,"{""pbs_code"":""15201C"",""formulary"":""F2"",""brand_name"":""Humira"",""li_item_id"":""15201C_21831_1189_43963_43965"",""determined_price"":444.17}",,,normal,PBS listing was present in the previous schedule and is now absent.,2026-08-29T11:14:36.234Z
3329,1983062564,2092-01-01T00:00:00.000Z,delisted,15201C_21831_1189_43963_55425,15201C,2100003000,Yuflyma,"{""pbs_code"":""15201C"",""formulary"":""F2"",""brand_name"":""Yuflyma"",""li_item_id"":""15201C_21831_1189_43963_55425"",""determined_price"":444.17}",,,normal,PBS listing was present in the previous schedule and is now absent.,2026-08-29T11:14:36.234Z
3330,1983062564,2092-01-01T00:00:00.000Z,delisted,15201C_21831_1189_43963_59133,15201C,2100003000,Hadlima,"{""pbs_code"":""15201C"",""formulary"":""F2"",""brand_name"":""Hadlima"",""li_item_id"":""15201C_21831_1189_43963_59133"",""determined_price"":444.17}",,,normal,PBS listing was present in the previous schedule and is now absent.,2026-08-29T11:14:36.234Z
3331,1983062564,2092-01-01T00:00:00.000Z,delisted,15201C_21831_1189_43963_59530,15201C,2100003000,Hyrimoz,"{""pbs_code"":""15201C"",""formulary"":""F2"",""brand_name"":""Hyrimoz"",""li_item_id"":""15201C_21831_1189_43963_59530"",""determined_price"":444.17}",,,normal,PBS listing was present in the previous schedule and is now absent.,2026-08-29T11:14:36.234Z
3332,1983062564,2092-01-01T00:00:00.000Z,delisted,15202D_7444_1189_51604_51606,15202D,2100003000,Amgevita,"{""pbs_code"":""15202D"",""formulary"":""F2"",""brand_name"":""Amgevita"",""li_item_id"":""15202D_7444_1189_51604_51606"",""determined_price"":272.84}",,,normal,PBS listing was present in the previous schedule and is now absent.,2026-08-29T11:14:36.234Z
3333,1983062564,2092-01-01T00:00:00.000Z,delisted,5281Y_10037_1189_5419_45576,5281Y,2100003000,Hadlima,"{""pbs_code"":""5281Y"",""formulary"":""F2"",""brand_name"":""Hadlima"",""li_item_id"":""5281Y_10037_1189_5419_45576"",""determined_price"":444.17}",,,normal,PBS listing was present in the previous schedule and is now absent.,2026-08-29T11:14:36.234Z
3334,1983062564,2092-01-01T00:00:00.000Z,delisted,5281Y_10037_1189_5419_45951,5281Y,2100003000,Amgevita,"{""pbs_code"":""5281Y"",""formulary"":""F2"",""brand_name"":""Amgevita"",""li_item_id"":""5281Y_10037_1189_5419_45951"",""determined_price"":444.17}",,,normal,PBS listing was present in the previous schedule and is now absent.,2026-08-29T11:14:36.234Z
3335,1983062564,2092-01-01T00:00:00.000Z,delisted,5281Y_10037_1189_5419_49269,5281Y,2100003000,Hyrimoz,"{""pbs_code"":""5281Y"",""formulary"":""F2"",""brand_name"":""Hyrimoz"",""li_item_id"":""5281Y_10037_1189_5419_49269"",""determined_price"":444.17}",,,normal,PBS listing was present in the previous schedule and is now absent.,2026-08-29T11:14:36.234Z
3336,1983062564,2092-01-01T00:00:00.000Z,delisted,5282B_7270_1189_5417_49267,5282B,2100003000,Hyrimoz,"{""pbs_code"":""5282B"",""formulary"":""F2"",""brand_name"":""Hyrimoz"",""li_item_id"":""5282B_7270_1189_5417_49267"",""determined_price"":444.17}",,,normal,PBS listing was present in the previous schedule and is now absent.,2026-08-29T11:14:36.234Z
3337,1983062564,2092-01-01T00:00:00.000Z,delisted,5282B_7270_1189_5417_50918,5282B,2100003000,Hadlima,"{""pbs_code"":""5282B"",""formulary"":""F2"",""brand_name"":""Hadlima"",""li_item_id"":""5282B_7270_1189_5417_50918"",""determined_price"":444.17}",,,normal,PBS listing was present in the previous schedule and is now absent.,2026-08-29T11:14:36.234Z
3338,1983062564,2092-01-01T00:00:00.000Z,delisted,5282B_7270_1189_5417_51588,5282B,2100003000,Amgevita,"{""pbs_code"":""5282B"",""formulary"":""F2"",""brand_name"":""Amgevita"",""li_item_id"":""5282B_7270_1189_5417_51588"",""determined_price"":444.17}",,,normal,PBS listing was present in the previous schedule and is now absent.,2026-08-29T11:14:36.234Z
3339,1983062564,2092-01-01T00:00:00.000Z,delisted,5282B_7270_1189_5417_54286,5282B,2100003000,Abrilada,"{""pbs_code"":""5282B"",""formulary"":""F2"",""brand_name"":""Abrilada"",""li_item_id"":""5282B_7270_1189_5417_54286"",""determined_price"":444.17}",,,normal,PBS listing was present in the previous schedule and is now absent.,2026-08-29T11:14:36.234Z
3340,1983062564,2092-01-01T00:00:00.000Z,delisted,5283C_10037_1189_5419_45576,5283C,2100003000,Hadlima,"{""pbs_code"":""5283C"",""formulary"":""F2"",""brand_name"":""Hadlima"",""li_item_id"":""5283C_10037_1189_5419_45576"",""determined_price"":444.17}",,,normal,PBS listing was present in the previous schedule and is now absent.,2026-08-29T11:14:36.234Z
3341,1983062564,2092-01-01T00:00:00.000Z,delisted,5283C_10037_1189_5419_45951,5283C,2100003000,Amgevita,"{""pbs_code"":""5283C"",""formulary"":""F2"",""brand_name"":""Amgevita"",""li_item_id"":""5283C_10037_1189_5419_45951"",""determined_price"":444.17}",,,normal,PBS listing was present in the previous schedule and is now absent.,2026-08-29T11:14:36.234Z
3342,1983062564,2092-01-01T00:00:00.000Z,delisted,5283C_10037_1189_5419_49269,5283C,2100003000,Hyrimoz,"{""pbs_code"":""5283C"",""formulary"":""F2"",""brand_name"":""Hyrimoz"",""li_item_id"":""5283C_10037_1189_5419_49269"",""determined_price"":444.17}",,,normal,PBS listing was present in the previous schedule and is now absent.,2026-08-29T11:14:36.234Z
3343,1983062564,2092-01-01T00:00:00.000Z,delisted,5284D_7270_1189_5417_49267,5284D,2100003000,Hyrimoz,"{""pbs_code"":""5284D"",""formulary"":""F2"",""brand_name"":""Hyrimoz"",""li_item_id"":""5284D_7270_1189_5417_49267"",""determined_price"":444.17}",,,normal,PBS listing was present in the previous schedule and is now absent.,2026-08-29T11:14:36.234Z
3344,1983062564,2092-01-01T00:00:00.000Z,delisted,5284D_7270_1189_5417_50918,5284D,2100003000,Hadlima,"{""pbs_code"":""5284D"",""formulary"":""F2"",""brand_name"":""Hadlima"",""li_item_id"":""5284D_7270_1189_5417_50918"",""determined_price"":444.17}",,,normal,PBS listing was present in the previous schedule and is now absent.,2026-08-29T11:14:36.234Z
3345,1983062564,2092-01-01T00:00:00.000Z,delisted,5284D_7270_1189_5417_51588,5284D,2100003000,Amgevita,"{""pbs_code"":""5284D"",""formulary"":""F2"",""brand_name"":""Amgevita"",""li_item_id"":""5284D_7270_1189_5417_51588"",""determined_price"":444.17}",,,normal,PBS listing was present in the previous schedule and is now absent.,2026-08-29T11:14:36.234Z
3346,1983062564,2092-01-01T00:00:00.000Z,delisted,5284D_7270_1189_5417_54286,5284D,2100003000,Abrilada,"{""pbs_code"":""5284D"",""formulary"":""F2"",""brand_name"":""Abrilada"",""li_item_id"":""5284D_7270_1189_5417_54286"",""determined_price"":444.17}",,,normal,PBS listing was present in the previous schedule and is now absent.,2026-08-29T11:14:36.234Z
3347,1983062564,2092-01-01T00:00:00.000Z,delisted,8737W_10037_1189_5419_45576,8737W,2100003000,Hadlima,"{""pbs_code"":""8737W"",""formulary"":""F2"",""brand_name"":""Hadlima"",""li_item_id"":""8737W_10037_1189_5419_45576"",""determined_price"":444.17}",,,normal,PBS listing was present in the previous schedule and is now absent.,2026-08-29T11:14:36.234Z
3348,1983062564,2092-01-01T00:00:00.000Z,delisted,8737W_10037_1189_5419_45951,8737W,2100003000,Amgevita,"{""pbs_code"":""8737W"",""formulary"":""F2"",""brand_name"":""Amgevita"",""li_item_id"":""8737W_10037_1189_5419_45951"",""determined_price"":444.17}",,,normal,PBS listing was present in the previous schedule and is now absent.,2026-08-29T11:14:36.234Z
3349,1983062564,2092-01-01T00:00:00.000Z,delisted,8737W_10037_1189_5419_49269,8737W,2100003000,Hyrimoz,"{""pbs_code"":""8737W"",""formulary"":""F2"",""brand_name"":""Hyrimoz"",""li_item_id"":""8737W_10037_1189_5419_49269"",""determined_price"":444.17}",,,normal,PBS listing was present in the previous schedule and is now absent.,2026-08-29T11:14:36.234Z
3350,1983062564,2092-01-01T00:00:00.000Z,delisted,8741C_10037_1189_5419_45576,8741C,2100003000,Hadlima,"{""pbs_code"":""8741C"",""formulary"":""F2"",""brand_name"":""Hadlima"",""li_item_id"":""8741C_10037_1189_5419_45576"",""determined_price"":444.17}",,,normal,PBS listing was present in the previous schedule and is now absent.,2026-08-29T11:14:36.234Z
3351,1983062564,2092-01-01T00:00:00.000Z,delisted,8741C_10037_1189_5419_45951,8741C,2100003000,Amgevita,"{""pbs_code"":""8741C"",""formulary"":""F2"",""brand_name"":""Amgevita"",""li_item_id"":""8741C_10037_1189_5419_45951"",""determined_price"":444.17}",,,normal,PBS listing was present in the previous schedule and is now absent.,2026-08-29T11:14:36.234Z
3352,1983062564,2092-01-01T00:00:00.000Z,delisted,8741C_10037_1189_5419_49269,8741C,2100003000,Hyrimoz,"{""pbs_code"":""8741C"",""formulary"":""F2"",""brand_name"":""Hyrimoz"",""li_item_id"":""8741C_10037_1189_5419_49269"",""determined_price"":444.17}",,,normal,PBS listing was present in the previous schedule and is now absent.,2026-08-29T11:14:36.234Z
3353,1983062564,2092-01-01T00:00:00.000Z,delisted,8963R_10037_1189_5419_45576,8963R,2100003000,Hadlima,"{""pbs_code"":""8963R"",""formulary"":""F2"",""brand_name"":""Hadlima"",""li_item_id"":""8963R_10037_1189_5419_45576"",""determined_price"":444.17}",,,normal,PBS listing was present in the previous schedule and is now absent.,2026-08-29T11:14:36.234Z
3354,1983062564,2092-01-01T00:00:00.000Z,delisted,8963R_10037_1189_5419_45951,8963R,2100003000,Amgevita,"{""pbs_code"":""8963R"",""formulary"":""F2"",""brand_name"":""Amgevita"",""li_item_id"":""8963R_10037_1189_5419_45951"",""determined_price"":444.17}",,,normal,PBS listing was present in the previous schedule and is now absent.,2026-08-29T11:14:36.234Z
3355,1983062564,2092-01-01T00:00:00.000Z,delisted,8963R_10037_1189_5419_49269,8963R,2100003000,Hyrimoz,"{""pbs_code"":""8963R"",""formulary"":""F2"",""brand_name"":""Hyrimoz"",""li_item_id"":""8963R_10037_1189_5419_49269"",""determined_price"":444.17}",,,normal,PBS listing was present in the previous schedule and is now absent.,2026-08-29T11:14:36.234Z
3356,1983062564,2092-01-01T00:00:00.000Z,delisted,8964T_10037_1189_5419_45576,8964T,2100003000,Hadlima,"{""pbs_code"":""8964T"",""formulary"":""F2"",""brand_name"":""Hadlima"",""li_item_id"":""8964T_10037_1189_5419_45576"",""determined_price"":444.17}",,,normal,PBS listing was present in the previous schedule and is now absent.,2026-08-29T11:14:36.234Z
3357,1983062564,2092-01-01T00:00:00.000Z,delisted,8964T_10037_1189_5419_45951,8964T,2100003000,Amgevita,"{""pbs_code"":""8964T"",""formulary"":""F2"",""brand_name"":""Amgevita"",""li_item_id"":""8964T_10037_1189_5419_45951"",""determined_price"":444.17}",,,normal,PBS listing was present in the previous schedule and is now absent.,2026-08-29T11:14:36.234Z
3358,1983062564,2092-01-01T00:00:00.000Z,delisted,8964T_10037_1189_5419_49269,8964T,2100003000,Hyrimoz,"{""pbs_code"":""8964T"",""formulary"":""F2"",""brand_name"":""Hyrimoz"",""li_item_id"":""8964T_10037_1189_5419_49269"",""determined_price"":444.17}",,,normal,PBS listing was present in the previous schedule and is now absent.,2026-08-29T11:14:36.234Z
3359,1983062564,2092-01-01T00:00:00.000Z,delisted,8965W_7270_1189_5417_49267,8965W,2100003000,Hyrimoz,"{""pbs_code"":""8965W"",""formulary"":""F2"",""brand_name"":""Hyrimoz"",""li_item_id"":""8965W_7270_1189_5417_49267"",""determined_price"":444.17}",,,normal,PBS listing was present in the previous schedule and is now absent.,2026-08-29T11:14:36.234Z
3360,1983062564,2092-01-01T00:00:00.000Z,delisted,8965W_7270_1189_5417_50918,8965W,2100003000,Hadlima,"{""pbs_code"":""8965W"",""formulary"":""F2"",""brand_name"":""Hadlima"",""li_item_id"":""8965W_7270_1189_5417_50918"",""determined_price"":444.17}",,,normal,PBS listing was present in the previous schedule and is now absent.,2026-08-29T11:14:36.234Z
3361,1983062564,2092-01-01T00:00:00.000Z,delisted,8965W_7270_1189_5417_51588,8965W,2100003000,Amgevita,"{""pbs_code"":""8965W"",""formulary"":""F2"",""brand_name"":""Amgevita"",""li_item_id"":""8965W_7270_1189_5417_51588"",""determined_price"":444.17}",,,normal,PBS listing was present in the previous schedule and is now absent.,2026-08-29T11:14:36.234Z
3362,1983062564,2092-01-01T00:00:00.000Z,delisted,8965W_7270_1189_5417_54286,8965W,2100003000,Abrilada,"{""pbs_code"":""8965W"",""formulary"":""F2"",""brand_name"":""Abrilada"",""li_item_id"":""8965W_7270_1189_5417_54286"",""determined_price"":444.17}",,,normal,PBS listing was present in the previous schedule and is now absent.,2026-08-29T11:14:36.234Z
3363,1983062564,2092-01-01T00:00:00.000Z,delisted,8966X_7270_1189_5417_49267,8966X,2100003000,Hyrimoz,"{""pbs_code"":""8966X"",""formulary"":""F2"",""brand_name"":""Hyrimoz"",""li_item_id"":""8966X_7270_1189_5417_49267"",""determined_price"":444.17}",,,normal,PBS listing was present in the previous schedule and is now absent.,2026-08-29T11:14:36.234Z
3364,1983062564,2092-01-01T00:00:00.000Z,delisted,8966X_7270_1189_5417_50918,8966X,2100003000,Hadlima,"{""pbs_code"":""8966X"",""formulary"":""F2"",""brand_name"":""Hadlima"",""li_item_id"":""8966X_7270_1189_5417_50918"",""determined_price"":444.17}",,,normal,PBS listing was present in the previous schedule and is now absent.,2026-08-29T11:14:36.234Z
3365,1983062564,2092-01-01T00:00:00.000Z,delisted,8966X_7270_1189_5417_51588,8966X,2100003000,Amgevita,"{""pbs_code"":""8966X"",""formulary"":""F2"",""brand_name"":""Amgevita"",""li_item_id"":""8966X_7270_1189_5417_51588"",""determined_price"":444.17}",,,normal,PBS listing was present in the previous schedule and is now absent.,2026-08-29T11:14:36.234Z
3366,1983062564,2092-01-01T00:00:00.000Z,delisted,8966X_7270_1189_5417_54286,8966X,2100003000,Abrilada,"{""pbs_code"":""8966X"",""formulary"":""F2"",""brand_name"":""Abrilada"",""li_item_id"":""8966X_7270_1189_5417_54286"",""determined_price"":444.17}",,,normal,PBS listing was present in the previous schedule and is now absent.,2026-08-29T11:14:36.234Z
3367,1983062564,2092-01-01T00:00:00.000Z,delisted,9033K_10037_1189_5419_45576,9033K,2100003000,Hadlima,"{""pbs_code"":""9033K"",""formulary"":""F2"",""brand_name"":""Hadlima"",""li_item_id"":""9033K_10037_1189_5419_45576"",""determined_price"":444.17}",,,normal,PBS listing was present in the previous schedule and is now absent.,2026-08-29T11:14:36.234Z
3368,1983062564,2092-01-01T00:00:00.000Z,delisted,9033K_10037_1189_5419_45951,9033K,2100003000,Amgevita,"{""pbs_code"":""9033K"",""formulary"":""F2"",""brand_name"":""Amgevita"",""li_item_id"":""9033K_10037_1189_5419_45951"",""determined_price"":444.17}",,,normal,PBS listing was present in the previous schedule and is now absent.,2026-08-29T11:14:36.234Z
3369,1983062564,2092-01-01T00:00:00.000Z,delisted,9033K_10037_1189_5419_49269,9033K,2100003000,Hyrimoz,"{""pbs_code"":""9033K"",""formulary"":""F2"",""brand_name"":""Hyrimoz"",""li_item_id"":""9033K_10037_1189_5419_49269"",""determined_price"":444.17}",,,normal,PBS listing was present in the previous schedule and is now absent.,2026-08-29T11:14:36.234Z
3370,1983062564,2092-01-01T00:00:00.000Z,delisted,9034L_10037_1189_5419_45576,9034L,2100003000,Hadlima,"{""pbs_code"":""9034L"",""formulary"":""F2"",""brand_name"":""Hadlima"",""li_item_id"":""9034L_10037_1189_5419_45576"",""determined_price"":444.17}",,,normal,PBS listing was present in the previous schedule and is now absent.,2026-08-29T11:14:36.234Z
3371,1983062564,2092-01-01T00:00:00.000Z,delisted,9034L_10037_1189_5419_45951,9034L,2100003000,Amgevita,"{""pbs_code"":""9034L"",""formulary"":""F2"",""brand_name"":""Amgevita"",""li_item_id"":""9034L_10037_1189_5419_45951"",""determined_price"":444.17}",,,normal,PBS listing was present in the previous schedule and is now absent.,2026-08-29T11:14:36.234Z
3372,1983062564,2092-01-01T00:00:00.000Z,delisted,9034L_10037_1189_5419_49269,9034L,2100003000,Hyrimoz,"{""pbs_code"":""9034L"",""formulary"":""F2"",""brand_name"":""Hyrimoz"",""li_item_id"":""9034L_10037_1189_5419_49269"",""determined_price"":444.17}",,,normal,PBS listing was present in the previous schedule and is now absent.,2026-08-29T11:14:36.234Z
3373,1983062564,2092-01-01T00:00:00.000Z,delisted,9077R_10037_1189_5419_45576,9077R,2100003000,Hadlima,"{""pbs_code"":""9077R"",""formulary"":""F2"",""brand_name"":""Hadlima"",""li_item_id"":""9077R_10037_1189_5419_45576"",""determined_price"":444.17}",,,normal,PBS listing was present in the previous schedule and is now absent.,2026-08-29T11:14:36.234Z
3374,1983062564,2092-01-01T00:00:00.000Z,delisted,9077R_10037_1189_5419_45951,9077R,2100003000,Amgevita,"{""pbs_code"":""9077R"",""formulary"":""F2"",""brand_name"":""Amgevita"",""li_item_id"":""9077R_10037_1189_5419_45951"",""determined_price"":444.17}",,,normal,PBS listing was present in the previous schedule and is now absent.,2026-08-29T11:14:36.234Z
3375,1983062564,2092-01-01T00:00:00.000Z,delisted,9077R_10037_1189_5419_49269,9077R,2100003000,Hyrimoz,"{""pbs_code"":""9077R"",""formulary"":""F2"",""brand_name"":""Hyrimoz"",""li_item_id"":""9077R_10037_1189_5419_49269"",""determined_price"":444.17}",,,normal,PBS listing was present in the previous schedule and is now absent.,2026-08-29T11:14:36.234Z
3376,1983062564,2092-01-01T00:00:00.000Z,delisted,9078T_10037_1189_5419_45576,9078T,2100003000,Hadlima,"{""pbs_code"":""9078T"",""formulary"":""F2"",""brand_name"":""Hadlima"",""li_item_id"":""9078T_10037_1189_5419_45576"",""determined_price"":444.17}",,,normal,PBS listing was present in the previous schedule and is now absent.,2026-08-29T11:14:36.234Z
3377,1983062564,2092-01-01T00:00:00.000Z,delisted,9078T_10037_1189_5419_45951,9078T,2100003000,Amgevita,"{""pbs_code"":""9078T"",""formulary"":""F2"",""brand_name"":""Amgevita"",""li_item_id"":""9078T_10037_1189_5419_45951"",""determined_price"":444.17}",,,normal,PBS listing was present in the previous schedule and is now absent.,2026-08-29T11:14:36.234Z
3378,1983062564,2092-01-01T00:00:00.000Z,delisted,9078T_10037_1189_5419_49269,9078T,2100003000,Hyrimoz,"{""pbs_code"":""9078T"",""formulary"":""F2"",""brand_name"":""Hyrimoz"",""li_item_id"":""9078T_10037_1189_5419_49269"",""determined_price"":444.17}",,,normal,PBS listing was present in the previous schedule and is now absent.,2026-08-29T11:14:36.234Z
3379,1983062564,2092-01-01T00:00:00.000Z,delisted,9099X_7270_1189_5417_49267,9099X,2100003000,Hyrimoz,"{""pbs_code"":""9099X"",""formulary"":""F2"",""brand_name"":""Hyrimoz"",""li_item_id"":""9099X_7270_1189_5417_49267"",""determined_price"":444.17}",,,normal,PBS listing was present in the previous schedule and is now absent.,2026-08-29T11:14:36.234Z
3380,1983062564,2092-01-01T00:00:00.000Z,delisted,9099X_7270_1189_5417_50918,9099X,2100003000,Hadlima,"{""pbs_code"":""9099X"",""formulary"":""F2"",""brand_name"":""Hadlima"",""li_item_id"":""9099X_7270_1189_5417_50918"",""determined_price"":444.17}",,,normal,PBS listing was present in the previous schedule and is now absent.,2026-08-29T11:14:36.234Z
3381,1983062564,2092-01-01T00:00:00.000Z,delisted,9099X_7270_1189_5417_51588,9099X,2100003000,Amgevita,"{""pbs_code"":""9099X"",""formulary"":""F2"",""brand_name"":""Amgevita"",""li_item_id"":""9099X_7270_1189_5417_51588"",""determined_price"":444.17}",,,normal,PBS listing was present in the previous schedule and is now absent.,2026-08-29T11:14:36.234Z
3382,1983062564,2092-01-01T00:00:00.000Z,delisted,9099X_7270_1189_5417_54286,9099X,2100003000,Abrilada,"{""pbs_code"":""9099X"",""formulary"":""F2"",""brand_name"":""Abrilada"",""li_item_id"":""9099X_7270_1189_5417_54286"",""determined_price"":444.17}",,,normal,PBS listing was present in the previous schedule and is now absent.,2026-08-29T11:14:36.234Z
3383,1983062564,2092-01-01T00:00:00.000Z,delisted,9100Y_7270_1189_5417_49267,9100Y,2100003000,Hyrimoz,"{""pbs_code"":""9100Y"",""formulary"":""F2"",""brand_name"":""Hyrimoz"",""li_item_id"":""9100Y_7270_1189_5417_49267"",""determined_price"":444.17}",,,normal,PBS listing was present in the previous schedule and is now absent.,2026-08-29T11:14:36.234Z
3384,1983062564,2092-01-01T00:00:00.000Z,delisted,9100Y_7270_1189_5417_50918,9100Y,2100003000,Hadlima,"{""pbs_code"":""9100Y"",""formulary"":""F2"",""brand_name"":""Hadlima"",""li_item_id"":""9100Y_7270_1189_5417_50918"",""determined_price"":444.17}",,,normal,PBS listing was present in the previous schedule and is now absent.,2026-08-29T11:14:36.234Z
3385,1983062564,2092-01-01T00:00:00.000Z,delisted,9100Y_7270_1189_5417_51588,9100Y,2100003000,Amgevita,"{""pbs_code"":""9100Y"",""formulary"":""F2"",""brand_name"":""Amgevita"",""li_item_id"":""9100Y_7270_1189_5417_51588"",""determined_price"":444.17}",,,normal,PBS listing was present in the previous schedule and is now absent.,2026-08-29T11:14:36.234Z
3386,1983062564,2092-01-01T00:00:00.000Z,delisted,9100Y_7270_1189_5417_54286,9100Y,2100003000,Abrilada,"{""pbs_code"":""9100Y"",""formulary"":""F2"",""brand_name"":""Abrilada"",""li_item_id"":""9100Y_7270_1189_5417_54286"",""determined_price"":444.17}",,,normal,PBS listing was present in the previous schedule and is now absent.,2026-08-29T11:14:36.234Z
3387,1983062564,2092-01-01T00:00:00.000Z,delisted,9101B_7270_1189_5417_49267,9101B,2100003000,Hyrimoz,"{""pbs_code"":""9101B"",""formulary"":""F2"",""brand_name"":""Hyrimoz"",""li_item_id"":""9101B_7270_1189_5417_49267"",""determined_price"":444.17}",,,normal,PBS listing was present in the previous schedule and is now absent.,2026-08-29T11:14:36.234Z
3388,1983062564,2092-01-01T00:00:00.000Z,delisted,9101B_7270_1189_5417_50918,9101B,2100003000,Hadlima,"{""pbs_code"":""9101B"",""formulary"":""F2"",""brand_name"":""Hadlima"",""li_item_id"":""9101B_7270_1189_5417_50918"",""determined_price"":444.17}",,,normal,PBS listing was present in the previous schedule and is now absent.,2026-08-29T11:14:36.234Z
3389,1983062564,2092-01-01T00:00:00.000Z,delisted,9101B_7270_1189_5417_51588,9101B,2100003000,Amgevita,"{""pbs_code"":""9101B"",""formulary"":""F2"",""brand_name"":""Amgevita"",""li_item_id"":""9101B_7270_1189_5417_51588"",""determined_price"":444.17}",,,normal,PBS listing was present in the previous schedule and is now absent.,2026-08-29T11:14:36.234Z
3390,1983062564,2092-01-01T00:00:00.000Z,delisted,9101B_7270_1189_5417_54286,9101B,2100003000,Abrilada,"{""pbs_code"":""9101B"",""formulary"":""F2"",""brand_name"":""Abrilada"",""li_item_id"":""9101B_7270_1189_5417_54286"",""determined_price"":444.17}",,,normal,PBS listing was present in the previous schedule and is now absent.,2026-08-29T11:14:36.234Z
3391,1983062564,2092-01-01T00:00:00.000Z,delisted,9102C_7270_1189_5417_49267,9102C,2100003000,Hyrimoz,"{""pbs_code"":""9102C"",""formulary"":""F2"",""brand_name"":""Hyrimoz"",""li_item_id"":""9102C_7270_1189_5417_49267"",""determined_price"":444.17}",,,normal,PBS listing was present in the previous schedule and is now absent.,2026-08-29T11:14:36.234Z
3392,1983062564,2092-01-01T00:00:00.000Z,delisted,9102C_7270_1189_5417_50918,9102C,2100003000,Hadlima,"{""pbs_code"":""9102C"",""formulary"":""F2"",""brand_name"":""Hadlima"",""li_item_id"":""9102C_7270_1189_5417_50918"",""determined_price"":444.17}",,,normal,PBS listing was present in the previous schedule and is now absent.,2026-08-29T11:14:36.234Z
3393,1983062564,2092-01-01T00:00:00.000Z,delisted,9102C_7270_1189_5417_51588,9102C,2100003000,Amgevita,"{""pbs_code"":""9102C"",""formulary"":""F2"",""brand_name"":""Amgevita"",""li_item_id"":""9102C_7270_1189_5417_51588"",""determined_price"":444.17}",,,normal,PBS listing was present in the previous schedule and is now absent.,2026-08-29T11:14:36.234Z
3394,1983062564,2092-01-01T00:00:00.000Z,delisted,9102C_7270_1189_5417_54286,9102C,2100003000,Abrilada,"{""pbs_code"":""9102C"",""formulary"":""F2"",""brand_name"":""Abrilada"",""li_item_id"":""9102C_7270_1189_5417_54286"",""determined_price"":444.17}",,,normal,PBS listing was present in the previous schedule and is now absent.,2026-08-29T11:14:36.234Z
3395,1983062564,2092-01-01T00:00:00.000Z,delisted,9103D_7270_1189_5417_49267,9103D,2100003000,Hyrimoz,"{""pbs_code"":""9103D"",""formulary"":""F2"",""brand_name"":""Hyrimoz"",""li_item_id"":""9103D_7270_1189_5417_49267"",""determined_price"":444.17}",,,normal,PBS listing was present in the previous schedule and is now absent.,2026-08-29T11:14:36.234Z
3396,1983062564,2092-01-01T00:00:00.000Z,delisted,9103D_7270_1189_5417_50918,9103D,2100003000,Hadlima,"{""pbs_code"":""9103D"",""formulary"":""F2"",""brand_name"":""Hadlima"",""li_item_id"":""9103D_7270_1189_5417_50918"",""determined_price"":444.17}",,,normal,PBS listing was present in the previous schedule and is now absent.,2026-08-29T11:14:36.234Z
3397,1983062564,2092-01-01T00:00:00.000Z,delisted,9103D_7270_1189_5417_51588,9103D,2100003000,Amgevita,"{""pbs_code"":""9103D"",""formulary"":""F2"",""brand_name"":""Amgevita"",""li_item_id"":""9103D_7270_1189_5417_51588"",""determined_price"":444.17}",,,normal,PBS listing was present in the previous schedule and is now absent.,2026-08-29T11:14:36.234Z
3398,1983062564,2092-01-01T00:00:00.000Z,delisted,9103D_7270_1189_5417_54286,9103D,2100003000,Abrilada,"{""pbs_code"":""9103D"",""formulary"":""F2"",""brand_name"":""Abrilada"",""li_item_id"":""9103D_7270_1189_5417_54286"",""determined_price"":444.17}",,,normal,PBS listing was present in the previous schedule and is now absent.,2026-08-29T11:14:36.234Z
3399,1983062564,2092-01-01T00:00:00.000Z,delisted,9104E_7270_1189_5417_49267,9104E,2100003000,Hyrimoz,"{""pbs_code"":""9104E"",""formulary"":""F2"",""brand_name"":""Hyrimoz"",""li_item_id"":""9104E_7270_1189_5417_49267"",""determined_price"":444.17}",,,normal,PBS listing was present in the previous schedule and is now absent.,2026-08-29T11:14:36.234Z
3400,1983062564,2092-01-01T00:00:00.000Z,delisted,9104E_7270_1189_5417_50918,9104E,2100003000,Hadlima,"{""pbs_code"":""9104E"",""formulary"":""F2"",""brand_name"":""Hadlima"",""li_item_id"":""9104E_7270_1189_5417_50918"",""determined_price"":444.17}",,,normal,PBS listing was present in the previous schedule and is now absent.,2026-08-29T11:14:36.234Z
3401,1983062564,2092-01-01T00:00:00.000Z,delisted,9104E_7270_1189_5417_51588,9104E,2100003000,Amgevita,"{""pbs_code"":""9104E"",""formulary"":""F2"",""brand_name"":""Amgevita"",""li_item_id"":""9104E_7270_1189_5417_51588"",""determined_price"":444.17}",,,normal,PBS listing was present in the previous schedule and is now absent.,2026-08-29T11:14:36.234Z
3402,1983062564,2092-01-01T00:00:00.000Z,delisted,9104E_7270_1189_5417_54286,9104E,2100003000,Abrilada,"{""pbs_code"":""9104E"",""formulary"":""F2"",""brand_name"":""Abrilada"",""li_item_id"":""9104E_7270_1189_5417_54286"",""determined_price"":444.17}",,,normal,PBS listing was present in the previous schedule and is now absent.,2026-08-29T11:14:36.234Z
3403,1983062564,2092-01-01T00:00:00.000Z,delisted,9188N_10037_1189_5419_45576,9188N,2100003000,Hadlima,"{""pbs_code"":""9188N"",""formulary"":""F2"",""brand_name"":""Hadlima"",""li_item_id"":""9188N_10037_1189_5419_45576"",""determined_price"":444.17}",,,normal,PBS listing was present in the previous schedule and is now absent.,2026-08-29T11:14:36.234Z
3404,1983062564,2092-01-01T00:00:00.000Z,delisted,9188N_10037_1189_5419_45951,9188N,2100003000,Amgevita,"{""pbs_code"":""9188N"",""formulary"":""F2"",""brand_name"":""Amgevita"",""li_item_id"":""9188N_10037_1189_5419_45951"",""determined_price"":444.17}",,,normal,PBS listing was present in the previous schedule and is now absent.,2026-08-29T11:14:36.234Z
3405,1983062564,2092-01-01T00:00:00.000Z,delisted,9188N_10037_1189_5419_49269,9188N,2100003000,Hyrimoz,"{""pbs_code"":""9188N"",""formulary"":""F2"",""brand_name"":""Hyrimoz"",""li_item_id"":""9188N_10037_1189_5419_49269"",""determined_price"":444.17}",,,normal,PBS listing was present in the previous schedule and is now absent.,2026-08-29T11:14:36.234Z
3406,1983062564,2092-01-01T00:00:00.000Z,delisted,9189P_10037_1189_5419_45576,9189P,2100003000,Hadlima,"{""pbs_code"":""9189P"",""formulary"":""F2"",""brand_name"":""Hadlima"",""li_item_id"":""9189P_10037_1189_5419_45576"",""determined_price"":444.17}",,,normal,PBS listing was present in the previous schedule and is now absent.,2026-08-29T11:14:36.234Z
3407,1983062564,2092-01-01T00:00:00.000Z,delisted,9189P_10037_1189_5419_45951,9189P,2100003000,Amgevita,"{""pbs_code"":""9189P"",""formulary"":""F2"",""brand_name"":""Amgevita"",""li_item_id"":""9189P_10037_1189_5419_45951"",""determined_price"":444.17}",,,normal,PBS listing was present in the previous schedule and is now absent.,2026-08-29T11:14:36.234Z
3408,1983062564,2092-01-01T00:00:00.000Z,delisted,9189P_10037_1189_5419_49269,9189P,2100003000,Hyrimoz,"{""pbs_code"":""9189P"",""formulary"":""F2"",""brand_name"":""Hyrimoz"",""li_item_id"":""9189P_10037_1189_5419_49269"",""determined_price"":444.17}",,,normal,PBS listing was present in the previous schedule and is now absent.,2026-08-29T11:14:36.234Z
3409,1983062564,2092-01-01T00:00:00.000Z,delisted,9190Q_7270_1189_5417_49267,9190Q,2100003000,Hyrimoz,"{""pbs_code"":""9190Q"",""formulary"":""F2"",""brand_name"":""Hyrimoz"",""li_item_id"":""9190Q_7270_1189_5417_49267"",""determined_price"":444.17}",,,normal,PBS listing was present in the previous schedule and is now absent.,2026-08-29T11:14:36.234Z
3410,1983062564,2092-01-01T00:00:00.000Z,delisted,9190Q_7270_1189_5417_50918,9190Q,2100003000,Hadlima,"{""pbs_code"":""9190Q"",""formulary"":""F2"",""brand_name"":""Hadlima"",""li_item_id"":""9190Q_7270_1189_5417_50918"",""determined_price"":444.17}",,,normal,PBS listing was present in the previous schedule and is now absent.,2026-08-29T11:14:36.234Z
3411,1983062564,2092-01-01T00:00:00.000Z,delisted,9190Q_7270_1189_5417_51588,9190Q,2100003000,Amgevita,"{""pbs_code"":""9190Q"",""formulary"":""F2"",""brand_name"":""Amgevita"",""li_item_id"":""9190Q_7270_1189_5417_51588"",""determined_price"":444.17}",,,normal,PBS listing was present in the previous schedule and is now absent.,2026-08-29T11:14:36.234Z
3412,1983062564,2092-01-01T00:00:00.000Z,delisted,9190Q_7270_1189_5417_54286,9190Q,2100003000,Abrilada,"{""pbs_code"":""9190Q"",""formulary"":""F2"",""brand_name"":""Abrilada"",""li_item_id"":""9190Q_7270_1189_5417_54286"",""determined_price"":444.17}",,,normal,PBS listing was present in the previous schedule and is now absent.,2026-08-29T11:14:36.234Z
3413,1983062564,2092-01-01T00:00:00.000Z,delisted,9191R_7270_1189_5417_49267,9191R,2100003000,Hyrimoz,"{""pbs_code"":""9191R"",""formulary"":""F2"",""brand_name"":""Hyrimoz"",""li_item_id"":""9191R_7270_1189_5417_49267"",""determined_price"":444.17}",,,normal,PBS listing was present in the previous schedule and is now absent.,2026-08-29T11:14:36.234Z
3414,1983062564,2092-01-01T00:00:00.000Z,delisted,9191R_7270_1189_5417_50918,9191R,2100003000,Hadlima,"{""pbs_code"":""9191R"",""formulary"":""F2"",""brand_name"":""Hadlima"",""li_item_id"":""9191R_7270_1189_5417_50918"",""determined_price"":444.17}",,,normal,PBS listing was present in the previous schedule and is now absent.,2026-08-29T11:14:36.234Z
3415,1983062564,2092-01-01T00:00:00.000Z,delisted,9191R_7270_1189_5417_51588,9191R,2100003000,Amgevita,"{""pbs_code"":""9191R"",""formulary"":""F2"",""brand_name"":""Amgevita"",""li_item_id"":""9191R_7270_1189_5417_51588"",""determined_price"":444.17}",,,normal,PBS listing was present in the previous schedule and is now absent.,2026-08-29T11:14:36.234Z
3416,1983062564,2092-01-01T00:00:00.000Z,delisted,9191R_7270_1189_5417_54286,9191R,2100003000,Abrilada,"{""pbs_code"":""9191R"",""formulary"":""F2"",""brand_name"":""Abrilada"",""li_item_id"":""9191R_7270_1189_5417_54286"",""determined_price"":444.17}",,,normal,PBS listing was present in the previous schedule and is now absent.,2026-08-29T11:14:36.234Z
3417,1983062564,2092-01-01T00:00:00.000Z,delisted,9425C_10037_1189_5419_45576,9425C,2100003000,Hadlima,"{""pbs_code"":""9425C"",""formulary"":""F2"",""brand_name"":""Hadlima"",""li_item_id"":""9425C_10037_1189_5419_45576"",""determined_price"":444.17}",,,normal,PBS listing was present in the previous schedule and is now absent.,2026-08-29T11:14:36.234Z
3418,1983062564,2092-01-01T00:00:00.000Z,delisted,9425C_10037_1189_5419_45951,9425C,2100003000,Amgevita,"{""pbs_code"":""9425C"",""formulary"":""F2"",""brand_name"":""Amgevita"",""li_item_id"":""9425C_10037_1189_5419_45951"",""determined_price"":444.17}",,,normal,PBS listing was present in the previous schedule and is now absent.,2026-08-29T11:14:36.234Z
3419,1983062564,2092-01-01T00:00:00.000Z,delisted,9425C_10037_1189_5419_49269,9425C,2100003000,Hyrimoz,"{""pbs_code"":""9425C"",""formulary"":""F2"",""brand_name"":""Hyrimoz"",""li_item_id"":""9425C_10037_1189_5419_49269"",""determined_price"":444.17}",,,normal,PBS listing was present in the previous schedule and is now absent.,2026-08-29T11:14:36.234Z
3420,1983062564,2092-01-01T00:00:00.000Z,delisted,9426D_7270_1189_5417_49267,9426D,2100003000,Hyrimoz,"{""pbs_code"":""9426D"",""formulary"":""F2"",""brand_name"":""Hyrimoz"",""li_item_id"":""9426D_7270_1189_5417_49267"",""determined_price"":444.17}",,,normal,PBS listing was present in the previous schedule and is now absent.,2026-08-29T11:14:36.234Z
3421,1983062564,2092-01-01T00:00:00.000Z,delisted,9426D_7270_1189_5417_50918,9426D,2100003000,Hadlima,"{""pbs_code"":""9426D"",""formulary"":""F2"",""brand_name"":""Hadlima"",""li_item_id"":""9426D_7270_1189_5417_50918"",""determined_price"":444.17}",,,normal,PBS listing was present in the previous schedule and is now absent.,2026-08-29T11:14:36.234Z
3422,1983062564,2092-01-01T00:00:00.000Z,delisted,9426D_7270_1189_5417_51588,9426D,2100003000,Amgevita,"{""pbs_code"":""9426D"",""formulary"":""F2"",""brand_name"":""Amgevita"",""li_item_id"":""9426D_7270_1189_5417_51588"",""determined_price"":444.17}",,,normal,PBS listing was present in the previous schedule and is now absent.,2026-08-29T11:14:36.234Z
3423,1983062564,2092-01-01T00:00:00.000Z,delisted,9426D_7270_1189_5417_54286,9426D,2100003000,Abrilada,"{""pbs_code"":""9426D"",""formulary"":""F2"",""brand_name"":""Abrilada"",""li_item_id"":""9426D_7270_1189_5417_54286"",""determined_price"":444.17}",,,normal,PBS listing was present in the previous schedule and is now absent.,2026-08-29T11:14:36.234Z
3424,1983062564,2092-01-01T00:00:00.000Z,delisted,9427E_10037_1189_5419_45576,9427E,2100003000,Hadlima,"{""pbs_code"":""9427E"",""formulary"":""F2"",""brand_name"":""Hadlima"",""li_item_id"":""9427E_10037_1189_5419_45576"",""determined_price"":444.17}",,,normal,PBS listing was present in the previous schedule and is now absent.,2026-08-29T11:14:36.234Z
3425,1983062564,2092-01-01T00:00:00.000Z,delisted,9427E_10037_1189_5419_45951,9427E,2100003000,Amgevita,"{""pbs_code"":""9427E"",""formulary"":""F2"",""brand_name"":""Amgevita"",""li_item_id"":""9427E_10037_1189_5419_45951"",""determined_price"":444.17}",,,normal,PBS listing was present in the previous schedule and is now absent.,2026-08-29T11:14:36.234Z
3426,1983062564,2092-01-01T00:00:00.000Z,delisted,9427E_10037_1189_5419_49269,9427E,2100003000,Hyrimoz,"{""pbs_code"":""9427E"",""formulary"":""F2"",""brand_name"":""Hyrimoz"",""li_item_id"":""9427E_10037_1189_5419_49269"",""determined_price"":444.17}",,,normal,PBS listing was present in the previous schedule and is now absent.,2026-08-29T11:14:36.234Z
3427,1983062564,2092-01-01T00:00:00.000Z,delisted,9428F_7270_1189_5417_49267,9428F,2100003000,Hyrimoz,"{""pbs_code"":""9428F"",""formulary"":""F2"",""brand_name"":""Hyrimoz"",""li_item_id"":""9428F_7270_1189_5417_49267"",""determined_price"":444.17}",,,normal,PBS listing was present in the previous schedule and is now absent.,2026-08-29T11:14:36.234Z
3428,1983062564,2092-01-01T00:00:00.000Z,delisted,9428F_7270_1189_5417_50918,9428F,2100003000,Hadlima,"{""pbs_code"":""9428F"",""formulary"":""F2"",""brand_name"":""Hadlima"",""li_item_id"":""9428F_7270_1189_5417_50918"",""determined_price"":444.17}",,,normal,PBS listing was present in the previous schedule and is now absent.,2026-08-29T11:14:36.234Z
3429,1983062564,2092-01-01T00:00:00.000Z,delisted,9428F_7270_1189_5417_51588,9428F,2100003000,Amgevita,"{""pbs_code"":""9428F"",""formulary"":""F2"",""brand_name"":""Amgevita"",""li_item_id"":""9428F_7270_1189_5417_51588"",""determined_price"":444.17}",,,normal,PBS listing was present in the previous schedule and is now absent.,2026-08-29T11:14:36.234Z
3430,1983062564,2092-01-01T00:00:00.000Z,delisted,9428F_7270_1189_5417_54286,9428F,2100003000,Abrilada,"{""pbs_code"":""9428F"",""formulary"":""F2"",""brand_name"":""Abrilada"",""li_item_id"":""9428F_7270_1189_5417_54286"",""determined_price"":444.17}",,,normal,PBS listing was present in the previous schedule and is now absent.,2026-08-29T11:14:36.234Z
3431,1983062564,2092-01-01T00:00:00.000Z,delisted,9662M_10037_1189_5419_45576,9662M,2100003000,Hadlima,"{""pbs_code"":""9662M"",""formulary"":""F2"",""brand_name"":""Hadlima"",""li_item_id"":""9662M_10037_1189_5419_45576"",""determined_price"":444.17}",,,normal,PBS listing was present in the previous schedule and is now absent.,2026-08-29T11:14:36.234Z
3432,1983062564,2092-01-01T00:00:00.000Z,delisted,9662M_10037_1189_5419_45951,9662M,2100003000,Amgevita,"{""pbs_code"":""9662M"",""formulary"":""F2"",""brand_name"":""Amgevita"",""li_item_id"":""9662M_10037_1189_5419_45951"",""determined_price"":444.17}",,,normal,PBS listing was present in the previous schedule and is now absent.,2026-08-29T11:14:36.234Z
3433,1983062564,2092-01-01T00:00:00.000Z,delisted,9662M_10037_1189_5419_49269,9662M,2100003000,Hyrimoz,"{""pbs_code"":""9662M"",""formulary"":""F2"",""brand_name"":""Hyrimoz"",""li_item_id"":""9662M_10037_1189_5419_49269"",""determined_price"":444.17}",,,normal,PBS listing was present in the previous schedule and is now absent.,2026-08-29T11:14:36.234Z
3434,1983062564,2092-01-01T00:00:00.000Z,delisted,9663N_7270_1189_5417_49267,9663N,2100003000,Hyrimoz,"{""pbs_code"":""9663N"",""formulary"":""F2"",""brand_name"":""Hyrimoz"",""li_item_id"":""9663N_7270_1189_5417_49267"",""determined_price"":444.17}",,,normal,PBS listing was present in the previous schedule and is now absent.,2026-08-29T11:14:36.234Z
3435,1983062564,2092-01-01T00:00:00.000Z,delisted,9663N_7270_1189_5417_50918,9663N,2100003000,Hadlima,"{""pbs_code"":""9663N"",""formulary"":""F2"",""brand_name"":""Hadlima"",""li_item_id"":""9663N_7270_1189_5417_50918"",""determined_price"":444.17}",,,normal,PBS listing was present in the previous schedule and is now absent.,2026-08-29T11:14:36.234Z
3436,1983062564,2092-01-01T00:00:00.000Z,delisted,9663N_7270_1189_5417_51588,9663N,2100003000,Amgevita,"{""pbs_code"":""9663N"",""formulary"":""F2"",""brand_name"":""Amgevita"",""li_item_id"":""9663N_7270_1189_5417_51588"",""determined_price"":444.17}",,,normal,PBS listing was present in the previous schedule and is now absent.,2026-08-29T11:14:36.234Z
3437,1983062564,2092-01-01T00:00:00.000Z,delisted,9663N_7270_1189_5417_54286,9663N,2100003000,Abrilada,"{""pbs_code"":""9663N"",""formulary"":""F2"",""brand_name"":""Abrilada"",""li_item_id"":""9663N_7270_1189_5417_54286"",""determined_price"":444.17}",,,normal,PBS listing was present in the previous schedule and is now absent.,2026-08-29T11:14:36.234Z
3438,1983062564,2092-01-01T00:00:00.000Z,delisted,9679K_10037_1189_5419_45576,9679K,2100003000,Hadlima,"{""pbs_code"":""9679K"",""formulary"":""F2"",""brand_name"":""Hadlima"",""li_item_id"":""9679K_10037_1189_5419_45576"",""determined_price"":444.17}",,,normal,PBS listing was present in the previous schedule and is now absent.,2026-08-29T11:14:36.234Z
3439,1983062564,2092-01-01T00:00:00.000Z,delisted,9679K_10037_1189_5419_45951,9679K,2100003000,Amgevita,"{""pbs_code"":""9679K"",""formulary"":""F2"",""brand_name"":""Amgevita"",""li_item_id"":""9679K_10037_1189_5419_45951"",""determined_price"":444.17}",,,normal,PBS listing was present in the previous schedule and is now absent.,2026-08-29T11:14:36.234Z
3440,1983062564,2092-01-01T00:00:00.000Z,delisted,9679K_10037_1189_5419_49269,9679K,2100003000,Hyrimoz,"{""pbs_code"":""9679K"",""formulary"":""F2"",""brand_name"":""Hyrimoz"",""li_item_id"":""9679K_10037_1189_5419_49269"",""determined_price"":444.17}",,,normal,PBS listing was present in the previous schedule and is now absent.,2026-08-29T11:14:36.234Z
3441,1983062564,2092-01-01T00:00:00.000Z,delisted,9680L_7270_1189_5417_49267,9680L,2100003000,Hyrimoz,"{""pbs_code"":""9680L"",""formulary"":""F2"",""brand_name"":""Hyrimoz"",""li_item_id"":""9680L_7270_1189_5417_49267"",""determined_price"":444.17}",,,normal,PBS listing was present in the previous schedule and is now absent.,2026-08-29T11:14:36.234Z
3442,1983062564,2092-01-01T00:00:00.000Z,delisted,9680L_7270_1189_5417_50918,9680L,2100003000,Hadlima,"{""pbs_code"":""9680L"",""formulary"":""F2"",""brand_name"":""Hadlima"",""li_item_id"":""9680L_7270_1189_5417_50918"",""determined_price"":444.17}",,,normal,PBS listing was present in the previous schedule and is now absent.,2026-08-29T11:14:36.234Z
3443,1983062564,2092-01-01T00:00:00.000Z,delisted,9680L_7270_1189_5417_51588,9680L,2100003000,Amgevita,"{""pbs_code"":""9680L"",""formulary"":""F2"",""brand_name"":""Amgevita"",""li_item_id"":""9680L_7270_1189_5417_51588"",""determined_price"":444.17}",,,normal,PBS listing was present in the previous schedule and is now absent.,2026-08-29T11:14:36.234Z
3444,1983062564,2092-01-01T00:00:00.000Z,delisted,9680L_7270_1189_5417_54286,9680L,2100003000,Abrilada,"{""pbs_code"":""9680L"",""formulary"":""F2"",""brand_name"":""Abrilada"",""li_item_id"":""9680L_7270_1189_5417_54286"",""determined_price"":444.17}",,,normal,PBS listing was present in the previous schedule and is now absent.,2026-08-29T11:14:36.234Z
3445,1983062564,2092-01-01T00:00:00.000Z,delisted,10474G_13026_29090_29103_29105,10474G,1000000,Vyvanse,"{""pbs_code"":""10474G"",""formulary"":""F1"",""brand_name"":""Vyvanse"",""li_item_id"":""10474G_13026_29090_29103_29105"",""determined_price"":24.94}",,,normal,PBS listing was present in the previous schedule and is now absent.,2026-08-29T11:14:36.234Z
3446,1983062564,2092-01-01T00:00:00.000Z,delisted,10486X_13006_29090_29093_33251,10486X,1000000,Vyvanse,"{""pbs_code"":""10486X"",""formulary"":""F1"",""brand_name"":""Vyvanse"",""li_item_id"":""10486X_13006_29090_29093_33251"",""determined_price"":24.94}",,,normal,PBS listing was present in the previous schedule and is now absent.,2026-08-29T11:14:36.234Z
3447,1983062564,2092-01-01T00:00:00.000Z,delisted,10492F_13046_29090_29098_29100,10492F,1000000,Vyvanse,"{""pbs_code"":""10492F"",""formulary"":""F1"",""brand_name"":""Vyvanse"",""li_item_id"":""10492F_13046_29090_29098_29100"",""determined_price"":24.94}",,,normal,PBS listing was present in the previous schedule and is now absent.,2026-08-29T11:14:36.234Z
3448,1983062564,2092-01-01T00:00:00.000Z,delisted,11884L_23246_29090_47911_48113,11884L,1000000,Vyvanse,"{""pbs_code"":""11884L"",""formulary"":""F1"",""brand_name"":""Vyvanse"",""li_item_id"":""11884L_23246_29090_47911_48113"",""determined_price"":24.94}",,,normal,PBS listing was present in the previous schedule and is now absent.,2026-08-29T11:14:36.234Z
3449,1983062564,2092-01-01T00:00:00.000Z,delisted,11897E_23248_29090_47922_48115,11897E,1000000,Vyvanse,"{""pbs_code"":""11897E"",""formulary"":""F1"",""brand_name"":""Vyvanse"",""li_item_id"":""11897E_23248_29090_47922_48115"",""determined_price"":24.94}",,,normal,PBS listing was present in the previous schedule and is now absent.,2026-08-29T11:14:36.234Z
3450,1983062564,2092-01-01T00:00:00.000Z,delisted,11898F_23247_29090_47917_48114,11898F,1000000,Vyvanse,"{""pbs_code"":""11898F"",""formulary"":""F1"",""brand_name"":""Vyvanse"",""li_item_id"":""11898F_23247_29090_47917_48114"",""determined_price"":24.94}",,,normal,PBS listing was present in the previous schedule and is now absent.,2026-08-29T11:14:36.234Z
3451,1983062564,2092-01-01T00:00:00.000Z,delisted,11440D_21571_42658_42671_42677,11440D,2100002978,Intuniv,"{""pbs_code"":""11440D"",""formulary"":""F2"",""brand_name"":""Intuniv"",""li_item_id"":""11440D_21571_42658_42671_42677"",""determined_price"":24.1}",,,normal,PBS listing was present in the previous schedule and is now absent.,2026-08-29T11:14:36.234Z
3452,1983062564,2092-01-01T00:00:00.000Z,delisted,11440D_21571_42658_42671_68890,11440D,2100002978,Guanfacine Sandoz,"{""pbs_code"":""11440D"",""formulary"":""F2"",""brand_name"":""Guanfacine Sandoz"",""li_item_id"":""11440D_21571_42658_42671_68890"",""determined_price"":24.1}",,,normal,PBS listing was present in the previous schedule and is now absent.,2026-08-29T11:14:36.234Z
3453,1983062564,2092-01-01T00:00:00.000Z,delisted,11440D_21571_42658_42671_68891,11440D,2100002978,Guanfacine Viatris,"{""pbs_code"":""11440D"",""formulary"":""F2"",""brand_name"":""Guanfacine Viatris"",""li_item_id"":""11440D_21571_42658_42671_68891"",""determined_price"":24.1}",,,normal,PBS listing was present in the previous schedule and is now absent.,2026-08-29T11:14:36.234Z
3454,1983062564,2092-01-01T00:00:00.000Z,delisted,11441E_21572_42658_42673_42680,11441E,2100002978,Intuniv,"{""pbs_code"":""11441E"",""formulary"":""F2"",""brand_name"":""Intuniv"",""li_item_id"":""11441E_21572_42658_42673_42680"",""determined_price"":24.1}",,,normal,PBS listing was present in the previous schedule and is now absent.,2026-08-29T11:14:36.234Z
3455,1983062564,2092-01-01T00:00:00.000Z,delisted,11441E_21572_42658_42673_68892,11441E,2100002978,Guanfacine Sandoz,"{""pbs_code"":""11441E"",""formulary"":""F2"",""brand_name"":""Guanfacine Sandoz"",""li_item_id"":""11441E_21572_42658_42673_68892"",""determined_price"":24.1}",,,normal,PBS listing was present in the previous schedule and is now absent.,2026-08-29T11:14:36.234Z
3456,1983062564,2092-01-01T00:00:00.000Z,delisted,11441E_21572_42658_42673_68893,11441E,2100002978,Guanfacine Viatris,"{""pbs_code"":""11441E"",""formulary"":""F2"",""brand_name"":""Guanfacine Viatris"",""li_item_id"":""11441E_21572_42658_42673_68893"",""determined_price"":24.1}",,,normal,PBS listing was present in the previous schedule and is now absent.,2026-08-29T11:14:36.234Z
3457,1983062564,2092-01-01T00:00:00.000Z,delisted,11451Q_21570_42658_42669_42676,11451Q,2100002978,Intuniv,"{""pbs_code"":""11451Q"",""formulary"":""F2"",""brand_name"":""Intuniv"",""li_item_id"":""11451Q_21570_42658_42669_42676"",""determined_price"":24.1}",,,normal,PBS listing was present in the previous schedule and is now absent.,2026-08-29T11:14:36.234Z
3458,1983062564,2092-01-01T00:00:00.000Z,delisted,11451Q_21570_42658_42669_68888,11451Q,2100002978,Guanfacine Sandoz,"{""pbs_code"":""11451Q"",""formulary"":""F2"",""brand_name"":""Guanfacine Sandoz"",""li_item_id"":""11451Q_21570_42658_42669_68888"",""determined_price"":24.1}",,,normal,PBS listing was present in the previous schedule and is now absent.,2026-08-29T11:14:36.234Z
3459,1983062564,2092-01-01T00:00:00.000Z,delisted,11451Q_21570_42658_42669_68889,11451Q,2100002978,Guanfacine Viatris,"{""pbs_code"":""11451Q"",""formulary"":""F2"",""brand_name"":""Guanfacine Viatris"",""li_item_id"":""11451Q_21570_42658_42669_68889"",""determined_price"":24.1}",,,normal,PBS listing was present in the previous schedule and is now absent.,2026-08-29T11:14:36.234Z
3460,1983062564,2092-01-01T00:00:00.000Z,delisted,11452R_22513_42658_42667_42675,11452R,2100002978,Intuniv,"{""pbs_code"":""11452R"",""formulary"":""F2"",""brand_name"":""Intuniv"",""li_item_id"":""11452R_22513_42658_42667_42675"",""determined_price"":24.1}",,,normal,PBS listing was present in the previous schedule and is now absent.,2026-08-29T11:14:36.234Z
3461,1983062564,2092-01-01T00:00:00.000Z,delisted,11452R_22513_42658_42667_68886,11452R,2100002978,Guanfacine Sandoz,"{""pbs_code"":""11452R"",""formulary"":""F2"",""brand_name"":""Guanfacine Sandoz"",""li_item_id"":""11452R_22513_42658_42667_68886"",""determined_price"":24.1}",,,normal,PBS listing was present in the previous schedule and is now absent.,2026-08-29T11:14:36.234Z
3462,1983062564,2092-01-01T00:00:00.000Z,delisted,11452R_22513_42658_42667_68887,11452R,2100002978,Guanfacine Viatris,"{""pbs_code"":""11452R"",""formulary"":""F2"",""brand_name"":""Guanfacine Viatris"",""li_item_id"":""11452R_22513_42658_42667_68887"",""determined_price"":24.1}",,,normal,PBS listing was present in the previous schedule and is now absent.,2026-08-29T11:14:36.234Z
3463,1983062564,2092-01-01T00:00:00.000Z,delisted,11633G_10940_1341_5810_57133,11633G,1000003,Rivaroxaban Dr.Reddy's,"{""pbs_code"":""11633G"",""formulary"":""F2"",""brand_name"":""Rivaroxaban Dr.Reddy's"",""li_item_id"":""11633G_10940_1341_5810_57133"",""determined_price"":11.39}",,,normal,PBS listing was present in the previous schedule and is now absent.,2026-08-29T11:14:36.234Z
3464,1983062564,2092-01-01T00:00:00.000Z,delisted,11633G_10940_1341_5810_57142,11633G,1000003,iXarola,"{""pbs_code"":""11633G"",""formulary"":""F2"",""brand_name"":""iXarola"",""li_item_id"":""11633G_10940_1341_5810_57142"",""determined_price"":11.39}",,,normal,PBS listing was present in the previous schedule and is now absent.,2026-08-29T11:14:36.234Z
3465,1983062564,2092-01-01T00:00:00.000Z,delisted,11633G_10940_1341_5810_57148,11633G,1000003,Rivaroxaban Sandoz,"{""pbs_code"":""11633G"",""formulary"":""F2"",""brand_name"":""Rivaroxaban Sandoz"",""li_item_id"":""11633G_10940_1341_5810_57148"",""determined_price"":11.39}",,,normal,PBS listing was present in the previous schedule and is now absent.,2026-08-29T11:14:36.234Z
3466,1983062564,2092-01-01T00:00:00.000Z,delisted,11633G_10940_1341_5810_58524,11633G,1000003,Rivoxa,"{""pbs_code"":""11633G"",""formulary"":""F2"",""brand_name"":""Rivoxa"",""li_item_id"":""11633G_10940_1341_5810_58524"",""determined_price"":11.39}",,,normal,PBS listing was present in the previous schedule and is now absent.,2026-08-29T11:14:36.234Z
3467,1983062564,2092-01-01T00:00:00.000Z,delisted,11633G_10940_1341_5810_59086,11633G,1000003,Rivaroxaban-Teva,"{""pbs_code"":""11633G"",""formulary"":""F2"",""brand_name"":""Rivaroxaban-Teva"",""li_item_id"":""11633G_10940_1341_5810_59086"",""determined_price"":11.39}",,,normal,PBS listing was present in the previous schedule and is now absent.,2026-08-29T11:14:36.234Z
3468,1983062564,2092-01-01T00:00:00.000Z,delisted,11633G_10940_1341_5810_59294,11633G,1000003,ARX-Rivaroxaban 10,"{""pbs_code"":""11633G"",""formulary"":""F2"",""brand_name"":""ARX-Rivaroxaban 10"",""li_item_id"":""11633G_10940_1341_5810_59294"",""determined_price"":11.39}",,,normal,PBS listing was present in the previous schedule and is now absent.,2026-08-29T11:14:36.234Z
3469,1983062564,2092-01-01T00:00:00.000Z,delisted,11633G_10940_1341_5810_65899,11633G,1000003,Rivaroxaban Lupin,"{""pbs_code"":""11633G"",""formulary"":""F2"",""brand_name"":""Rivaroxaban Lupin"",""li_item_id"":""11633G_10940_1341_5810_65899"",""determined_price"":11.39}",,,normal,PBS listing was present in the previous schedule and is now absent.,2026-08-29T11:14:36.234Z
3470,1983062564,2092-01-01T00:00:00.000Z,delisted,11633G_10940_1341_5810_66068,11633G,1000003,RIVAXIB,"{""pbs_code"":""11633G"",""formulary"":""F2"",""brand_name"":""RIVAXIB"",""li_item_id"":""11633G_10940_1341_5810_66068"",""determined_price"":11.39}",,,normal,PBS listing was present in the previous schedule and is now absent.,2026-08-29T11:14:36.234Z
3471,1983062564,2092-01-01T00:00:00.000Z,delisted,11633G_10940_1341_5810_66285,11633G,1000003,APO-Rivaroxaban,"{""pbs_code"":""11633G"",""formulary"":""F2"",""brand_name"":""APO-Rivaroxaban"",""li_item_id"":""11633G_10940_1341_5810_66285"",""determined_price"":11.39}",,,normal,PBS listing was present in the previous schedule and is now absent.,2026-08-29T11:14:36.234Z
3472,1983062564,2092-01-01T00:00:00.000Z,delisted,11633G_10940_1341_5810_66289,11633G,1000003,Rivarelto,"{""pbs_code"":""11633G"",""formulary"":""F2"",""brand_name"":""Rivarelto"",""li_item_id"":""11633G_10940_1341_5810_66289"",""determined_price"":11.39}",,,normal,PBS listing was present in the previous schedule and is now absent.,2026-08-29T11:14:36.234Z
3473,1983062564,2092-01-01T00:00:00.000Z,delisted,11633G_10940_1341_5810_67867,11633G,1000003,XAREMED,"{""pbs_code"":""11633G"",""formulary"":""F2"",""brand_name"":""XAREMED"",""li_item_id"":""11633G_10940_1341_5810_67867"",""determined_price"":11.39}",,,normal,PBS listing was present in the previous schedule and is now absent.,2026-08-29T11:14:36.234Z
3474,1983062564,2092-01-01T00:00:00.000Z,delisted,11633G_10940_1341_5810_68915,11633G,1000003,TROXA,"{""pbs_code"":""11633G"",""formulary"":""F2"",""brand_name"":""TROXA"",""li_item_id"":""11633G_10940_1341_5810_68915"",""determined_price"":11.39}",,,normal,PBS listing was present in the previous schedule and is now absent.,2026-08-29T11:14:36.234Z
3475,1983062564,2092-01-01T00:00:00.000Z,delisted,11633G_10940_1341_5810_7079,11633G,1000003,Xarelto,"{""pbs_code"":""11633G"",""formulary"":""F2"",""brand_name"":""Xarelto"",""li_item_id"":""11633G_10940_1341_5810_7079"",""determined_price"":11.39}",,,normal,PBS listing was present in the previous schedule and is now absent.,2026-08-29T11:14:36.234Z
3476,1983062564,2092-01-01T00:00:00.000Z,delisted,12192Q_22877_1341_47000_47009,12192Q,1000003,Xarelto,"{""pbs_code"":""12192Q"",""formulary"":""F2"",""brand_name"":""Xarelto"",""li_item_id"":""12192Q_22877_1341_47000_47009"",""determined_price"":20.11}",,,normal,PBS listing was present in the previous schedule and is now absent.,2026-08-29T11:14:36.234Z
3477,1983062564,2092-01-01T00:00:00.000Z,delisted,12192Q_22877_1341_47000_58527,12192Q,1000003,RIVOXA,"{""pbs_code"":""12192Q"",""formulary"":""F2"",""brand_name"":""RIVOXA"",""li_item_id"":""12192Q_22877_1341_47000_58527"",""determined_price"":20.11}",,,normal,PBS listing was present in the previous schedule and is now absent.,2026-08-29T11:14:36.234Z
3478,1983062564,2092-01-01T00:00:00.000Z,delisted,12192Q_22877_1341_47000_59089,12192Q,1000003,Rivaroxaban-Teva,"{""pbs_code"":""12192Q"",""formulary"":""F2"",""brand_name"":""Rivaroxaban-Teva"",""li_item_id"":""12192Q_22877_1341_47000_59089"",""determined_price"":20.11}",,,normal,PBS listing was present in the previous schedule and is now absent.,2026-08-29T11:14:36.234Z
3479,1983062564,2092-01-01T00:00:00.000Z,delisted,12192Q_22877_1341_47000_59318,12192Q,1000003,Rivaroxaban Lupin,"{""pbs_code"":""12192Q"",""formulary"":""F2"",""brand_name"":""Rivaroxaban Lupin"",""li_item_id"":""12192Q_22877_1341_47000_59318"",""determined_price"":20.11}",,,normal,PBS listing was present in the previous schedule and is now absent.,2026-08-29T11:14:36.234Z
3480,1983062564,2092-01-01T00:00:00.000Z,delisted,12192Q_22877_1341_47000_66293,12192Q,1000003,APO-Rivaroxaban,"{""pbs_code"":""12192Q"",""formulary"":""F2"",""brand_name"":""APO-Rivaroxaban"",""li_item_id"":""12192Q_22877_1341_47000_66293"",""determined_price"":20.11}",,,normal,PBS listing was present in the previous schedule and is now absent.,2026-08-29T11:14:36.234Z
3481,1983062564,2092-01-01T00:00:00.000Z,delisted,12197Y_22877_1341_47000_47009,12197Y,1000003,Xarelto,"{""pbs_code"":""12197Y"",""formulary"":""F2"",""brand_name"":""Xarelto"",""li_item_id"":""12197Y_22877_1341_47000_47009"",""determined_price"":20.11}",,,normal,PBS listing was present in the previous schedule and is now absent.,2026-08-29T11:14:36.234Z
3482,1983062564,2092-01-01T00:00:00.000Z,delisted,12197Y_22877_1341_47000_58527,12197Y,1000003,RIVOXA,"{""pbs_code"":""12197Y"",""formulary"":""F2"",""brand_name"":""RIVOXA"",""li_item_id"":""12197Y_22877_1341_47000_58527"",""determined_price"":20.11}",,,normal,PBS listing was present in the previous schedule and is now absent.,2026-08-29T11:14:36.234Z
3483,1983062564,2092-01-01T00:00:00.000Z,delisted,12197Y_22877_1341_47000_59089,12197Y,1000003,Rivaroxaban-Teva,"{""pbs_code"":""12197Y"",""formulary"":""F2"",""brand_name"":""Rivaroxaban-Teva"",""li_item_id"":""12197Y_22877_1341_47000_59089"",""determined_price"":20.11}",,,normal,PBS listing was present in the previous schedule and is now absent.,2026-08-29T11:14:36.234Z
3484,1983062564,2092-01-01T00:00:00.000Z,delisted,12197Y_22877_1341_47000_59318,12197Y,1000003,Rivaroxaban Lupin,"{""pbs_code"":""12197Y"",""formulary"":""F2"",""brand_name"":""Rivaroxaban Lupin"",""li_item_id"":""12197Y_22877_1341_47000_59318"",""determined_price"":20.11}",,,normal,PBS listing was present in the previous schedule and is now absent.,2026-08-29T11:14:36.234Z
3485,1983062564,2092-01-01T00:00:00.000Z,delisted,12197Y_22877_1341_47000_66293,12197Y,1000003,APO-Rivaroxaban,"{""pbs_code"":""12197Y"",""formulary"":""F2"",""brand_name"":""APO-Rivaroxaban"",""li_item_id"":""12197Y_22877_1341_47000_66293"",""determined_price"":20.11}",,,normal,PBS listing was present in the previous schedule and is now absent.,2026-08-29T11:14:36.234Z
3486,1983062564,2092-01-01T00:00:00.000Z,delisted,13366L_22877_1341_47000_47009,13366L,1000003,Xarelto,"{""pbs_code"":""13366L"",""formulary"":""F2"",""brand_name"":""Xarelto"",""li_item_id"":""13366L_22877_1341_47000_47009"",""determined_price"":20.11}",,,normal,PBS listing was present in the previous schedule and is now absent.,2026-08-29T11:14:36.234Z
3487,1983062564,2092-01-01T00:00:00.000Z,delisted,13366L_22877_1341_47000_58527,13366L,1000003,RIVOXA,"{""pbs_code"":""13366L"",""formulary"":""F2"",""brand_name"":""RIVOXA"",""li_item_id"":""13366L_22877_1341_47000_58527"",""determined_price"":20.11}",,,normal,PBS listing was present in the previous schedule and is now absent.,2026-08-29T11:14:36.234Z
3488,1983062564,2092-01-01T00:00:00.000Z,delisted,13366L_22877_1341_47000_59089,13366L,1000003,Rivaroxaban-Teva,"{""pbs_code"":""13366L"",""formulary"":""F2"",""brand_name"":""Rivaroxaban-Teva"",""li_item_id"":""13366L_22877_1341_47000_59089"",""determined_price"":20.11}",,,normal,PBS listing was present in the previous schedule and is now absent.,2026-08-29T11:14:36.234Z
3489,1983062564,2092-01-01T00:00:00.000Z,delisted,13366L_22877_1341_47000_59318,13366L,1000003,Rivaroxaban Lupin,"{""pbs_code"":""13366L"",""formulary"":""F2"",""brand_name"":""Rivaroxaban Lupin"",""li_item_id"":""13366L_22877_1341_47000_59318"",""determined_price"":20.11}",,,normal,PBS listing was present in the previous schedule and is now absent.,2026-08-29T11:14:36.234Z
3490,1983062564,2092-01-01T00:00:00.000Z,delisted,13366L_22877_1341_47000_66293,13366L,1000003,APO-Rivaroxaban,"{""pbs_code"":""13366L"",""formulary"":""F2"",""brand_name"":""APO-Rivaroxaban"",""li_item_id"":""13366L_22877_1341_47000_66293"",""determined_price"":20.11}",,,normal,PBS listing was present in the previous schedule and is now absent.,2026-08-29T11:14:36.234Z
3491,1983062564,2092-01-01T00:00:00.000Z,delisted,13462M_11820_1341_25974_25977,13462M,1000003,Xarelto,"{""pbs_code"":""13462M"",""formulary"":""F2"",""brand_name"":""Xarelto"",""li_item_id"":""13462M_11820_1341_25974_25977"",""determined_price"":19.81}",,,normal,PBS listing was present in the previous schedule and is now absent.,2026-08-29T11:14:36.234Z
3492,1983062564,2092-01-01T00:00:00.000Z,delisted,13462M_11820_1341_25974_57136,13462M,1000003,Rivaroxaban Dr.Reddy's,"{""pbs_code"":""13462M"",""formulary"":""F2"",""brand_name"":""Rivaroxaban Dr.Reddy's"",""li_item_id"":""13462M_11820_1341_25974_57136"",""determined_price"":19.81}",,,normal,PBS listing was present in the previous schedule and is now absent.,2026-08-29T11:14:36.234Z
3493,1983062564,2092-01-01T00:00:00.000Z,delisted,13462M_11820_1341_25974_57144,13462M,1000003,iXarola,"{""pbs_code"":""13462M"",""formulary"":""F2"",""brand_name"":""iXarola"",""li_item_id"":""13462M_11820_1341_25974_57144"",""determined_price"":19.81}",,,normal,PBS listing was present in the previous schedule and is now absent.,2026-08-29T11:14:36.234Z
3494,1983062564,2092-01-01T00:00:00.000Z,delisted,13462M_11820_1341_25974_57151,13462M,1000003,Rivaroxaban Sandoz,"{""pbs_code"":""13462M"",""formulary"":""F2"",""brand_name"":""Rivaroxaban Sandoz"",""li_item_id"":""13462M_11820_1341_25974_57151"",""determined_price"":19.81}",,,normal,PBS listing was present in the previous schedule and is now absent.,2026-08-29T11:14:36.234Z
3495,1983062564,2092-01-01T00:00:00.000Z,delisted,13462M_11820_1341_25974_58528,13462M,1000003,Rivoxa,"{""pbs_code"":""13462M"",""formulary"":""F2"",""brand_name"":""Rivoxa"",""li_item_id"":""13462M_11820_1341_25974_58528"",""determined_price"":19.81}",,,normal,PBS listing was present in the previous schedule and is now absent.,2026-08-29T11:14:36.234Z
3496,1983062564,2092-01-01T00:00:00.000Z,delisted,13462M_11820_1341_25974_59090,13462M,1000003,Rivaroxaban-Teva,"{""pbs_code"":""13462M"",""formulary"":""F2"",""brand_name"":""Rivaroxaban-Teva"",""li_item_id"":""13462M_11820_1341_25974_59090"",""determined_price"":19.81}",,,normal,PBS listing was present in the previous schedule and is now absent.,2026-08-29T11:14:36.234Z
3497,1983062564,2092-01-01T00:00:00.000Z,delisted,13462M_11820_1341_25974_59297,13462M,1000003,ARX-Rivaroxaban 20,"{""pbs_code"":""13462M"",""formulary"":""F2"",""brand_name"":""ARX-Rivaroxaban 20"",""li_item_id"":""13462M_11820_1341_25974_59297"",""determined_price"":19.81}",,,normal,PBS listing was present in the previous schedule and is now absent.,2026-08-29T11:14:36.234Z
3498,1983062564,2092-01-01T00:00:00.000Z,delisted,13462M_11820_1341_25974_65900,13462M,1000003,Rivaroxaban Lupin,"{""pbs_code"":""13462M"",""formulary"":""F2"",""brand_name"":""Rivaroxaban Lupin"",""li_item_id"":""13462M_11820_1341_25974_65900"",""determined_price"":19.81}",,,normal,PBS listing was present in the previous schedule and is now absent.,2026-08-29T11:14:36.234Z
3499,1983062564,2092-01-01T00:00:00.000Z,delisted,13462M_11820_1341_25974_66071,13462M,1000003,RIVAXIB,"{""pbs_code"":""13462M"",""formulary"":""F2"",""brand_name"":""RIVAXIB"",""li_item_id"":""13462M_11820_1341_25974_66071"",""determined_price"":19.81}",,,normal,PBS listing was present in the previous schedule and is now absent.,2026-08-29T11:14:36.234Z
3500,1983062564,2092-01-01T00:00:00.000Z,delisted,13462M_11820_1341_25974_66288,13462M,1000003,APO-Rivaroxaban,"{""pbs_code"":""13462M"",""formulary"":""F2"",""brand_name"":""APO-Rivaroxaban"",""li_item_id"":""13462M_11820_1341_25974_66288"",""determined_price"":19.81}",,,normal,PBS listing was present in the previous schedule and is now absent.,2026-08-29T11:14:36.234Z
3501,1983062564,2092-01-01T00:00:00.000Z,delisted,13462M_11820_1341_25974_66292,13462M,1000003,Rivarelto,"{""pbs_code"":""13462M"",""formulary"":""F2"",""brand_name"":""Rivarelto"",""li_item_id"":""13462M_11820_1341_25974_66292"",""determined_price"":19.81}",,,normal,PBS listing was present in the previous schedule and is now absent.,2026-08-29T11:14:36.234Z
3502,1983062564,2092-01-01T00:00:00.000Z,delisted,13462M_11820_1341_25974_67870,13462M,1000003,XAREMED,"{""pbs_code"":""13462M"",""formulary"":""F2"",""brand_name"":""XAREMED"",""li_item_id"":""13462M_11820_1341_25974_67870"",""determined_price"":19.81}",,,normal,PBS listing was present in the previous schedule and is now absent.,2026-08-29T11:14:36.234Z
3503,1983062564,2092-01-01T00:00:00.000Z,delisted,13462M_11820_1341_25974_68919,13462M,1000003,TROXA,"{""pbs_code"":""13462M"",""formulary"":""F2"",""brand_name"":""TROXA"",""li_item_id"":""13462M_11820_1341_25974_68919"",""determined_price"":19.81}",,,normal,PBS listing was present in the previous schedule and is now absent.,2026-08-29T11:14:36.234Z
3504,1983062564,2092-01-01T00:00:00.000Z,delisted,13463N_10415_1341_30159_30161,13463N,1000003,Xarelto,"{""pbs_code"":""13463N"",""formulary"":""F2"",""brand_name"":""Xarelto"",""li_item_id"":""13463N_10415_1341_30159_30161"",""determined_price"":20.05}",,,normal,PBS listing was present in the previous schedule and is now absent.,2026-08-29T11:14:36.234Z
3505,1983062564,2092-01-01T00:00:00.000Z,delisted,13463N_10415_1341_30159_57134,13463N,1000003,Rivaroxaban Dr.Reddy's,"{""pbs_code"":""13463N"",""formulary"":""F2"",""brand_name"":""Rivaroxaban Dr.Reddy's"",""li_item_id"":""13463N_10415_1341_30159_57134"",""determined_price"":20.05}",,,normal,PBS listing was present in the previous schedule and is now absent.,2026-08-29T11:14:36.234Z
3506,1983062564,2092-01-01T00:00:00.000Z,delisted,13463N_10415_1341_30159_57143,13463N,1000003,iXarola,"{""pbs_code"":""13463N"",""formulary"":""F2"",""brand_name"":""iXarola"",""li_item_id"":""13463N_10415_1341_30159_57143"",""determined_price"":20.05}",,,normal,PBS listing was present in the previous schedule and is now absent.,2026-08-29T11:14:36.234Z
3507,1983062564,2092-01-01T00:00:00.000Z,delisted,13463N_10415_1341_30159_57149,13463N,1000003,Rivaroxaban Sandoz,"{""pbs_code"":""13463N"",""formulary"":""F2"",""brand_name"":""Rivaroxaban Sandoz"",""li_item_id"":""13463N_10415_1341_30159_57149"",""determined_price"":20.05}",,,normal,PBS listing was present in the previous schedule and is now absent.,2026-08-29T11:14:36.234Z
3508,1983062564,2092-01-01T00:00:00.000Z,delisted,13463N_10415_1341_30159_58525,13463N,1000003,Rivoxa,"{""pbs_code"":""13463N"",""formulary"":""F2"",""brand_name"":""Rivoxa"",""li_item_id"":""13463N_10415_1341_30159_58525"",""determined_price"":20.05}",,,normal,PBS listing was present in the previous schedule and is now absent.,2026-08-29T11:14:36.234Z
3509,1983062564,2092-01-01T00:00:00.000Z,delisted,13463N_10415_1341_30159_59087,13463N,1000003,Rivaroxaban-Teva,"{""pbs_code"":""13463N"",""formulary"":""F2"",""brand_name"":""Rivaroxaban-Teva"",""li_item_id"":""13463N_10415_1341_30159_59087"",""determined_price"":20.05}",,,normal,PBS listing was present in the previous schedule and is now absent.,2026-08-29T11:14:36.234Z
3510,1983062564,2092-01-01T00:00:00.000Z,delisted,13463N_10415_1341_30159_59295,13463N,1000003,ARX-Rivaroxaban 15,"{""pbs_code"":""13463N"",""formulary"":""F2"",""brand_name"":""ARX-Rivaroxaban 15"",""li_item_id"":""13463N_10415_1341_30159_59295"",""determined_price"":20.05}",,,normal,PBS listing was present in the previous schedule and is now absent.,2026-08-29T11:14:36.234Z
3511,1983062564,2092-01-01T00:00:00.000Z,delisted,13463N_10415_1341_30159_65898,13463N,1000003,Rivaroxaban Lupin,"{""pbs_code"":""13463N"",""formulary"":""F2"",""brand_name"":""Rivaroxaban Lupin"",""li_item_id"":""13463N_10415_1341_30159_65898"",""determined_price"":20.05}",,,normal,PBS listing was present in the previous schedule and is now absent.,2026-08-29T11:14:36.234Z
3512,1983062564,2092-01-01T00:00:00.000Z,delisted,13463N_10415_1341_30159_66069,13463N,1000003,RIVAXIB,"{""pbs_code"":""13463N"",""formulary"":""F2"",""brand_name"":""RIVAXIB"",""li_item_id"":""13463N_10415_1341_30159_66069"",""determined_price"":20.05}",,,normal,PBS listing was present in the previous schedule and is now absent.,2026-08-29T11:14:36.234Z
3513,1983062564,2092-01-01T00:00:00.000Z,delisted,13463N_10415_1341_30159_66286,13463N,1000003,APO-Rivaroxaban,"{""pbs_code"":""13463N"",""formulary"":""F2"",""brand_name"":""APO-Rivaroxaban"",""li_item_id"":""13463N_10415_1341_30159_66286"",""determined_price"":20.05}",,,normal,PBS listing was present in the previous schedule and is now absent.,2026-08-29T11:14:36.234Z
3514,1983062564,2092-01-01T00:00:00.000Z,delisted,13463N_10415_1341_30159_66290,13463N,1000003,Rivarelto,"{""pbs_code"":""13463N"",""formulary"":""F2"",""brand_name"":""Rivarelto"",""li_item_id"":""13463N_10415_1341_30159_66290"",""determined_price"":20.05}",,,normal,PBS listing was present in the previous schedule and is now absent.,2026-08-29T11:14:36.234Z
3515,1983062564,2092-01-01T00:00:00.000Z,delisted,13463N_10415_1341_30159_67868,13463N,1000003,XAREMED,"{""pbs_code"":""13463N"",""formulary"":""F2"",""brand_name"":""XAREMED"",""li_item_id"":""13463N_10415_1341_30159_67868"",""determined_price"":20.05}",,,normal,PBS listing was present in the previous schedule and is now absent.,2026-08-29T11:14:36.234Z
3516,1983062564,2092-01-01T00:00:00.000Z,delisted,13463N_10415_1341_30159_68916,13463N,1000003,TROXA,"{""pbs_code"":""13463N"",""formulary"":""F2"",""brand_name"":""TROXA"",""li_item_id"":""13463N_10415_1341_30159_68916"",""determined_price"":20.05}",,,normal,PBS listing was present in the previous schedule and is now absent.,2026-08-29T11:14:36.234Z
3517,1983062564,2092-01-01T00:00:00.000Z,delisted,13521P_10940_1341_5810_57133,13521P,1000003,Rivaroxaban Dr.Reddy's,"{""pbs_code"":""13521P"",""formulary"":""F2"",""brand_name"":""Rivaroxaban Dr.Reddy's"",""li_item_id"":""13521P_10940_1341_5810_57133"",""determined_price"":11.39}",,,normal,PBS listing was present in the previous schedule and is now absent.,2026-08-29T11:14:36.234Z
3518,1983062564,2092-01-01T00:00:00.000Z,delisted,13521P_10940_1341_5810_57142,13521P,1000003,iXarola,"{""pbs_code"":""13521P"",""formulary"":""F2"",""brand_name"":""iXarola"",""li_item_id"":""13521P_10940_1341_5810_57142"",""determined_price"":11.39}",,,normal,PBS listing was present in the previous schedule and is now absent.,2026-08-29T11:14:36.234Z
3519,1983062564,2092-01-01T00:00:00.000Z,delisted,13521P_10940_1341_5810_57148,13521P,1000003,Rivaroxaban Sandoz,"{""pbs_code"":""13521P"",""formulary"":""F2"",""brand_name"":""Rivaroxaban Sandoz"",""li_item_id"":""13521P_10940_1341_5810_57148"",""determined_price"":11.39}",,,normal,PBS listing was present in the previous schedule and is now absent.,2026-08-29T11:14:36.234Z
3520,1983062564,2092-01-01T00:00:00.000Z,delisted,13521P_10940_1341_5810_58524,13521P,1000003,Rivoxa,"{""pbs_code"":""13521P"",""formulary"":""F2"",""brand_name"":""Rivoxa"",""li_item_id"":""13521P_10940_1341_5810_58524"",""determined_price"":11.39}",,,normal,PBS listing was present in the previous schedule and is now absent.,2026-08-29T11:14:36.234Z
3521,1983062564,2092-01-01T00:00:00.000Z,delisted,13521P_10940_1341_5810_59086,13521P,1000003,Rivaroxaban-Teva,"{""pbs_code"":""13521P"",""formulary"":""F2"",""brand_name"":""Rivaroxaban-Teva"",""li_item_id"":""13521P_10940_1341_5810_59086"",""determined_price"":11.39}",,,normal,PBS listing was present in the previous schedule and is now absent.,2026-08-29T11:14:36.234Z
3522,1983062564,2092-01-01T00:00:00.000Z,delisted,13521P_10940_1341_5810_59294,13521P,1000003,ARX-Rivaroxaban 10,"{""pbs_code"":""13521P"",""formulary"":""F2"",""brand_name"":""ARX-Rivaroxaban 10"",""li_item_id"":""13521P_10940_1341_5810_59294"",""determined_price"":11.39}",,,normal,PBS listing was present in the previous schedule and is now absent.,2026-08-29T11:14:36.234Z
3523,1983062564,2092-01-01T00:00:00.000Z,delisted,13521P_10940_1341_5810_65899,13521P,1000003,Rivaroxaban Lupin,"{""pbs_code"":""13521P"",""formulary"":""F2"",""brand_name"":""Rivaroxaban Lupin"",""li_item_id"":""13521P_10940_1341_5810_65899"",""determined_price"":11.39}",,,normal,PBS listing was present in the previous schedule and is now absent.,2026-08-29T11:14:36.234Z
3524,1983062564,2092-01-01T00:00:00.000Z,delisted,13521P_10940_1341_5810_66068,13521P,1000003,RIVAXIB,"{""pbs_code"":""13521P"",""formulary"":""F2"",""brand_name"":""RIVAXIB"",""li_item_id"":""13521P_10940_1341_5810_66068"",""determined_price"":11.39}",,,normal,PBS listing was present in the previous schedule and is now absent.,2026-08-29T11:14:36.234Z
3525,1983062564,2092-01-01T00:00:00.000Z,delisted,13521P_10940_1341_5810_66285,13521P,1000003,APO-Rivaroxaban,"{""pbs_code"":""13521P"",""formulary"":""F2"",""brand_name"":""APO-Rivaroxaban"",""li_item_id"":""13521P_10940_1341_5810_66285"",""determined_price"":11.39}",,,normal,PBS listing was present in the previous schedule and is now absent.,2026-08-29T11:14:36.234Z
3526,1983062564,2092-01-01T00:00:00.000Z,delisted,13521P_10940_1341_5810_66289,13521P,1000003,Rivarelto,"{""pbs_code"":""13521P"",""formulary"":""F2"",""brand_name"":""Rivarelto"",""li_item_id"":""13521P_10940_1341_5810_66289"",""determined_price"":11.39}",,,normal,PBS listing was present in the previous schedule and is now absent.,2026-08-29T11:14:36.234Z
3527,1983062564,2092-01-01T00:00:00.000Z,delisted,13521P_10940_1341_5810_67867,13521P,1000003,XAREMED,"{""pbs_code"":""13521P"",""formulary"":""F2"",""brand_name"":""XAREMED"",""li_item_id"":""13521P_10940_1341_5810_67867"",""determined_price"":11.39}",,,normal,PBS listing was present in the previous schedule and is now absent.,2026-08-29T11:14:36.234Z
3528,1983062564,2092-01-01T00:00:00.000Z,delisted,13521P_10940_1341_5810_68915,13521P,1000003,TROXA,"{""pbs_code"":""13521P"",""formulary"":""F2"",""brand_name"":""TROXA"",""li_item_id"":""13521P_10940_1341_5810_68915"",""determined_price"":11.39}",,,normal,PBS listing was present in the previous schedule and is now absent.,2026-08-29T11:14:36.234Z
3529,1983062564,2092-01-01T00:00:00.000Z,delisted,13521P_10940_1341_5810_7079,13521P,1000003,Xarelto,"{""pbs_code"":""13521P"",""formulary"":""F2"",""brand_name"":""Xarelto"",""li_item_id"":""13521P_10940_1341_5810_7079"",""determined_price"":11.39}",,,normal,PBS listing was present in the previous schedule and is now absent.,2026-08-29T11:14:36.234Z
3530,1983062564,2092-01-01T00:00:00.000Z,delisted,14969W_30010_1341_66982_66984,14969W,1000003,Relaban,"{""pbs_code"":""14969W"",""formulary"":""F2"",""brand_name"":""Relaban"",""li_item_id"":""14969W_30010_1341_66982_66984"",""determined_price"":26.99}",,,normal,PBS listing was present in the previous schedule and is now absent.,2026-08-29T11:14:36.234Z
3531,1983062564,2092-01-01T00:00:00.000Z,delisted,14994E_30019_1341_66987_66989,14994E,1000003,Relaban,"{""pbs_code"":""14994E"",""formulary"":""F2"",""brand_name"":""Relaban"",""li_item_id"":""14994E_30019_1341_66987_66989"",""determined_price"":26.66}",,,normal,PBS listing was present in the previous schedule and is now absent.,2026-08-29T11:14:36.234Z
3532,1983062564,2092-01-01T00:00:00.000Z,delisted,15017J_30019_1341_66987_66989,15017J,1000003,Relaban,"{""pbs_code"":""15017J"",""formulary"":""F2"",""brand_name"":""Relaban"",""li_item_id"":""15017J_30019_1341_66987_66989"",""determined_price"":26.66}",,,normal,PBS listing was present in the previous schedule and is now absent.,2026-08-29T11:14:36.234Z
3533,1983062564,2092-01-01T00:00:00.000Z,delisted,15037K_30010_1341_66982_66984,15037K,1000003,Relaban,"{""pbs_code"":""15037K"",""formulary"":""F2"",""brand_name"":""Relaban"",""li_item_id"":""15037K_30010_1341_66982_66984"",""determined_price"":26.99}",,,normal,PBS listing was present in the previous schedule and is now absent.,2026-08-29T11:14:36.234Z
3534,1983062564,2092-01-01T00:00:00.000Z,delisted,2160Q_10415_1341_25972_25976,2160Q,1000003,Xarelto,"{""pbs_code"":""2160Q"",""formulary"":""F2"",""brand_name"":""Xarelto"",""li_item_id"":""2160Q_10415_1341_25972_25976"",""determined_price"":20.05}",,,normal,PBS listing was present in the previous schedule and is now absent.,2026-08-29T11:14:36.234Z
3535,1983062564,2092-01-01T00:00:00.000Z,delisted,2160Q_10415_1341_25972_57150,2160Q,1000003,Rivaroxaban Sandoz,"{""pbs_code"":""2160Q"",""formulary"":""F2"",""brand_name"":""Rivaroxaban Sandoz"",""li_item_id"":""2160Q_10415_1341_25972_57150"",""determined_price"":20.05}",,,normal,PBS listing was present in the previous schedule and is now absent.,2026-08-29T11:14:36.234Z
3536,1983062564,2092-01-01T00:00:00.000Z,delisted,2160Q_10415_1341_25972_58526,2160Q,1000003,Rivoxa,"{""pbs_code"":""2160Q"",""formulary"":""F2"",""brand_name"":""Rivoxa"",""li_item_id"":""2160Q_10415_1341_25972_58526"",""determined_price"":20.05}",,,normal,PBS listing was present in the previous schedule and is now absent.,2026-08-29T11:14:36.234Z
3537,1983062564,2092-01-01T00:00:00.000Z,delisted,2160Q_10415_1341_25972_59088,2160Q,1000003,Rivaroxaban-Teva,"{""pbs_code"":""2160Q"",""formulary"":""F2"",""brand_name"":""Rivaroxaban-Teva"",""li_item_id"":""2160Q_10415_1341_25972_59088"",""determined_price"":20.05}",,,normal,PBS listing was present in the previous schedule and is now absent.,2026-08-29T11:14:36.234Z
3538,1983062564,2092-01-01T00:00:00.000Z,delisted,2160Q_10415_1341_25972_59296,2160Q,1000003,ARX-Rivaroxaban 15,"{""pbs_code"":""2160Q"",""formulary"":""F2"",""brand_name"":""ARX-Rivaroxaban 15"",""li_item_id"":""2160Q_10415_1341_25972_59296"",""determined_price"":20.05}",,,normal,PBS listing was present in the previous schedule and is now absent.,2026-08-29T11:14:36.234Z
3539,1983062564,2092-01-01T00:00:00.000Z,delisted,2160Q_10415_1341_25972_65897,2160Q,1000003,Rivaroxaban Lupin,"{""pbs_code"":""2160Q"",""formulary"":""F2"",""brand_name"":""Rivaroxaban Lupin"",""li_item_id"":""2160Q_10415_1341_25972_65897"",""determined_price"":20.05}",,,normal,PBS listing was present in the previous schedule and is now absent.,2026-08-29T11:14:36.234Z
3540,1983062564,2092-01-01T00:00:00.000Z,delisted,2160Q_10415_1341_25972_66070,2160Q,1000003,RIVAXIB,"{""pbs_code"":""2160Q"",""formulary"":""F2"",""brand_name"":""RIVAXIB"",""li_item_id"":""2160Q_10415_1341_25972_66070"",""determined_price"":20.05}",,,normal,PBS listing was present in the previous schedule and is now absent.,2026-08-29T11:14:36.234Z
3541,1983062564,2092-01-01T00:00:00.000Z,delisted,2160Q_10415_1341_25972_66287,2160Q,1000003,APO-Rivaroxaban,"{""pbs_code"":""2160Q"",""formulary"":""F2"",""brand_name"":""APO-Rivaroxaban"",""li_item_id"":""2160Q_10415_1341_25972_66287"",""determined_price"":20.05}",,,normal,PBS listing was present in the previous schedule and is now absent.,2026-08-29T11:14:36.234Z
3542,1983062564,2092-01-01T00:00:00.000Z,delisted,2160Q_10415_1341_25972_66291,2160Q,1000003,Rivarelto,"{""pbs_code"":""2160Q"",""formulary"":""F2"",""brand_name"":""Rivarelto"",""li_item_id"":""2160Q_10415_1341_25972_66291"",""determined_price"":20.05}",,,normal,PBS listing was present in the previous schedule and is now absent.,2026-08-29T11:14:36.234Z
3543,1983062564,2092-01-01T00:00:00.000Z,delisted,2160Q_10415_1341_25972_67869,2160Q,1000003,XAREMED,"{""pbs_code"":""2160Q"",""formulary"":""F2"",""brand_name"":""XAREMED"",""li_item_id"":""2160Q_10415_1341_25972_67869"",""determined_price"":20.05}",,,normal,PBS listing was present in the previous schedule and is now absent.,2026-08-29T11:14:36.234Z
3544,1983062564,2092-01-01T00:00:00.000Z,delisted,2268J_11820_1341_25974_25977,2268J,1000003,Xarelto,"{""pbs_code"":""2268J"",""formulary"":""F2"",""brand_name"":""Xarelto"",""li_item_id"":""2268J_11820_1341_25974_25977"",""determined_price"":19.81}",,,normal,PBS listing was present in the previous schedule and is now absent.,2026-08-29T11:14:36.234Z
3545,1983062564,2092-01-01T00:00:00.000Z,delisted,2268J_11820_1341_25974_57136,2268J,1000003,Rivaroxaban Dr.Reddy's,"{""pbs_code"":""2268J"",""formulary"":""F2"",""brand_name"":""Rivaroxaban Dr.Reddy's"",""li_item_id"":""2268J_11820_1341_25974_57136"",""determined_price"":19.81}",,,normal,PBS listing was present in the previous schedule and is now absent.,2026-08-29T11:14:36.234Z
3546,1983062564,2092-01-01T00:00:00.000Z,delisted,2268J_11820_1341_25974_57144,2268J,1000003,iXarola,"{""pbs_code"":""2268J"",""formulary"":""F2"",""brand_name"":""iXarola"",""li_item_id"":""2268J_11820_1341_25974_57144"",""determined_price"":19.81}",,,normal,PBS listing was present in the previous schedule and is now absent.,2026-08-29T11:14:36.234Z
3547,1983062564,2092-01-01T00:00:00.000Z,delisted,2268J_11820_1341_25974_57151,2268J,1000003,Rivaroxaban Sandoz,"{""pbs_code"":""2268J"",""formulary"":""F2"",""brand_name"":""Rivaroxaban Sandoz"",""li_item_id"":""2268J_11820_1341_25974_57151"",""determined_price"":19.81}",,,normal,PBS listing was present in the previous schedule and is now absent.,2026-08-29T11:14:36.234Z
3548,1983062564,2092-01-01T00:00:00.000Z,delisted,2268J_11820_1341_25974_58528,2268J,1000003,Rivoxa,"{""pbs_code"":""2268J"",""formulary"":""F2"",""brand_name"":""Rivoxa"",""li_item_id"":""2268J_11820_1341_25974_58528"",""determined_price"":19.81}",,,normal,PBS listing was present in the previous schedule and is now absent.,2026-08-29T11:14:36.234Z
3549,1983062564,2092-01-01T00:00:00.000Z,delisted,2268J_11820_1341_25974_59090,2268J,1000003,Rivaroxaban-Teva,"{""pbs_code"":""2268J"",""formulary"":""F2"",""brand_name"":""Rivaroxaban-Teva"",""li_item_id"":""2268J_11820_1341_25974_59090"",""determined_price"":19.81}",,,normal,PBS listing was present in the previous schedule and is now absent.,2026-08-29T11:14:36.234Z
3550,1983062564,2092-01-01T00:00:00.000Z,delisted,2268J_11820_1341_25974_59297,2268J,1000003,ARX-Rivaroxaban 20,"{""pbs_code"":""2268J"",""formulary"":""F2"",""brand_name"":""ARX-Rivaroxaban 20"",""li_item_id"":""2268J_11820_1341_25974_59297"",""determined_price"":19.81}",,,normal,PBS listing was present in the previous schedule and is now absent.,2026-08-29T11:14:36.234Z
3551,1983062564,2092-01-01T00:00:00.000Z,delisted,2268J_11820_1341_25974_65900,2268J,1000003,Rivaroxaban Lupin,"{""pbs_code"":""2268J"",""formulary"":""F2"",""brand_name"":""Rivaroxaban Lupin"",""li_item_id"":""2268J_11820_1341_25974_65900"",""determined_price"":19.81}",,,normal,PBS listing was present in the previous schedule and is now absent.,2026-08-29T11:14:36.234Z
3552,1983062564,2092-01-01T00:00:00.000Z,delisted,2268J_11820_1341_25974_66071,2268J,1000003,RIVAXIB,"{""pbs_code"":""2268J"",""formulary"":""F2"",""brand_name"":""RIVAXIB"",""li_item_id"":""2268J_11820_1341_25974_66071"",""determined_price"":19.81}",,,normal,PBS listing was present in the previous schedule and is now absent.,2026-08-29T11:14:36.234Z
3553,1983062564,2092-01-01T00:00:00.000Z,delisted,2268J_11820_1341_25974_66288,2268J,1000003,APO-Rivaroxaban,"{""pbs_code"":""2268J"",""formulary"":""F2"",""brand_name"":""APO-Rivaroxaban"",""li_item_id"":""2268J_11820_1341_25974_66288"",""determined_price"":19.81}",,,normal,PBS listing was present in the previous schedule and is now absent.,2026-08-29T11:14:36.234Z
3554,1983062564,2092-01-01T00:00:00.000Z,delisted,2268J_11820_1341_25974_66292,2268J,1000003,Rivarelto,"{""pbs_code"":""2268J"",""formulary"":""F2"",""brand_name"":""Rivarelto"",""li_item_id"":""2268J_11820_1341_25974_66292"",""determined_price"":19.81}",,,normal,PBS listing was present in the previous schedule and is now absent.,2026-08-29T11:14:36.234Z
3555,1983062564,2092-01-01T00:00:00.000Z,delisted,2268J_11820_1341_25974_67870,2268J,1000003,XAREMED,"{""pbs_code"":""2268J"",""formulary"":""F2"",""brand_name"":""XAREMED"",""li_item_id"":""2268J_11820_1341_25974_67870"",""determined_price"":19.81}",,,normal,PBS listing was present in the previous schedule and is now absent.,2026-08-29T11:14:36.234Z
3556,1983062564,2092-01-01T00:00:00.000Z,delisted,2268J_11820_1341_25974_68919,2268J,1000003,TROXA,"{""pbs_code"":""2268J"",""formulary"":""F2"",""brand_name"":""TROXA"",""li_item_id"":""2268J_11820_1341_25974_68919"",""determined_price"":19.81}",,,normal,PBS listing was present in the previous schedule and is now absent.,2026-08-29T11:14:36.234Z
3557,1983062564,2092-01-01T00:00:00.000Z,delisted,2691P_10415_1341_30159_30161,2691P,1000003,Xarelto,"{""pbs_code"":""2691P"",""formulary"":""F2"",""brand_name"":""Xarelto"",""li_item_id"":""2691P_10415_1341_30159_30161"",""determined_price"":20.05}",,,normal,PBS listing was present in the previous schedule and is now absent.,2026-08-29T11:14:36.234Z
3558,1983062564,2092-01-01T00:00:00.000Z,delisted,2691P_10415_1341_30159_57134,2691P,1000003,Rivaroxaban Dr.Reddy's,"{""pbs_code"":""2691P"",""formulary"":""F2"",""brand_name"":""Rivaroxaban Dr.Reddy's"",""li_item_id"":""2691P_10415_1341_30159_57134"",""determined_price"":20.05}",,,normal,PBS listing was present in the previous schedule and is now absent.,2026-08-29T11:14:36.234Z
3559,1983062564,2092-01-01T00:00:00.000Z,delisted,2691P_10415_1341_30159_57143,2691P,1000003,iXarola,"{""pbs_code"":""2691P"",""formulary"":""F2"",""brand_name"":""iXarola"",""li_item_id"":""2691P_10415_1341_30159_57143"",""determined_price"":20.05}",,,normal,PBS listing was present in the previous schedule and is now absent.,2026-08-29T11:14:36.234Z
3560,1983062564,2092-01-01T00:00:00.000Z,delisted,2691P_10415_1341_30159_57149,2691P,1000003,Rivaroxaban Sandoz,"{""pbs_code"":""2691P"",""formulary"":""F2"",""brand_name"":""Rivaroxaban Sandoz"",""li_item_id"":""2691P_10415_1341_30159_57149"",""determined_price"":20.05}",,,normal,PBS listing was present in the previous schedule and is now absent.,2026-08-29T11:14:36.234Z
3561,1983062564,2092-01-01T00:00:00.000Z,delisted,2691P_10415_1341_30159_58525,2691P,1000003,Rivoxa,"{""pbs_code"":""2691P"",""formulary"":""F2"",""brand_name"":""Rivoxa"",""li_item_id"":""2691P_10415_1341_30159_58525"",""determined_price"":20.05}",,,normal,PBS listing was present in the previous schedule and is now absent.,2026-08-29T11:14:36.234Z
3562,1983062564,2092-01-01T00:00:00.000Z,delisted,2691P_10415_1341_30159_59087,2691P,1000003,Rivaroxaban-Teva,"{""pbs_code"":""2691P"",""formulary"":""F2"",""brand_name"":""Rivaroxaban-Teva"",""li_item_id"":""2691P_10415_1341_30159_59087"",""determined_price"":20.05}",,,normal,PBS listing was present in the previous schedule and is now absent.,2026-08-29T11:14:36.234Z
3563,1983062564,2092-01-01T00:00:00.000Z,delisted,2691P_10415_1341_30159_59295,2691P,1000003,ARX-Rivaroxaban 15,"{""pbs_code"":""2691P"",""formulary"":""F2"",""brand_name"":""ARX-Rivaroxaban 15"",""li_item_id"":""2691P_10415_1341_30159_59295"",""determined_price"":20.05}",,,normal,PBS listing was present in the previous schedule and is now absent.,2026-08-29T11:14:36.234Z
3564,1983062564,2092-01-01T00:00:00.000Z,delisted,2691P_10415_1341_30159_65898,2691P,1000003,Rivaroxaban Lupin,"{""pbs_code"":""2691P"",""formulary"":""F2"",""brand_name"":""Rivaroxaban Lupin"",""li_item_id"":""2691P_10415_1341_30159_65898"",""determined_price"":20.05}",,,normal,PBS listing was present in the previous schedule and is now absent.,2026-08-29T11:14:36.234Z
3565,1983062564,2092-01-01T00:00:00.000Z,delisted,2691P_10415_1341_30159_66069,2691P,1000003,RIVAXIB,"{""pbs_code"":""2691P"",""formulary"":""F2"",""brand_name"":""RIVAXIB"",""li_item_id"":""2691P_10415_1341_30159_66069"",""determined_price"":20.05}",,,normal,PBS listing was present in the previous schedule and is now absent.,2026-08-29T11:14:36.234Z
3566,1983062564,2092-01-01T00:00:00.000Z,delisted,2691P_10415_1341_30159_66286,2691P,1000003,APO-Rivaroxaban,"{""pbs_code"":""2691P"",""formulary"":""F2"",""brand_name"":""APO-Rivaroxaban"",""li_item_id"":""2691P_10415_1341_30159_66286"",""determined_price"":20.05}",,,normal,PBS listing was present in the previous schedule and is now absent.,2026-08-29T11:14:36.234Z
3567,1983062564,2092-01-01T00:00:00.000Z,delisted,2691P_10415_1341_30159_66290,2691P,1000003,Rivarelto,"{""pbs_code"":""2691P"",""formulary"":""F2"",""brand_name"":""Rivarelto"",""li_item_id"":""2691P_10415_1341_30159_66290"",""determined_price"":20.05}",,,normal,PBS listing was present in the previous schedule and is now absent.,2026-08-29T11:14:36.234Z
3568,1983062564,2092-01-01T00:00:00.000Z,delisted,2691P_10415_1341_30159_67868,2691P,1000003,XAREMED,"{""pbs_code"":""2691P"",""formulary"":""F2"",""brand_name"":""XAREMED"",""li_item_id"":""2691P_10415_1341_30159_67868"",""determined_price"":20.05}",,,normal,PBS listing was present in the previous schedule and is now absent.,2026-08-29T11:14:36.234Z
3569,1983062564,2092-01-01T00:00:00.000Z,delisted,2691P_10415_1341_30159_68916,2691P,1000003,TROXA,"{""pbs_code"":""2691P"",""formulary"":""F2"",""brand_name"":""TROXA"",""li_item_id"":""2691P_10415_1341_30159_68916"",""determined_price"":20.05}",,,normal,PBS listing was present in the previous schedule and is now absent.,2026-08-29T11:14:36.234Z
3570,1983062564,2092-01-01T00:00:00.000Z,delisted,9466F_10940_1341_15523_15330,9466F,1000003,Xarelto,"{""pbs_code"":""9466F"",""formulary"":""F2"",""brand_name"":""Xarelto"",""li_item_id"":""9466F_10940_1341_15523_15330"",""determined_price"":11.39}",,,normal,PBS listing was present in the previous schedule and is now absent.,2026-08-29T11:14:36.234Z
3571,1983062564,2092-01-01T00:00:00.000Z,delisted,9466F_10940_1341_15523_59293,9466F,1000003,ARX-Rivaroxaban 10,"{""pbs_code"":""9466F"",""formulary"":""F2"",""brand_name"":""ARX-Rivaroxaban 10"",""li_item_id"":""9466F_10940_1341_15523_59293"",""determined_price"":11.39}",,,normal,PBS listing was present in the previous schedule and is now absent.,2026-08-29T11:14:36.234Z
3572,1983062564,2092-01-01T00:00:00.000Z,delisted,9466F_10940_1341_15523_66284,9466F,1000003,APO-Rivaroxaban,"{""pbs_code"":""9466F"",""formulary"":""F2"",""brand_name"":""APO-Rivaroxaban"",""li_item_id"":""9466F_10940_1341_15523_66284"",""determined_price"":11.39}",,,normal,PBS listing was present in the previous schedule and is now absent.,2026-08-29T11:14:36.234Z
3573,1983062564,2092-01-01T00:00:00.000Z,delisted,9466F_10940_1341_15523_67045,9466F,1000003,RIVAXIB,"{""pbs_code"":""9466F"",""formulary"":""F2"",""brand_name"":""RIVAXIB"",""li_item_id"":""9466F_10940_1341_15523_67045"",""determined_price"":11.39}",,,normal,PBS listing was present in the previous schedule and is now absent.,2026-08-29T11:14:36.234Z
3574,1983062564,2092-01-01T00:00:00.000Z,delisted,9466F_10940_1341_15523_67871,9466F,1000003,XAREMED,"{""pbs_code"":""9466F"",""formulary"":""F2"",""brand_name"":""XAREMED"",""li_item_id"":""9466F_10940_1341_15523_67871"",""determined_price"":11.39}",,,normal,PBS listing was present in the previous schedule and is now absent.,2026-08-29T11:14:36.234Z
3575,1983062564,2092-01-01T00:00:00.000Z,delisted,9467G_10940_1341_5810_57133,9467G,1000003,Rivaroxaban Dr.Reddy's,"{""pbs_code"":""9467G"",""formulary"":""F2"",""brand_name"":""Rivaroxaban Dr.Reddy's"",""li_item_id"":""9467G_10940_1341_5810_57133"",""determined_price"":11.39}",,,normal,PBS listing was present in the previous schedule and is now absent.,2026-08-29T11:14:36.234Z
3576,1983062564,2092-01-01T00:00:00.000Z,delisted,9467G_10940_1341_5810_57142,9467G,1000003,iXarola,"{""pbs_code"":""9467G"",""formulary"":""F2"",""brand_name"":""iXarola"",""li_item_id"":""9467G_10940_1341_5810_57142"",""determined_price"":11.39}",,,normal,PBS listing was present in the previous schedule and is now absent.,2026-08-29T11:14:36.234Z
3577,1983062564,2092-01-01T00:00:00.000Z,delisted,9467G_10940_1341_5810_57148,9467G,1000003,Rivaroxaban Sandoz,"{""pbs_code"":""9467G"",""formulary"":""F2"",""brand_name"":""Rivaroxaban Sandoz"",""li_item_id"":""9467G_10940_1341_5810_57148"",""determined_price"":11.39}",,,normal,PBS listing was present in the previous schedule and is now absent.,2026-08-29T11:14:36.234Z
3578,1983062564,2092-01-01T00:00:00.000Z,delisted,9467G_10940_1341_5810_58524,9467G,1000003,Rivoxa,"{""pbs_code"":""9467G"",""formulary"":""F2"",""brand_name"":""Rivoxa"",""li_item_id"":""9467G_10940_1341_5810_58524"",""determined_price"":11.39}",,,normal,PBS listing was present in the previous schedule and is now absent.,2026-08-29T11:14:36.234Z
3579,1983062564,2092-01-01T00:00:00.000Z,delisted,9467G_10940_1341_5810_59086,9467G,1000003,Rivaroxaban-Teva,"{""pbs_code"":""9467G"",""formulary"":""F2"",""brand_name"":""Rivaroxaban-Teva"",""li_item_id"":""9467G_10940_1341_5810_59086"",""determined_price"":11.39}",,,normal,PBS listing was present in the previous schedule and is now absent.,2026-08-29T11:14:36.234Z
3580,1983062564,2092-01-01T00:00:00.000Z,delisted,9467G_10940_1341_5810_59294,9467G,1000003,ARX-Rivaroxaban 10,"{""pbs_code"":""9467G"",""formulary"":""F2"",""brand_name"":""ARX-Rivaroxaban 10"",""li_item_id"":""9467G_10940_1341_5810_59294"",""determined_price"":11.39}",,,normal,PBS listing was present in the previous schedule and is now absent.,2026-08-29T11:14:36.234Z
3581,1983062564,2092-01-01T00:00:00.000Z,delisted,9467G_10940_1341_5810_65899,9467G,1000003,Rivaroxaban Lupin,"{""pbs_code"":""9467G"",""formulary"":""F2"",""brand_name"":""Rivaroxaban Lupin"",""li_item_id"":""9467G_10940_1341_5810_65899"",""determined_price"":11.39}",,,normal,PBS listing was present in the previous schedule and is now absent.,2026-08-29T11:14:36.234Z
3582,1983062564,2092-01-01T00:00:00.000Z,delisted,9467G_10940_1341_5810_66068,9467G,1000003,RIVAXIB,"{""pbs_code"":""9467G"",""formulary"":""F2"",""brand_name"":""RIVAXIB"",""li_item_id"":""9467G_10940_1341_5810_66068"",""determined_price"":11.39}",,,normal,PBS listing was present in the previous schedule and is now absent.,2026-08-29T11:14:36.234Z
3583,1983062564,2092-01-01T00:00:00.000Z,delisted,9467G_10940_1341_5810_66285,9467G,1000003,APO-Rivaroxaban,"{""pbs_code"":""9467G"",""formulary"":""F2"",""brand_name"":""APO-Rivaroxaban"",""li_item_id"":""9467G_10940_1341_5810_66285"",""determined_price"":11.39}",,,normal,PBS listing was present in the previous schedule and is now absent.,2026-08-29T11:14:36.234Z
3584,1983062564,2092-01-01T00:00:00.000Z,delisted,9467G_10940_1341_5810_66289,9467G,1000003,Rivarelto,"{""pbs_code"":""9467G"",""formulary"":""F2"",""brand_name"":""Rivarelto"",""li_item_id"":""9467G_10940_1341_5810_66289"",""determined_price"":11.39}",,,normal,PBS listing was present in the previous schedule and is now absent.,2026-08-29T11:14:36.234Z
3585,1983062564,2092-01-01T00:00:00.000Z,delisted,9467G_10940_1341_5810_67867,9467G,1000003,XAREMED,"{""pbs_code"":""9467G"",""formulary"":""F2"",""brand_name"":""XAREMED"",""li_item_id"":""9467G_10940_1341_5810_67867"",""determined_price"":11.39}",,,normal,PBS listing was present in the previous schedule and is now absent.,2026-08-29T11:14:36.234Z
3586,1983062564,2092-01-01T00:00:00.000Z,delisted,9467G_10940_1341_5810_68915,9467G,1000003,TROXA,"{""pbs_code"":""9467G"",""formulary"":""F2"",""brand_name"":""TROXA"",""li_item_id"":""9467G_10940_1341_5810_68915"",""determined_price"":11.39}",,,normal,PBS listing was present in the previous schedule and is now absent.,2026-08-29T11:14:36.234Z
3587,1983062564,2092-01-01T00:00:00.000Z,delisted,9467G_10940_1341_5810_7079,9467G,1000003,Xarelto,"{""pbs_code"":""9467G"",""formulary"":""F2"",""brand_name"":""Xarelto"",""li_item_id"":""9467G_10940_1341_5810_7079"",""determined_price"":11.39}",,,normal,PBS listing was present in the previous schedule and is now absent.,2026-08-29T11:14:36.234Z
3588,1983062564,2092-01-01T00:00:00.000Z,delisted,9469J_10940_1341_15523_15330,9469J,1000003,Xarelto,"{""pbs_code"":""9469J"",""formulary"":""F2"",""brand_name"":""Xarelto"",""li_item_id"":""9469J_10940_1341_15523_15330"",""determined_price"":11.39}",,,normal,PBS listing was present in the previous schedule and is now absent.,2026-08-29T11:14:36.234Z
3589,1983062564,2092-01-01T00:00:00.000Z,delisted,9469J_10940_1341_15523_59293,9469J,1000003,ARX-Rivaroxaban 10,"{""pbs_code"":""9469J"",""formulary"":""F2"",""brand_name"":""ARX-Rivaroxaban 10"",""li_item_id"":""9469J_10940_1341_15523_59293"",""determined_price"":11.39}",,,normal,PBS listing was present in the previous schedule and is now absent.,2026-08-29T11:14:36.234Z
3590,1983062564,2092-01-01T00:00:00.000Z,delisted,9469J_10940_1341_15523_66284,9469J,1000003,APO-Rivaroxaban,"{""pbs_code"":""9469J"",""formulary"":""F2"",""brand_name"":""APO-Rivaroxaban"",""li_item_id"":""9469J_10940_1341_15523_66284"",""determined_price"":11.39}",,,normal,PBS listing was present in the previous schedule and is now absent.,2026-08-29T11:14:36.234Z
3591,1983062564,2092-01-01T00:00:00.000Z,delisted,9469J_10940_1341_15523_67045,9469J,1000003,RIVAXIB,"{""pbs_code"":""9469J"",""formulary"":""F2"",""brand_name"":""RIVAXIB"",""li_item_id"":""9469J_10940_1341_15523_67045"",""determined_price"":11.39}",,,normal,PBS listing was present in the previous schedule and is now absent.,2026-08-29T11:14:36.234Z
3592,1983062564,2092-01-01T00:00:00.000Z,delisted,9469J_10940_1341_15523_67871,9469J,1000003,XAREMED,"{""pbs_code"":""9469J"",""formulary"":""F2"",""brand_name"":""XAREMED"",""li_item_id"":""9469J_10940_1341_15523_67871"",""determined_price"":11.39}",,,normal,PBS listing was present in the previous schedule and is now absent.,2026-08-29T11:14:36.234Z
3593,1983062564,2092-01-01T00:00:00.000Z,delisted,13406N_10828_1247_5567_28371,13406N,1000001,Rosuvastatin Sandoz,"{""pbs_code"":""13406N"",""formulary"":""F2"",""brand_name"":""Rosuvastatin Sandoz"",""li_item_id"":""13406N_10828_1247_5567_28371"",""determined_price"":2.5}",,,normal,PBS listing was present in the previous schedule and is now absent.,2026-08-29T11:14:36.234Z
3594,1983062564,2092-01-01T00:00:00.000Z,delisted,13406N_10828_1247_5567_28769,13406N,1000001,Rosuvastatin RBX,"{""pbs_code"":""13406N"",""formulary"":""F2"",""brand_name"":""Rosuvastatin RBX"",""li_item_id"":""13406N_10828_1247_5567_28769"",""determined_price"":2.5}",,,normal,PBS listing was present in the previous schedule and is now absent.,2026-08-29T11:14:36.234Z
3595,1983062564,2092-01-01T00:00:00.000Z,delisted,13406N_10828_1247_5567_28773,13406N,1000001,APO-ROSUVASTATIN,"{""pbs_code"":""13406N"",""formulary"":""F2"",""brand_name"":""APO-ROSUVASTATIN"",""li_item_id"":""13406N_10828_1247_5567_28773"",""determined_price"":2.5}",,,normal,PBS listing was present in the previous schedule and is now absent.,2026-08-29T11:14:36.234Z
3596,1983062564,2092-01-01T00:00:00.000Z,delisted,13406N_10828_1247_5567_28785,13406N,1000001,Cavstat,"{""pbs_code"":""13406N"",""formulary"":""F2"",""brand_name"":""Cavstat"",""li_item_id"":""13406N_10828_1247_5567_28785"",""determined_price"":2.5}",,,normal,PBS listing was present in the previous schedule and is now absent.,2026-08-29T11:14:36.234Z
3597,1983062564,2092-01-01T00:00:00.000Z,delisted,13406N_10828_1247_5567_31846,13406N,1000001,Crosuva 5,"{""pbs_code"":""13406N"",""formulary"":""F2"",""brand_name"":""Crosuva 5"",""li_item_id"":""13406N_10828_1247_5567_31846"",""determined_price"":2.5}",,,normal,PBS listing was present in the previous schedule and is now absent.,2026-08-29T11:14:36.234Z
3598,1983062564,2092-01-01T00:00:00.000Z,delisted,13406N_10828_1247_5567_44135,13406N,1000001,Pharmacor Rosuvastatin 5,"{""pbs_code"":""13406N"",""formulary"":""F2"",""brand_name"":""Pharmacor Rosuvastatin 5"",""li_item_id"":""13406N_10828_1247_5567_44135"",""determined_price"":2.5}",,,normal,PBS listing was present in the previous schedule and is now absent.,2026-08-29T11:14:36.234Z
3599,1983062564,2092-01-01T00:00:00.000Z,delisted,13406N_10828_1247_5567_51470,13406N,1000001,Rosuvastatin Lupin,"{""pbs_code"":""13406N"",""formulary"":""F2"",""brand_name"":""Rosuvastatin Lupin"",""li_item_id"":""13406N_10828_1247_5567_51470"",""determined_price"":2.5}",,,normal,PBS listing was present in the previous schedule and is now absent.,2026-08-29T11:14:36.234Z
3600,1983062564,2092-01-01T00:00:00.000Z,delisted,13406N_10828_1247_5567_52067,13406N,1000001,APX-Rosuvastatin,"{""pbs_code"":""13406N"",""formulary"":""F2"",""brand_name"":""APX-Rosuvastatin"",""li_item_id"":""13406N_10828_1247_5567_52067"",""determined_price"":2.5}",,,normal,PBS listing was present in the previous schedule and is now absent.,2026-08-29T11:14:36.234Z
3601,1983062564,2092-01-01T00:00:00.000Z,delisted,13406N_10828_1247_5567_56720,13406N,1000001,Blooms Rosuvastatin,"{""pbs_code"":""13406N"",""formulary"":""F2"",""brand_name"":""Blooms Rosuvastatin"",""li_item_id"":""13406N_10828_1247_5567_56720"",""determined_price"":2.5}",,,normal,PBS listing was present in the previous schedule and is now absent.,2026-08-29T11:14:36.234Z
3602,1983062564,2092-01-01T00:00:00.000Z,delisted,13406N_10828_1247_5567_58390,13406N,1000001,ROSUVASTATIN-WGR,"{""pbs_code"":""13406N"",""formulary"":""F2"",""brand_name"":""ROSUVASTATIN-WGR"",""li_item_id"":""13406N_10828_1247_5567_58390"",""determined_price"":2.5}",,,normal,PBS listing was present in the previous schedule and is now absent.,2026-08-29T11:14:36.234Z
3603,1983062564,2092-01-01T00:00:00.000Z,delisted,13406N_10828_1247_5567_6749,13406N,1000001,Crestor,"{""pbs_code"":""13406N"",""formulary"":""F2"",""brand_name"":""Crestor"",""li_item_id"":""13406N_10828_1247_5567_6749"",""determined_price"":2.5}",,,normal,PBS listing was present in the previous schedule and is now absent.,2026-08-29T11:14:36.234Z
3604,1983062564,2092-01-01T00:00:00.000Z,delisted,13586C_8808_1247_5561_28372,13586C,1000001,Rosuvastatin Sandoz,"{""pbs_code"":""13586C"",""formulary"":""F2"",""brand_name"":""Rosuvastatin Sandoz"",""li_item_id"":""13586C_8808_1247_5561_28372"",""determined_price"":3.5}",,,normal,PBS listing was present in the previous schedule and is now absent.,2026-08-29T11:14:36.234Z
3605,1983062564,2092-01-01T00:00:00.000Z,delisted,13586C_8808_1247_5561_28770,13586C,1000001,Rosuvastatin RBX,"{""pbs_code"":""13586C"",""formulary"":""F2"",""brand_name"":""Rosuvastatin RBX"",""li_item_id"":""13586C_8808_1247_5561_28770"",""determined_price"":3.5}",,,normal,PBS listing was present in the previous schedule and is now absent.,2026-08-29T11:14:36.234Z
3606,1983062564,2092-01-01T00:00:00.000Z,delisted,13586C_8808_1247_5561_28776,13586C,1000001,APO-ROSUVASTATIN,"{""pbs_code"":""13586C"",""formulary"":""F2"",""brand_name"":""APO-ROSUVASTATIN"",""li_item_id"":""13586C_8808_1247_5561_28776"",""determined_price"":3.5}",,,normal,PBS listing was present in the previous schedule and is now absent.,2026-08-29T11:14:36.234Z
3607,1983062564,2092-01-01T00:00:00.000Z,delisted,13586C_8808_1247_5561_28786,13586C,1000001,Cavstat,"{""pbs_code"":""13586C"",""formulary"":""F2"",""brand_name"":""Cavstat"",""li_item_id"":""13586C_8808_1247_5561_28786"",""determined_price"":3.5}",,,normal,PBS listing was present in the previous schedule and is now absent.,2026-08-29T11:14:36.234Z
3608,1983062564,2092-01-01T00:00:00.000Z,delisted,13586C_8808_1247_5561_31849,13586C,1000001,Crosuva 10,"{""pbs_code"":""13586C"",""formulary"":""F2"",""brand_name"":""Crosuva 10"",""li_item_id"":""13586C_8808_1247_5561_31849"",""determined_price"":3.5}",,,normal,PBS listing was present in the previous schedule and is now absent.,2026-08-29T11:14:36.234Z
3609,1983062564,2092-01-01T00:00:00.000Z,delisted,13586C_8808_1247_5561_44137,13586C,1000001,Pharmacor Rosuvastatin 10,"{""pbs_code"":""13586C"",""formulary"":""F2"",""brand_name"":""Pharmacor Rosuvastatin 10"",""li_item_id"":""13586C_8808_1247_5561_44137"",""determined_price"":3.5}",,,normal,PBS listing was present in the previous schedule and is now absent.,2026-08-29T11:14:36.234Z
3610,1983062564,2092-01-01T00:00:00.000Z,delisted,13586C_8808_1247_5561_51469,13586C,1000001,Rosuvastatin Lupin,"{""pbs_code"":""13586C"",""formulary"":""F2"",""brand_name"":""Rosuvastatin Lupin"",""li_item_id"":""13586C_8808_1247_5561_51469"",""determined_price"":3.5}",,,normal,PBS listing was present in the previous schedule and is now absent.,2026-08-29T11:14:36.234Z
3611,1983062564,2092-01-01T00:00:00.000Z,delisted,13586C_8808_1247_5561_52064,13586C,1000001,APX-Rosuvastatin,"{""pbs_code"":""13586C"",""formulary"":""F2"",""brand_name"":""APX-Rosuvastatin"",""li_item_id"":""13586C_8808_1247_5561_52064"",""determined_price"":3.5}",,,normal,PBS listing was present in the previous schedule and is now absent.,2026-08-29T11:14:36.234Z
3612,1983062564,2092-01-01T00:00:00.000Z,delisted,13586C_8808_1247_5561_56721,13586C,1000001,Blooms Rosuvastatin,"{""pbs_code"":""13586C"",""formulary"":""F2"",""brand_name"":""Blooms Rosuvastatin"",""li_item_id"":""13586C_8808_1247_5561_56721"",""determined_price"":3.5}",,,normal,PBS listing was present in the previous schedule and is now absent.,2026-08-29T11:14:36.234Z
3613,1983062564,2092-01-01T00:00:00.000Z,delisted,13586C_8808_1247_5561_58387,13586C,1000001,ROSUVASTATIN-WGR,"{""pbs_code"":""13586C"",""formulary"":""F2"",""brand_name"":""ROSUVASTATIN-WGR"",""li_item_id"":""13586C_8808_1247_5561_58387"",""determined_price"":3.5}",,,normal,PBS listing was present in the previous schedule and is now absent.,2026-08-29T11:14:36.234Z
3614,1983062564,2092-01-01T00:00:00.000Z,delisted,13586C_8808_1247_5561_6743,13586C,1000001,Crestor,"{""pbs_code"":""13586C"",""formulary"":""F2"",""brand_name"":""Crestor"",""li_item_id"":""13586C_8808_1247_5561_6743"",""determined_price"":3.5}",,,normal,PBS listing was present in the previous schedule and is now absent.,2026-08-29T11:14:36.234Z
3615,1983062564,2092-01-01T00:00:00.000Z,delisted,13588E_10829_1247_5563_28373,13588E,1000001,Rosuvastatin Sandoz,"{""pbs_code"":""13588E"",""formulary"":""F2"",""brand_name"":""Rosuvastatin Sandoz"",""li_item_id"":""13588E_10829_1247_5563_28373"",""determined_price"":3.55}",,,normal,PBS listing was present in the previous schedule and is now absent.,2026-08-29T11:14:36.234Z
3616,1983062564,2092-01-01T00:00:00.000Z,delisted,13588E_10829_1247_5563_28771,13588E,1000001,Rosuvastatin RBX,"{""pbs_code"":""13588E"",""formulary"":""F2"",""brand_name"":""Rosuvastatin RBX"",""li_item_id"":""13588E_10829_1247_5563_28771"",""determined_price"":3.55}",,,normal,PBS listing was present in the previous schedule and is now absent.,2026-08-29T11:14:36.234Z
3617,1983062564,2092-01-01T00:00:00.000Z,delisted,13588E_10829_1247_5563_28779,13588E,1000001,APO-ROSUVASTATIN,"{""pbs_code"":""13588E"",""formulary"":""F2"",""brand_name"":""APO-ROSUVASTATIN"",""li_item_id"":""13588E_10829_1247_5563_28779"",""determined_price"":3.55}",,,normal,PBS listing was present in the previous schedule and is now absent.,2026-08-29T11:14:36.234Z
3618,1983062564,2092-01-01T00:00:00.000Z,delisted,13588E_10829_1247_5563_28787,13588E,1000001,Cavstat,"{""pbs_code"":""13588E"",""formulary"":""F2"",""brand_name"":""Cavstat"",""li_item_id"":""13588E_10829_1247_5563_28787"",""determined_price"":3.55}",,,normal,PBS listing was present in the previous schedule and is now absent.,2026-08-29T11:14:36.234Z
3619,1983062564,2092-01-01T00:00:00.000Z,delisted,13588E_10829_1247_5563_31850,13588E,1000001,Crosuva 20,"{""pbs_code"":""13588E"",""formulary"":""F2"",""brand_name"":""Crosuva 20"",""li_item_id"":""13588E_10829_1247_5563_31850"",""determined_price"":3.55}",,,normal,PBS listing was present in the previous schedule and is now absent.,2026-08-29T11:14:36.234Z
3620,1983062564,2092-01-01T00:00:00.000Z,delisted,13588E_10829_1247_5563_44138,13588E,1000001,Pharmacor Rosuvastatin 20,"{""pbs_code"":""13588E"",""formulary"":""F2"",""brand_name"":""Pharmacor Rosuvastatin 20"",""li_item_id"":""13588E_10829_1247_5563_44138"",""determined_price"":3.55}",,,normal,PBS listing was present in the previous schedule and is now absent.,2026-08-29T11:14:36.234Z
3621,1983062564,2092-01-01T00:00:00.000Z,delisted,13588E_10829_1247_5563_51471,13588E,1000001,Rosuvastatin Lupin,"{""pbs_code"":""13588E"",""formulary"":""F2"",""brand_name"":""Rosuvastatin Lupin"",""li_item_id"":""13588E_10829_1247_5563_51471"",""determined_price"":3.55}",,,normal,PBS listing was present in the previous schedule and is now absent.,2026-08-29T11:14:36.234Z
3622,1983062564,2092-01-01T00:00:00.000Z,delisted,13588E_10829_1247_5563_52065,13588E,1000001,APX-Rosuvastatin,"{""pbs_code"":""13588E"",""formulary"":""F2"",""brand_name"":""APX-Rosuvastatin"",""li_item_id"":""13588E_10829_1247_5563_52065"",""determined_price"":3.55}",,,normal,PBS listing was present in the previous schedule and is now absent.,2026-08-29T11:14:36.234Z
3623,1983062564,2092-01-01T00:00:00.000Z,delisted,13588E_10829_1247_5563_56722,13588E,1000001,Blooms Rosuvastatin,"{""pbs_code"":""13588E"",""formulary"":""F2"",""brand_name"":""Blooms Rosuvastatin"",""li_item_id"":""13588E_10829_1247_5563_56722"",""determined_price"":3.55}",,,normal,PBS listing was present in the previous schedule and is now absent.,2026-08-29T11:14:36.234Z
3624,1983062564,2092-01-01T00:00:00.000Z,delisted,13588E_10829_1247_5563_58388,13588E,1000001,ROSUVASTATIN-WGR,"{""pbs_code"":""13588E"",""formulary"":""F2"",""brand_name"":""ROSUVASTATIN-WGR"",""li_item_id"":""13588E_10829_1247_5563_58388"",""determined_price"":3.55}",,,normal,PBS listing was present in the previous schedule and is now absent.,2026-08-29T11:14:36.234Z
3625,1983062564,2092-01-01T00:00:00.000Z,delisted,13588E_10829_1247_5563_6745,13588E,1000001,Crestor,"{""pbs_code"":""13588E"",""formulary"":""F2"",""brand_name"":""Crestor"",""li_item_id"":""13588E_10829_1247_5563_6745"",""determined_price"":3.55}",,,normal,PBS listing was present in the previous schedule and is now absent.,2026-08-29T11:14:36.234Z
3626,1983062564,2092-01-01T00:00:00.000Z,delisted,13589F_9472_1247_5565_28374,13589F,1000001,Rosuvastatin Sandoz,"{""pbs_code"":""13589F"",""formulary"":""F2"",""brand_name"":""Rosuvastatin Sandoz"",""li_item_id"":""13589F_9472_1247_5565_28374"",""determined_price"":5.06}",,,normal,PBS listing was present in the previous schedule and is now absent.,2026-08-29T11:14:36.234Z
3627,1983062564,2092-01-01T00:00:00.000Z,delisted,13589F_9472_1247_5565_28772,13589F,1000001,Rosuvastatin RBX,"{""pbs_code"":""13589F"",""formulary"":""F2"",""brand_name"":""Rosuvastatin RBX"",""li_item_id"":""13589F_9472_1247_5565_28772"",""determined_price"":5.06}",,,normal,PBS listing was present in the previous schedule and is now absent.,2026-08-29T11:14:36.234Z
3628,1983062564,2092-01-01T00:00:00.000Z,delisted,13589F_9472_1247_5565_28782,13589F,1000001,APO-ROSUVASTATIN,"{""pbs_code"":""13589F"",""formulary"":""F2"",""brand_name"":""APO-ROSUVASTATIN"",""li_item_id"":""13589F_9472_1247_5565_28782"",""determined_price"":5.06}",,,normal,PBS listing was present in the previous schedule and is now absent.,2026-08-29T11:14:36.234Z
3629,1983062564,2092-01-01T00:00:00.000Z,delisted,13589F_9472_1247_5565_28788,13589F,1000001,Cavstat,"{""pbs_code"":""13589F"",""formulary"":""F2"",""brand_name"":""Cavstat"",""li_item_id"":""13589F_9472_1247_5565_28788"",""determined_price"":5.06}",,,normal,PBS listing was present in the previous schedule and is now absent.,2026-08-29T11:14:36.234Z
3630,1983062564,2092-01-01T00:00:00.000Z,delisted,13589F_9472_1247_5565_31851,13589F,1000001,Crosuva 40,"{""pbs_code"":""13589F"",""formulary"":""F2"",""brand_name"":""Crosuva 40"",""li_item_id"":""13589F_9472_1247_5565_31851"",""determined_price"":5.06}",,,normal,PBS listing was present in the previous schedule and is now absent.,2026-08-29T11:14:36.234Z
3631,1983062564,2092-01-01T00:00:00.000Z,delisted,13589F_9472_1247_5565_44136,13589F,1000001,Pharmacor Rosuvastatin 40,"{""pbs_code"":""13589F"",""formulary"":""F2"",""brand_name"":""Pharmacor Rosuvastatin 40"",""li_item_id"":""13589F_9472_1247_5565_44136"",""determined_price"":5.06}",,,normal,PBS listing was present in the previous schedule and is now absent.,2026-08-29T11:14:36.234Z
3632,1983062564,2092-01-01T00:00:00.000Z,delisted,13589F_9472_1247_5565_51472,13589F,1000001,Rosuvastatin Lupin,"{""pbs_code"":""13589F"",""formulary"":""F2"",""brand_name"":""Rosuvastatin Lupin"",""li_item_id"":""13589F_9472_1247_5565_51472"",""determined_price"":5.06}",,,normal,PBS listing was present in the previous schedule and is now absent.,2026-08-29T11:14:36.234Z
3633,1983062564,2092-01-01T00:00:00.000Z,delisted,13589F_9472_1247_5565_52066,13589F,1000001,APX-Rosuvastatin,"{""pbs_code"":""13589F"",""formulary"":""F2"",""brand_name"":""APX-Rosuvastatin"",""li_item_id"":""13589F_9472_1247_5565_52066"",""determined_price"":5.06}",,,normal,PBS listing was present in the previous schedule and is now absent.,2026-08-29T11:14:36.234Z
3634,1983062564,2092-01-01T00:00:00.000Z,delisted,13589F_9472_1247_5565_56719,13589F,1000001,Blooms Rosuvastatin,"{""pbs_code"":""13589F"",""formulary"":""F2"",""brand_name"":""Blooms Rosuvastatin"",""li_item_id"":""13589F_9472_1247_5565_56719"",""determined_price"":5.06}",,,normal,PBS listing was present in the previous schedule and is now absent.,2026-08-29T11:14:36.234Z
3635,1983062564,2092-01-01T00:00:00.000Z,delisted,13589F_9472_1247_5565_58389,13589F,1000001,ROSUVASTATIN-WGR,"{""pbs_code"":""13589F"",""formulary"":""F2"",""brand_name"":""ROSUVASTATIN-WGR"",""li_item_id"":""13589F_9472_1247_5565_58389"",""determined_price"":5.06}",,,normal,PBS listing was present in the previous schedule and is now absent.,2026-08-29T11:14:36.234Z
3636,1983062564,2092-01-01T00:00:00.000Z,delisted,13589F_9472_1247_5565_6747,13589F,1000001,Crestor,"{""pbs_code"":""13589F"",""formulary"":""F2"",""brand_name"":""Crestor"",""li_item_id"":""13589F_9472_1247_5565_6747"",""determined_price"":5.06}",,,normal,PBS listing was present in the previous schedule and is now absent.,2026-08-29T11:14:36.234Z
3637,1983062564,2092-01-01T00:00:00.000Z,delisted,2574L_10829_1247_5563_28373,2574L,1000001,Rosuvastatin Sandoz,"{""pbs_code"":""2574L"",""formulary"":""F2"",""brand_name"":""Rosuvastatin Sandoz"",""li_item_id"":""2574L_10829_1247_5563_28373"",""determined_price"":3.55}",,,normal,PBS listing was present in the previous schedule and is now absent.,2026-08-29T11:14:36.234Z
3638,1983062564,2092-01-01T00:00:00.000Z,delisted,2574L_10829_1247_5563_28771,2574L,1000001,Rosuvastatin RBX,"{""pbs_code"":""2574L"",""formulary"":""F2"",""brand_name"":""Rosuvastatin RBX"",""li_item_id"":""2574L_10829_1247_5563_28771"",""determined_price"":3.55}",,,normal,PBS listing was present in the previous schedule and is now absent.,2026-08-29T11:14:36.234Z
3639,1983062564,2092-01-01T00:00:00.000Z,delisted,2574L_10829_1247_5563_28779,2574L,1000001,APO-ROSUVASTATIN,"{""pbs_code"":""2574L"",""formulary"":""F2"",""brand_name"":""APO-ROSUVASTATIN"",""li_item_id"":""2574L_10829_1247_5563_28779"",""determined_price"":3.55}",,,normal,PBS listing was present in the previous schedule and is now absent.,2026-08-29T11:14:36.234Z
3640,1983062564,2092-01-01T00:00:00.000Z,delisted,2574L_10829_1247_5563_28787,2574L,1000001,Cavstat,"{""pbs_code"":""2574L"",""formulary"":""F2"",""brand_name"":""Cavstat"",""li_item_id"":""2574L_10829_1247_5563_28787"",""determined_price"":3.55}",,,normal,PBS listing was present in the previous schedule and is now absent.,2026-08-29T11:14:36.234Z
3641,1983062564,2092-01-01T00:00:00.000Z,delisted,2574L_10829_1247_5563_31850,2574L,1000001,Crosuva 20,"{""pbs_code"":""2574L"",""formulary"":""F2"",""brand_name"":""Crosuva 20"",""li_item_id"":""2574L_10829_1247_5563_31850"",""determined_price"":3.55}",,,normal,PBS listing was present in the previous schedule and is now absent.,2026-08-29T11:14:36.234Z
3642,1983062564,2092-01-01T00:00:00.000Z,delisted,2574L_10829_1247_5563_44138,2574L,1000001,Pharmacor Rosuvastatin 20,"{""pbs_code"":""2574L"",""formulary"":""F2"",""brand_name"":""Pharmacor Rosuvastatin 20"",""li_item_id"":""2574L_10829_1247_5563_44138"",""determined_price"":3.55}",,,normal,PBS listing was present in the previous schedule and is now absent.,2026-08-29T11:14:36.234Z
3643,1983062564,2092-01-01T00:00:00.000Z,delisted,2574L_10829_1247_5563_51471,2574L,1000001,Rosuvastatin Lupin,"{""pbs_code"":""2574L"",""formulary"":""F2"",""brand_name"":""Rosuvastatin Lupin"",""li_item_id"":""2574L_10829_1247_5563_51471"",""determined_price"":3.55}",,,normal,PBS listing was present in the previous schedule and is now absent.,2026-08-29T11:14:36.234Z
3644,1983062564,2092-01-01T00:00:00.000Z,delisted,2574L_10829_1247_5563_52065,2574L,1000001,APX-Rosuvastatin,"{""pbs_code"":""2574L"",""formulary"":""F2"",""brand_name"":""APX-Rosuvastatin"",""li_item_id"":""2574L_10829_1247_5563_52065"",""determined_price"":3.55}",,,normal,PBS listing was present in the previous schedule and is now absent.,2026-08-29T11:14:36.234Z
3645,1983062564,2092-01-01T00:00:00.000Z,delisted,2574L_10829_1247_5563_56722,2574L,1000001,Blooms Rosuvastatin,"{""pbs_code"":""2574L"",""formulary"":""F2"",""brand_name"":""Blooms Rosuvastatin"",""li_item_id"":""2574L_10829_1247_5563_56722"",""determined_price"":3.55}",,,normal,PBS listing was present in the previous schedule and is now absent.,2026-08-29T11:14:36.234Z
3646,1983062564,2092-01-01T00:00:00.000Z,delisted,2574L_10829_1247_5563_58388,2574L,1000001,ROSUVASTATIN-WGR,"{""pbs_code"":""2574L"",""formulary"":""F2"",""brand_name"":""ROSUVASTATIN-WGR"",""li_item_id"":""2574L_10829_1247_5563_58388"",""determined_price"":3.55}",,,normal,PBS listing was present in the previous schedule and is now absent.,2026-08-29T11:14:36.234Z
3647,1983062564,2092-01-01T00:00:00.000Z,delisted,2574L_10829_1247_5563_6745,2574L,1000001,Crestor,"{""pbs_code"":""2574L"",""formulary"":""F2"",""brand_name"":""Crestor"",""li_item_id"":""2574L_10829_1247_5563_6745"",""determined_price"":3.55}",,,normal,PBS listing was present in the previous schedule and is now absent.,2026-08-29T11:14:36.234Z
3648,1983062564,2092-01-01T00:00:00.000Z,delisted,2594M_9472_1247_5565_28374,2594M,1000001,Rosuvastatin Sandoz,"{""pbs_code"":""2594M"",""formulary"":""F2"",""brand_name"":""Rosuvastatin Sandoz"",""li_item_id"":""2594M_9472_1247_5565_28374"",""determined_price"":5.06}",,,normal,PBS listing was present in the previous schedule and is now absent.,2026-08-29T11:14:36.234Z
3649,1983062564,2092-01-01T00:00:00.000Z,delisted,2594M_9472_1247_5565_28772,2594M,1000001,Rosuvastatin RBX,"{""pbs_code"":""2594M"",""formulary"":""F2"",""brand_name"":""Rosuvastatin RBX"",""li_item_id"":""2594M_9472_1247_5565_28772"",""determined_price"":5.06}",,,normal,PBS listing was present in the previous schedule and is now absent.,2026-08-29T11:14:36.234Z
3650,1983062564,2092-01-01T00:00:00.000Z,delisted,2594M_9472_1247_5565_28782,2594M,1000001,APO-ROSUVASTATIN,"{""pbs_code"":""2594M"",""formulary"":""F2"",""brand_name"":""APO-ROSUVASTATIN"",""li_item_id"":""2594M_9472_1247_5565_28782"",""determined_price"":5.06}",,,normal,PBS listing was present in the previous schedule and is now absent.,2026-08-29T11:14:36.234Z
3651,1983062564,2092-01-01T00:00:00.000Z,delisted,2594M_9472_1247_5565_28788,2594M,1000001,Cavstat,"{""pbs_code"":""2594M"",""formulary"":""F2"",""brand_name"":""Cavstat"",""li_item_id"":""2594M_9472_1247_5565_28788"",""determined_price"":5.06}",,,normal,PBS listing was present in the previous schedule and is now absent.,2026-08-29T11:14:36.234Z
3652,1983062564,2092-01-01T00:00:00.000Z,delisted,2594M_9472_1247_5565_31851,2594M,1000001,Crosuva 40,"{""pbs_code"":""2594M"",""formulary"":""F2"",""brand_name"":""Crosuva 40"",""li_item_id"":""2594M_9472_1247_5565_31851"",""determined_price"":5.06}",,,normal,PBS listing was present in the previous schedule and is now absent.,2026-08-29T11:14:36.234Z
3653,1983062564,2092-01-01T00:00:00.000Z,delisted,2594M_9472_1247_5565_44136,2594M,1000001,Pharmacor Rosuvastatin 40,"{""pbs_code"":""2594M"",""formulary"":""F2"",""brand_name"":""Pharmacor Rosuvastatin 40"",""li_item_id"":""2594M_9472_1247_5565_44136"",""determined_price"":5.06}",,,normal,PBS listing was present in the previous schedule and is now absent.,2026-08-29T11:14:36.234Z
3654,1983062564,2092-01-01T00:00:00.000Z,delisted,2594M_9472_1247_5565_51472,2594M,1000001,Rosuvastatin Lupin,"{""pbs_code"":""2594M"",""formulary"":""F2"",""brand_name"":""Rosuvastatin Lupin"",""li_item_id"":""2594M_9472_1247_5565_51472"",""determined_price"":5.06}",,,normal,PBS listing was present in the previous schedule and is now absent.,2026-08-29T11:14:36.234Z
3655,1983062564,2092-01-01T00:00:00.000Z,delisted,2594M_9472_1247_5565_52066,2594M,1000001,APX-Rosuvastatin,"{""pbs_code"":""2594M"",""formulary"":""F2"",""brand_name"":""APX-Rosuvastatin"",""li_item_id"":""2594M_9472_1247_5565_52066"",""determined_price"":5.06}",,,normal,PBS listing was present in the previous schedule and is now absent.,2026-08-29T11:14:36.234Z
3656,1983062564,2092-01-01T00:00:00.000Z,delisted,2594M_9472_1247_5565_56719,2594M,1000001,Blooms Rosuvastatin,"{""pbs_code"":""2594M"",""formulary"":""F2"",""brand_name"":""Blooms Rosuvastatin"",""li_item_id"":""2594M_9472_1247_5565_56719"",""determined_price"":5.06}",,,normal,PBS listing was present in the previous schedule and is now absent.,2026-08-29T11:14:36.234Z
3657,1983062564,2092-01-01T00:00:00.000Z,delisted,2594M_9472_1247_5565_58389,2594M,1000001,ROSUVASTATIN-WGR,"{""pbs_code"":""2594M"",""formulary"":""F2"",""brand_name"":""ROSUVASTATIN-WGR"",""li_item_id"":""2594M_9472_1247_5565_58389"",""determined_price"":5.06}",,,normal,PBS listing was present in the previous schedule and is now absent.,2026-08-29T11:14:36.234Z
3658,1983062564,2092-01-01T00:00:00.000Z,delisted,2594M_9472_1247_5565_6747,2594M,1000001,Crestor,"{""pbs_code"":""2594M"",""formulary"":""F2"",""brand_name"":""Crestor"",""li_item_id"":""2594M_9472_1247_5565_6747"",""determined_price"":5.06}",,,normal,PBS listing was present in the previous schedule and is now absent.,2026-08-29T11:14:36.234Z
3659,1983062564,2092-01-01T00:00:00.000Z,delisted,2606E_10828_1247_5567_28371,2606E,1000001,Rosuvastatin Sandoz,"{""pbs_code"":""2606E"",""formulary"":""F2"",""brand_name"":""Rosuvastatin Sandoz"",""li_item_id"":""2606E_10828_1247_5567_28371"",""determined_price"":2.5}",,,normal,PBS listing was present in the previous schedule and is now absent.,2026-08-29T11:14:36.234Z
3660,1983062564,2092-01-01T00:00:00.000Z,delisted,2606E_10828_1247_5567_28769,2606E,1000001,Rosuvastatin RBX,"{""pbs_code"":""2606E"",""formulary"":""F2"",""brand_name"":""Rosuvastatin RBX"",""li_item_id"":""2606E_10828_1247_5567_28769"",""determined_price"":2.5}",,,normal,PBS listing was present in the previous schedule and is now absent.,2026-08-29T11:14:36.234Z
3661,1983062564,2092-01-01T00:00:00.000Z,delisted,2606E_10828_1247_5567_28773,2606E,1000001,APO-ROSUVASTATIN,"{""pbs_code"":""2606E"",""formulary"":""F2"",""brand_name"":""APO-ROSUVASTATIN"",""li_item_id"":""2606E_10828_1247_5567_28773"",""determined_price"":2.5}",,,normal,PBS listing was present in the previous schedule and is now absent.,2026-08-29T11:14:36.234Z
3662,1983062564,2092-01-01T00:00:00.000Z,delisted,2606E_10828_1247_5567_28785,2606E,1000001,Cavstat,"{""pbs_code"":""2606E"",""formulary"":""F2"",""brand_name"":""Cavstat"",""li_item_id"":""2606E_10828_1247_5567_28785"",""determined_price"":2.5}",,,normal,PBS listing was present in the previous schedule and is now absent.,2026-08-29T11:14:36.234Z
3663,1983062564,2092-01-01T00:00:00.000Z,delisted,2606E_10828_1247_5567_31846,2606E,1000001,Crosuva 5,"{""pbs_code"":""2606E"",""formulary"":""F2"",""brand_name"":""Crosuva 5"",""li_item_id"":""2606E_10828_1247_5567_31846"",""determined_price"":2.5}",,,normal,PBS listing was present in the previous schedule and is now absent.,2026-08-29T11:14:36.234Z
3664,1983062564,2092-01-01T00:00:00.000Z,delisted,2606E_10828_1247_5567_44135,2606E,1000001,Pharmacor Rosuvastatin 5,"{""pbs_code"":""2606E"",""formulary"":""F2"",""brand_name"":""Pharmacor Rosuvastatin 5"",""li_item_id"":""2606E_10828_1247_5567_44135"",""determined_price"":2.5}",,,normal,PBS listing was present in the previous schedule and is now absent.,2026-08-29T11:14:36.234Z
3665,1983062564,2092-01-01T00:00:00.000Z,delisted,2606E_10828_1247_5567_51470,2606E,1000001,Rosuvastatin Lupin,"{""pbs_code"":""2606E"",""formulary"":""F2"",""brand_name"":""Rosuvastatin Lupin"",""li_item_id"":""2606E_10828_1247_5567_51470"",""determined_price"":2.5}",,,normal,PBS listing was present in the previous schedule and is now absent.,2026-08-29T11:14:36.234Z
3666,1983062564,2092-01-01T00:00:00.000Z,delisted,2606E_10828_1247_5567_52067,2606E,1000001,APX-Rosuvastatin,"{""pbs_code"":""2606E"",""formulary"":""F2"",""brand_name"":""APX-Rosuvastatin"",""li_item_id"":""2606E_10828_1247_5567_52067"",""determined_price"":2.5}",,,normal,PBS listing was present in the previous schedule and is now absent.,2026-08-29T11:14:36.234Z
3667,1983062564,2092-01-01T00:00:00.000Z,delisted,2606E_10828_1247_5567_56720,2606E,1000001,Blooms Rosuvastatin,"{""pbs_code"":""2606E"",""formulary"":""F2"",""brand_name"":""Blooms Rosuvastatin"",""li_item_id"":""2606E_10828_1247_5567_56720"",""determined_price"":2.5}",,,normal,PBS listing was present in the previous schedule and is now absent.,2026-08-29T11:14:36.234Z
3668,1983062564,2092-01-01T00:00:00.000Z,delisted,2606E_10828_1247_5567_58390,2606E,1000001,ROSUVASTATIN-WGR,"{""pbs_code"":""2606E"",""formulary"":""F2"",""brand_name"":""ROSUVASTATIN-WGR"",""li_item_id"":""2606E_10828_1247_5567_58390"",""determined_price"":2.5}",,,normal,PBS listing was present in the previous schedule and is now absent.,2026-08-29T11:14:36.234Z
3669,1983062564,2092-01-01T00:00:00.000Z,delisted,2606E_10828_1247_5567_6749,2606E,1000001,Crestor,"{""pbs_code"":""2606E"",""formulary"":""F2"",""brand_name"":""Crestor"",""li_item_id"":""2606E_10828_1247_5567_6749"",""determined_price"":2.5}",,,normal,PBS listing was present in the previous schedule and is now absent.,2026-08-29T11:14:36.234Z
3670,1983062564,2092-01-01T00:00:00.000Z,delisted,2628H_8808_1247_5561_28372,2628H,1000001,Rosuvastatin Sandoz,"{""pbs_code"":""2628H"",""formulary"":""F2"",""brand_name"":""Rosuvastatin Sandoz"",""li_item_id"":""2628H_8808_1247_5561_28372"",""determined_price"":3.5}",,,normal,PBS listing was present in the previous schedule and is now absent.,2026-08-29T11:14:36.234Z
3671,1983062564,2092-01-01T00:00:00.000Z,delisted,2628H_8808_1247_5561_28770,2628H,1000001,Rosuvastatin RBX,"{""pbs_code"":""2628H"",""formulary"":""F2"",""brand_name"":""Rosuvastatin RBX"",""li_item_id"":""2628H_8808_1247_5561_28770"",""determined_price"":3.5}",,,normal,PBS listing was present in the previous schedule and is now absent.,2026-08-29T11:14:36.234Z
3672,1983062564,2092-01-01T00:00:00.000Z,delisted,2628H_8808_1247_5561_28776,2628H,1000001,APO-ROSUVASTATIN,"{""pbs_code"":""2628H"",""formulary"":""F2"",""brand_name"":""APO-ROSUVASTATIN"",""li_item_id"":""2628H_8808_1247_5561_28776"",""determined_price"":3.5}",,,normal,PBS listing was present in the previous schedule and is now absent.,2026-08-29T11:14:36.234Z
3673,1983062564,2092-01-01T00:00:00.000Z,delisted,2628H_8808_1247_5561_28786,2628H,1000001,Cavstat,"{""pbs_code"":""2628H"",""formulary"":""F2"",""brand_name"":""Cavstat"",""li_item_id"":""2628H_8808_1247_5561_28786"",""determined_price"":3.5}",,,normal,PBS listing was present in the previous schedule and is now absent.,2026-08-29T11:14:36.234Z
3674,1983062564,2092-01-01T00:00:00.000Z,delisted,2628H_8808_1247_5561_31849,2628H,1000001,Crosuva 10,"{""pbs_code"":""2628H"",""formulary"":""F2"",""brand_name"":""Crosuva 10"",""li_item_id"":""2628H_8808_1247_5561_31849"",""determined_price"":3.5}",,,normal,PBS listing was present in the previous schedule and is now absent.,2026-08-29T11:14:36.234Z
3675,1983062564,2092-01-01T00:00:00.000Z,delisted,2628H_8808_1247_5561_44137,2628H,1000001,Pharmacor Rosuvastatin 10,"{""pbs_code"":""2628H"",""formulary"":""F2"",""brand_name"":""Pharmacor Rosuvastatin 10"",""li_item_id"":""2628H_8808_1247_5561_44137"",""determined_price"":3.5}",,,normal,PBS listing was present in the previous schedule and is now absent.,2026-08-29T11:14:36.234Z
3676,1983062564,2092-01-01T00:00:00.000Z,delisted,2628H_8808_1247_5561_51469,2628H,1000001,Rosuvastatin Lupin,"{""pbs_code"":""2628H"",""formulary"":""F2"",""brand_name"":""Rosuvastatin Lupin"",""li_item_id"":""2628H_8808_1247_5561_51469"",""determined_price"":3.5}",,,normal,PBS listing was present in the previous schedule and is now absent.,2026-08-29T11:14:36.234Z
3677,1983062564,2092-01-01T00:00:00.000Z,delisted,2628H_8808_1247_5561_52064,2628H,1000001,APX-Rosuvastatin,"{""pbs_code"":""2628H"",""formulary"":""F2"",""brand_name"":""APX-Rosuvastatin"",""li_item_id"":""2628H_8808_1247_5561_52064"",""determined_price"":3.5}",,,normal,PBS listing was present in the previous schedule and is now absent.,2026-08-29T11:14:36.234Z
3678,1983062564,2092-01-01T00:00:00.000Z,delisted,2628H_8808_1247_5561_56721,2628H,1000001,Blooms Rosuvastatin,"{""pbs_code"":""2628H"",""formulary"":""F2"",""brand_name"":""Blooms Rosuvastatin"",""li_item_id"":""2628H_8808_1247_5561_56721"",""determined_price"":3.5}",,,normal,PBS listing was present in the previous schedule and is now absent.,2026-08-29T11:14:36.234Z
3679,1983062564,2092-01-01T00:00:00.000Z,delisted,2628H_8808_1247_5561_58387,2628H,1000001,ROSUVASTATIN-WGR,"{""pbs_code"":""2628H"",""formulary"":""F2"",""brand_name"":""ROSUVASTATIN-WGR"",""li_item_id"":""2628H_8808_1247_5561_58387"",""determined_price"":3.5}",,,normal,PBS listing was present in the previous schedule and is now absent.,2026-08-29T11:14:36.234Z
3680,1983062564,2092-01-01T00:00:00.000Z,delisted,2628H_8808_1247_5561_6743,2628H,1000001,Crestor,"{""pbs_code"":""2628H"",""formulary"":""F2"",""brand_name"":""Crestor"",""li_item_id"":""2628H_8808_1247_5561_6743"",""determined_price"":3.5}",,,normal,PBS listing was present in the previous schedule and is now absent.,2026-08-29T11:14:36.234Z
