id,schedule_code,effective_date,change_type,li_item_id,pbs_code,drug_id,brand_name,old_value,new_value,affected_items,significance,notes,created_at
4609,1983062564,2092-01-01,delisted,10104T_13914_30617_30622_30624,10104T,1000002,Ferinject,"{""pbs_code"": ""10104T"", ""formulary"": ""F2"", ""brand_name"": ""Ferinject"", ""li_item_id"": ""10104T_13914_30617_30622_30624"", ""determined_price"": 40.97}",,,normal,PBS listing was present in the previous schedule and is now absent.,2026-08-30 02:00:11.220906+00
4610,1983062564,2092-01-01,delisted,10104T_13914_30617_30622_68214,10104T,1000002,Ferric Carboxymaltose-Teva,"{""pbs_code"": ""10104T"", ""formulary"": ""F2"", ""brand_name"": ""Ferric Carboxymaltose-Teva"", ""li_item_id"": ""10104T_13914_30617_30622_68214"", ""determined_price"": 40.97}",,,normal,PBS listing was present in the previous schedule and is now absent.,2026-08-30 02:00:11.220906+00
4611,1983062564,2092-01-01,delisted,10104T_13914_30617_30622_68217,10104T,1000002,Ferrive,"{""pbs_code"": ""10104T"", ""formulary"": ""F2"", ""brand_name"": ""Ferrive"", ""li_item_id"": ""10104T_13914_30617_30622_68217"", ""determined_price"": 40.97}",,,normal,PBS listing was present in the previous schedule and is now absent.,2026-08-30 02:00:11.220906+00
4612,1983062564,2092-01-01,delisted,10104T_13914_30617_30622_68219,10104T,1000002,FERIVO,"{""pbs_code"": ""10104T"", ""formulary"": ""F2"", ""brand_name"": ""FERIVO"", ""li_item_id"": ""10104T_13914_30617_30622_68219"", ""determined_price"": 40.97}",,,normal,PBS listing was present in the previous schedule and is now absent.,2026-08-30 02:00:11.220906+00
4613,1983062564,2092-01-01,delisted,10104T_13914_30617_30622_68865,10104T,1000002,FERRICARBO,"{""pbs_code"": ""10104T"", ""formulary"": ""F2"", ""brand_name"": ""FERRICARBO"", ""li_item_id"": ""10104T_13914_30617_30622_68865"", ""determined_price"": 40.97}",,,normal,PBS listing was present in the previous schedule and is now absent.,2026-08-30 02:00:11.220906+00
4614,1983062564,2092-01-01,delisted,11702X_23004_30617_47149_47151,11702X,1000002,Ferinject,"{""pbs_code"": ""11702X"", ""formulary"": ""F2"", ""brand_name"": ""Ferinject"", ""li_item_id"": ""11702X_23004_30617_47149_47151"", ""determined_price"": 81.94}",,,normal,PBS listing was present in the previous schedule and is now absent.,2026-08-30 02:00:11.220906+00
4615,1983062564,2092-01-01,delisted,11702X_23004_30617_47149_68215,11702X,1000002,Ferric Carboxymaltose-Teva,"{""pbs_code"": ""11702X"", ""formulary"": ""F2"", ""brand_name"": ""Ferric Carboxymaltose-Teva"", ""li_item_id"": ""11702X_23004_30617_47149_68215"", ""determined_price"": 81.94}",,,normal,PBS listing was present in the previous schedule and is now absent.,2026-08-30 02:00:11.220906+00
4616,1983062564,2092-01-01,delisted,11702X_23004_30617_47149_68216,11702X,1000002,Ferrive,"{""pbs_code"": ""11702X"", ""formulary"": ""F2"", ""brand_name"": ""Ferrive"", ""li_item_id"": ""11702X_23004_30617_47149_68216"", ""determined_price"": 81.94}",,,normal,PBS listing was present in the previous schedule and is now absent.,2026-08-30 02:00:11.220906+00
4617,1983062564,2092-01-01,delisted,11702X_23004_30617_47149_68218,11702X,1000002,FERIVO,"{""pbs_code"": ""11702X"", ""formulary"": ""F2"", ""brand_name"": ""FERIVO"", ""li_item_id"": ""11702X_23004_30617_47149_68218"", ""determined_price"": 81.94}",,,normal,PBS listing was present in the previous schedule and is now absent.,2026-08-30 02:00:11.220906+00
4618,1983062564,2092-01-01,delisted,11702X_23004_30617_47149_68864,11702X,1000002,FERRICARBO,"{""pbs_code"": ""11702X"", ""formulary"": ""F2"", ""brand_name"": ""FERRICARBO"", ""li_item_id"": ""11702X_23004_30617_47149_68864"", ""determined_price"": 81.94}",,,normal,PBS listing was present in the previous schedule and is now absent.,2026-08-30 02:00:11.220906+00
4619,1983062564,2092-01-01,delisted,10201X_15315_34257_34261_34264,10201X,2100002999,Rosuzet Composite Pack,"{""pbs_code"": ""10201X"", ""formulary"": ""F2"", ""brand_name"": ""Rosuzet Composite Pack"", ""li_item_id"": ""10201X_15315_34257_34261_34264"", ""determined_price"": 13.88}",,,normal,PBS listing was present in the previous schedule and is now absent.,2026-08-30 02:00:11.220906+00
4620,1983062564,2092-01-01,delisted,10201X_15315_34257_34261_45176,10201X,2100002999,Ezalo Composite Pack 10mg+20mg,"{""pbs_code"": ""10201X"", ""formulary"": ""F2"", ""brand_name"": ""Ezalo Composite Pack 10mg+20mg"", ""li_item_id"": ""10201X_15315_34257_34261_45176"", ""determined_price"": 13.88}",,,normal,PBS listing was present in the previous schedule and is now absent.,2026-08-30 02:00:11.220906+00
4621,1983062564,2092-01-01,delisted,10201X_15315_34257_34261_56436,10201X,2100002999,Pharmacor Ezetimibe Rosuvastatin Composite Pack,"{""pbs_code"": ""10201X"", ""formulary"": ""F2"", ""brand_name"": ""Pharmacor Ezetimibe Rosuvastatin Composite Pack"", ""li_item_id"": ""10201X_15315_34257_34261_56436"", ""determined_price"": 13.88}",,,normal,PBS listing was present in the previous schedule and is now absent.,2026-08-30 02:00:11.220906+00
4622,1983062564,2092-01-01,delisted,10201X_15315_34257_34261_59702,10201X,2100002999,Ezetimibe - Rosuvastatin Sandoz 10 mg/20 mg,"{""pbs_code"": ""10201X"", ""formulary"": ""F2"", ""brand_name"": ""Ezetimibe - Rosuvastatin Sandoz 10 mg/20 mg"", ""li_item_id"": ""10201X_15315_34257_34261_59702"", ""determined_price"": 13.88}",,,normal,PBS listing was present in the previous schedule and is now absent.,2026-08-30 02:00:11.220906+00
4623,1983062564,2092-01-01,delisted,10204C_15312_34257_34269_34272,10204C,2100002999,Rosuzet Composite Pack,"{""pbs_code"": ""10204C"", ""formulary"": ""F2"", ""brand_name"": ""Rosuzet Composite Pack"", ""li_item_id"": ""10204C_15312_34257_34269_34272"", ""determined_price"": 10.75}",,,normal,PBS listing was present in the previous schedule and is now absent.,2026-08-30 02:00:11.220906+00
4624,1983062564,2092-01-01,delisted,10204C_15312_34257_34269_45178,10204C,2100002999,Ezalo Composite Pack 10mg+5mg,"{""pbs_code"": ""10204C"", ""formulary"": ""F2"", ""brand_name"": ""Ezalo Composite Pack 10mg+5mg"", ""li_item_id"": ""10204C_15312_34257_34269_45178"", ""determined_price"": 10.75}",,,normal,PBS listing was present in the previous schedule and is now absent.,2026-08-30 02:00:11.220906+00
4625,1983062564,2092-01-01,delisted,10204C_15312_34257_34269_59711,10204C,2100002999,Ezetimibe - Rosuvastatin Sandoz 10 mg/5 mg,"{""pbs_code"": ""10204C"", ""formulary"": ""F2"", ""brand_name"": ""Ezetimibe - Rosuvastatin Sandoz 10 mg/5 mg"", ""li_item_id"": ""10204C_15312_34257_34269_59711"", ""determined_price"": 10.75}",,,normal,PBS listing was present in the previous schedule and is now absent.,2026-08-30 02:00:11.220906+00
4626,1983062564,2092-01-01,delisted,10207F_15316_34257_34265_34268,10207F,2100002999,Rosuzet Composite Pack,"{""pbs_code"": ""10207F"", ""formulary"": ""F2"", ""brand_name"": ""Rosuzet Composite Pack"", ""li_item_id"": ""10207F_15316_34257_34265_34268"", ""determined_price"": 13.59}",,,normal,PBS listing was present in the previous schedule and is now absent.,2026-08-30 02:00:11.220906+00
4627,1983062564,2092-01-01,delisted,10207F_15316_34257_34265_45177,10207F,2100002999,Ezalo Composite Pack 10mg+40mg,"{""pbs_code"": ""10207F"", ""formulary"": ""F2"", ""brand_name"": ""Ezalo Composite Pack 10mg+40mg"", ""li_item_id"": ""10207F_15316_34257_34265_45177"", ""determined_price"": 13.59}",,,normal,PBS listing was present in the previous schedule and is now absent.,2026-08-30 02:00:11.220906+00
4628,1983062564,2092-01-01,delisted,10207F_15316_34257_34265_56437,10207F,2100002999,Pharmacor Ezetimibe Rosuvastatin Composite Pack,"{""pbs_code"": ""10207F"", ""formulary"": ""F2"", ""brand_name"": ""Pharmacor Ezetimibe Rosuvastatin Composite Pack"", ""li_item_id"": ""10207F_15316_34257_34265_56437"", ""determined_price"": 13.59}",,,normal,PBS listing was present in the previous schedule and is now absent.,2026-08-30 02:00:11.220906+00
4629,1983062564,2092-01-01,delisted,10207F_15316_34257_34265_59708,10207F,2100002999,Ezetimibe - Rosuvastatin Sandoz 10 mg/40 mg,"{""pbs_code"": ""10207F"", ""formulary"": ""F2"", ""brand_name"": ""Ezetimibe - Rosuvastatin Sandoz 10 mg/40 mg"", ""li_item_id"": ""10207F_15316_34257_34265_59708"", ""determined_price"": 13.59}",,,normal,PBS listing was present in the previous schedule and is now absent.,2026-08-30 02:00:11.220906+00
4630,1983062564,2092-01-01,delisted,10208G_15314_34257_34258_34273,10208G,2100002999,Rosuzet Composite Pack,"{""pbs_code"": ""10208G"", ""formulary"": ""F2"", ""brand_name"": ""Rosuzet Composite Pack"", ""li_item_id"": ""10208G_15314_34257_34258_34273"", ""determined_price"": 12.04}",,,normal,PBS listing was present in the previous schedule and is now absent.,2026-08-30 02:00:11.220906+00
4631,1983062564,2092-01-01,delisted,10208G_15314_34257_34258_45175,10208G,2100002999,Ezalo Composite Pack 10mg+10mg,"{""pbs_code"": ""10208G"", ""formulary"": ""F2"", ""brand_name"": ""Ezalo Composite Pack 10mg+10mg"", ""li_item_id"": ""10208G_15314_34257_34258_45175"", ""determined_price"": 12.04}",,,normal,PBS listing was present in the previous schedule and is now absent.,2026-08-30 02:00:11.220906+00
4632,1983062564,2092-01-01,delisted,10208G_15314_34257_34258_56435,10208G,2100002999,Pharmacor Ezetimibe Rosuvastatin Composite Pack,"{""pbs_code"": ""10208G"", ""formulary"": ""F2"", ""brand_name"": ""Pharmacor Ezetimibe Rosuvastatin Composite Pack"", ""li_item_id"": ""10208G_15314_34257_34258_56435"", ""determined_price"": 12.04}",,,normal,PBS listing was present in the previous schedule and is now absent.,2026-08-30 02:00:11.220906+00
4633,1983062564,2092-01-01,delisted,10208G_15314_34257_34258_59714,10208G,2100002999,Ezetimibe - Rosuvastatin Sandoz 10 mg/10 mg,"{""pbs_code"": ""10208G"", ""formulary"": ""F2"", ""brand_name"": ""Ezetimibe - Rosuvastatin Sandoz 10 mg/10 mg"", ""li_item_id"": ""10208G_15314_34257_34258_59714"", ""determined_price"": 12.04}",,,normal,PBS listing was present in the previous schedule and is now absent.,2026-08-30 02:00:11.220906+00
4634,1983062564,2092-01-01,delisted,13480L_15315_34257_34261_34264,13480L,2100002999,Rosuzet Composite Pack,"{""pbs_code"": ""13480L"", ""formulary"": ""F2"", ""brand_name"": ""Rosuzet Composite Pack"", ""li_item_id"": ""13480L_15315_34257_34261_34264"", ""determined_price"": 13.88}",,,normal,PBS listing was present in the previous schedule and is now absent.,2026-08-30 02:00:11.220906+00
4635,1983062564,2092-01-01,delisted,13480L_15315_34257_34261_45176,13480L,2100002999,Ezalo Composite Pack 10mg+20mg,"{""pbs_code"": ""13480L"", ""formulary"": ""F2"", ""brand_name"": ""Ezalo Composite Pack 10mg+20mg"", ""li_item_id"": ""13480L_15315_34257_34261_45176"", ""determined_price"": 13.88}",,,normal,PBS listing was present in the previous schedule and is now absent.,2026-08-30 02:00:11.220906+00
4636,1983062564,2092-01-01,delisted,13480L_15315_34257_34261_56436,13480L,2100002999,Pharmacor Ezetimibe Rosuvastatin Composite Pack,"{""pbs_code"": ""13480L"", ""formulary"": ""F2"", ""brand_name"": ""Pharmacor Ezetimibe Rosuvastatin Composite Pack"", ""li_item_id"": ""13480L_15315_34257_34261_56436"", ""determined_price"": 13.88}",,,normal,PBS listing was present in the previous schedule and is now absent.,2026-08-30 02:00:11.220906+00
4637,1983062564,2092-01-01,delisted,13480L_15315_34257_34261_59702,13480L,2100002999,Ezetimibe - Rosuvastatin Sandoz 10 mg/20 mg,"{""pbs_code"": ""13480L"", ""formulary"": ""F2"", ""brand_name"": ""Ezetimibe - Rosuvastatin Sandoz 10 mg/20 mg"", ""li_item_id"": ""13480L_15315_34257_34261_59702"", ""determined_price"": 13.88}",,,normal,PBS listing was present in the previous schedule and is now absent.,2026-08-30 02:00:11.220906+00
4638,1983062564,2092-01-01,delisted,13537L_15316_34257_34265_34268,13537L,2100002999,Rosuzet Composite Pack,"{""pbs_code"": ""13537L"", ""formulary"": ""F2"", ""brand_name"": ""Rosuzet Composite Pack"", ""li_item_id"": ""13537L_15316_34257_34265_34268"", ""determined_price"": 13.59}",,,normal,PBS listing was present in the previous schedule and is now absent.,2026-08-30 02:00:11.220906+00
4639,1983062564,2092-01-01,delisted,13537L_15316_34257_34265_45177,13537L,2100002999,Ezalo Composite Pack 10mg+40mg,"{""pbs_code"": ""13537L"", ""formulary"": ""F2"", ""brand_name"": ""Ezalo Composite Pack 10mg+40mg"", ""li_item_id"": ""13537L_15316_34257_34265_45177"", ""determined_price"": 13.59}",,,normal,PBS listing was present in the previous schedule and is now absent.,2026-08-30 02:00:11.220906+00
4640,1983062564,2092-01-01,delisted,13537L_15316_34257_34265_56437,13537L,2100002999,Pharmacor Ezetimibe Rosuvastatin Composite Pack,"{""pbs_code"": ""13537L"", ""formulary"": ""F2"", ""brand_name"": ""Pharmacor Ezetimibe Rosuvastatin Composite Pack"", ""li_item_id"": ""13537L_15316_34257_34265_56437"", ""determined_price"": 13.59}",,,normal,PBS listing was present in the previous schedule and is now absent.,2026-08-30 02:00:11.220906+00
4641,1983062564,2092-01-01,delisted,13537L_15316_34257_34265_59708,13537L,2100002999,Ezetimibe - Rosuvastatin Sandoz 10 mg/40 mg,"{""pbs_code"": ""13537L"", ""formulary"": ""F2"", ""brand_name"": ""Ezetimibe - Rosuvastatin Sandoz 10 mg/40 mg"", ""li_item_id"": ""13537L_15316_34257_34265_59708"", ""determined_price"": 13.59}",,,normal,PBS listing was present in the previous schedule and is now absent.,2026-08-30 02:00:11.220906+00
4642,1983062564,2092-01-01,delisted,13569E_15314_34257_34258_34273,13569E,2100002999,Rosuzet Composite Pack,"{""pbs_code"": ""13569E"", ""formulary"": ""F2"", ""brand_name"": ""Rosuzet Composite Pack"", ""li_item_id"": ""13569E_15314_34257_34258_34273"", ""determined_price"": 12.04}",,,normal,PBS listing was present in the previous schedule and is now absent.,2026-08-30 02:00:11.220906+00
4643,1983062564,2092-01-01,delisted,13569E_15314_34257_34258_45175,13569E,2100002999,Ezalo Composite Pack 10mg+10mg,"{""pbs_code"": ""13569E"", ""formulary"": ""F2"", ""brand_name"": ""Ezalo Composite Pack 10mg+10mg"", ""li_item_id"": ""13569E_15314_34257_34258_45175"", ""determined_price"": 12.04}",,,normal,PBS listing was present in the previous schedule and is now absent.,2026-08-30 02:00:11.220906+00
4644,1983062564,2092-01-01,delisted,13569E_15314_34257_34258_56435,13569E,2100002999,Pharmacor Ezetimibe Rosuvastatin Composite Pack,"{""pbs_code"": ""13569E"", ""formulary"": ""F2"", ""brand_name"": ""Pharmacor Ezetimibe Rosuvastatin Composite Pack"", ""li_item_id"": ""13569E_15314_34257_34258_56435"", ""determined_price"": 12.04}",,,normal,PBS listing was present in the previous schedule and is now absent.,2026-08-30 02:00:11.220906+00
4645,1983062564,2092-01-01,delisted,13569E_15314_34257_34258_59714,13569E,2100002999,Ezetimibe - Rosuvastatin Sandoz 10 mg/10 mg,"{""pbs_code"": ""13569E"", ""formulary"": ""F2"", ""brand_name"": ""Ezetimibe - Rosuvastatin Sandoz 10 mg/10 mg"", ""li_item_id"": ""13569E_15314_34257_34258_59714"", ""determined_price"": 12.04}",,,normal,PBS listing was present in the previous schedule and is now absent.,2026-08-30 02:00:11.220906+00
4646,1983062564,2092-01-01,delisted,13629H_15312_34257_34269_34272,13629H,2100002999,Rosuzet Composite Pack,"{""pbs_code"": ""13629H"", ""formulary"": ""F2"", ""brand_name"": ""Rosuzet Composite Pack"", ""li_item_id"": ""13629H_15312_34257_34269_34272"", ""determined_price"": 10.75}",,,normal,PBS listing was present in the previous schedule and is now absent.,2026-08-30 02:00:11.220906+00
4647,1983062564,2092-01-01,delisted,13629H_15312_34257_34269_45178,13629H,2100002999,Ezalo Composite Pack 10mg+5mg,"{""pbs_code"": ""13629H"", ""formulary"": ""F2"", ""brand_name"": ""Ezalo Composite Pack 10mg+5mg"", ""li_item_id"": ""13629H_15312_34257_34269_45178"", ""determined_price"": 10.75}",,,normal,PBS listing was present in the previous schedule and is now absent.,2026-08-30 02:00:11.220906+00
4648,1983062564,2092-01-01,delisted,13629H_15312_34257_34269_59711,13629H,2100002999,Ezetimibe - Rosuvastatin Sandoz 10 mg/5 mg,"{""pbs_code"": ""13629H"", ""formulary"": ""F2"", ""brand_name"": ""Ezetimibe - Rosuvastatin Sandoz 10 mg/5 mg"", ""li_item_id"": ""13629H_15312_34257_34269_59711"", ""determined_price"": 10.75}",,,normal,PBS listing was present in the previous schedule and is now absent.,2026-08-30 02:00:11.220906+00
4649,1983062564,2092-01-01,delisted,10399H_10037_1189_5419_45576,10399H,2100003000,Hadlima,"{""pbs_code"": ""10399H"", ""formulary"": ""F2"", ""brand_name"": ""Hadlima"", ""li_item_id"": ""10399H_10037_1189_5419_45576"", ""determined_price"": 444.17}",,,normal,PBS listing was present in the previous schedule and is now absent.,2026-08-30 02:00:11.220906+00
4650,1983062564,2092-01-01,delisted,10399H_10037_1189_5419_45951,10399H,2100003000,Amgevita,"{""pbs_code"": ""10399H"", ""formulary"": ""F2"", ""brand_name"": ""Amgevita"", ""li_item_id"": ""10399H_10037_1189_5419_45951"", ""determined_price"": 444.17}",,,normal,PBS listing was present in the previous schedule and is now absent.,2026-08-30 02:00:11.220906+00
4651,1983062564,2092-01-01,delisted,10399H_10037_1189_5419_49269,10399H,2100003000,Hyrimoz,"{""pbs_code"": ""10399H"", ""formulary"": ""F2"", ""brand_name"": ""Hyrimoz"", ""li_item_id"": ""10399H_10037_1189_5419_49269"", ""determined_price"": 444.17}",,,normal,PBS listing was present in the previous schedule and is now absent.,2026-08-30 02:00:11.220906+00
4652,1983062564,2092-01-01,delisted,10400J_7270_1189_5417_49267,10400J,2100003000,Hyrimoz,"{""pbs_code"": ""10400J"", ""formulary"": ""F2"", ""brand_name"": ""Hyrimoz"", ""li_item_id"": ""10400J_7270_1189_5417_49267"", ""determined_price"": 444.17}",,,normal,PBS listing was present in the previous schedule and is now absent.,2026-08-30 02:00:11.220906+00
4653,1983062564,2092-01-01,delisted,10400J_7270_1189_5417_50918,10400J,2100003000,Hadlima,"{""pbs_code"": ""10400J"", ""formulary"": ""F2"", ""brand_name"": ""Hadlima"", ""li_item_id"": ""10400J_7270_1189_5417_50918"", ""determined_price"": 444.17}",,,normal,PBS listing was present in the previous schedule and is now absent.,2026-08-30 02:00:11.220906+00
4654,1983062564,2092-01-01,delisted,10400J_7270_1189_5417_51588,10400J,2100003000,Amgevita,"{""pbs_code"": ""10400J"", ""formulary"": ""F2"", ""brand_name"": ""Amgevita"", ""li_item_id"": ""10400J_7270_1189_5417_51588"", ""determined_price"": 444.17}",,,normal,PBS listing was present in the previous schedule and is now absent.,2026-08-30 02:00:11.220906+00
4655,1983062564,2092-01-01,delisted,10400J_7270_1189_5417_54286,10400J,2100003000,Abrilada,"{""pbs_code"": ""10400J"", ""formulary"": ""F2"", ""brand_name"": ""Abrilada"", ""li_item_id"": ""10400J_7270_1189_5417_54286"", ""determined_price"": 444.17}",,,normal,PBS listing was present in the previous schedule and is now absent.,2026-08-30 02:00:11.220906+00
4656,1983062564,2092-01-01,delisted,10412B_10037_1189_5419_45576,10412B,2100003000,Hadlima,"{""pbs_code"": ""10412B"", ""formulary"": ""F2"", ""brand_name"": ""Hadlima"", ""li_item_id"": ""10412B_10037_1189_5419_45576"", ""determined_price"": 444.17}",,,normal,PBS listing was present in the previous schedule and is now absent.,2026-08-30 02:00:11.220906+00
4657,1983062564,2092-01-01,delisted,10412B_10037_1189_5419_45951,10412B,2100003000,Amgevita,"{""pbs_code"": ""10412B"", ""formulary"": ""F2"", ""brand_name"": ""Amgevita"", ""li_item_id"": ""10412B_10037_1189_5419_45951"", ""determined_price"": 444.17}",,,normal,PBS listing was present in the previous schedule and is now absent.,2026-08-30 02:00:11.220906+00
4658,1983062564,2092-01-01,delisted,10412B_10037_1189_5419_49269,10412B,2100003000,Hyrimoz,"{""pbs_code"": ""10412B"", ""formulary"": ""F2"", ""brand_name"": ""Hyrimoz"", ""li_item_id"": ""10412B_10037_1189_5419_49269"", ""determined_price"": 444.17}",,,normal,PBS listing was present in the previous schedule and is now absent.,2026-08-30 02:00:11.220906+00
4659,1983062564,2092-01-01,delisted,10413C_7270_1189_5417_49267,10413C,2100003000,Hyrimoz,"{""pbs_code"": ""10413C"", ""formulary"": ""F2"", ""brand_name"": ""Hyrimoz"", ""li_item_id"": ""10413C_7270_1189_5417_49267"", ""determined_price"": 444.17}",,,normal,PBS listing was present in the previous schedule and is now absent.,2026-08-30 02:00:11.220906+00
4660,1983062564,2092-01-01,delisted,10413C_7270_1189_5417_50918,10413C,2100003000,Hadlima,"{""pbs_code"": ""10413C"", ""formulary"": ""F2"", ""brand_name"": ""Hadlima"", ""li_item_id"": ""10413C_7270_1189_5417_50918"", ""determined_price"": 444.17}",,,normal,PBS listing was present in the previous schedule and is now absent.,2026-08-30 02:00:11.220906+00
4661,1983062564,2092-01-01,delisted,10413C_7270_1189_5417_51588,10413C,2100003000,Amgevita,"{""pbs_code"": ""10413C"", ""formulary"": ""F2"", ""brand_name"": ""Amgevita"", ""li_item_id"": ""10413C_7270_1189_5417_51588"", ""determined_price"": 444.17}",,,normal,PBS listing was present in the previous schedule and is now absent.,2026-08-30 02:00:11.220906+00
4662,1983062564,2092-01-01,delisted,10413C_7270_1189_5417_54286,10413C,2100003000,Abrilada,"{""pbs_code"": ""10413C"", ""formulary"": ""F2"", ""brand_name"": ""Abrilada"", ""li_item_id"": ""10413C_7270_1189_5417_54286"", ""determined_price"": 444.17}",,,normal,PBS listing was present in the previous schedule and is now absent.,2026-08-30 02:00:11.220906+00
4663,1983062564,2092-01-01,delisted,10419J_10037_1189_5419_45576,10419J,2100003000,Hadlima,"{""pbs_code"": ""10419J"", ""formulary"": ""F2"", ""brand_name"": ""Hadlima"", ""li_item_id"": ""10419J_10037_1189_5419_45576"", ""determined_price"": 444.17}",,,normal,PBS listing was present in the previous schedule and is now absent.,2026-08-30 02:00:11.220906+00
4664,1983062564,2092-01-01,delisted,10419J_10037_1189_5419_45951,10419J,2100003000,Amgevita,"{""pbs_code"": ""10419J"", ""formulary"": ""F2"", ""brand_name"": ""Amgevita"", ""li_item_id"": ""10419J_10037_1189_5419_45951"", ""determined_price"": 444.17}",,,normal,PBS listing was present in the previous schedule and is now absent.,2026-08-30 02:00:11.220906+00
4665,1983062564,2092-01-01,delisted,10419J_10037_1189_5419_49269,10419J,2100003000,Hyrimoz,"{""pbs_code"": ""10419J"", ""formulary"": ""F2"", ""brand_name"": ""Hyrimoz"", ""li_item_id"": ""10419J_10037_1189_5419_49269"", ""determined_price"": 444.17}",,,normal,PBS listing was present in the previous schedule and is now absent.,2026-08-30 02:00:11.220906+00
4666,1983062564,2092-01-01,delisted,10420K_7270_1189_5417_49267,10420K,2100003000,Hyrimoz,"{""pbs_code"": ""10420K"", ""formulary"": ""F2"", ""brand_name"": ""Hyrimoz"", ""li_item_id"": ""10420K_7270_1189_5417_49267"", ""determined_price"": 444.17}",,,normal,PBS listing was present in the previous schedule and is now absent.,2026-08-30 02:00:11.220906+00
4667,1983062564,2092-01-01,delisted,10420K_7270_1189_5417_50918,10420K,2100003000,Hadlima,"{""pbs_code"": ""10420K"", ""formulary"": ""F2"", ""brand_name"": ""Hadlima"", ""li_item_id"": ""10420K_7270_1189_5417_50918"", ""determined_price"": 444.17}",,,normal,PBS listing was present in the previous schedule and is now absent.,2026-08-30 02:00:11.220906+00
4668,1983062564,2092-01-01,delisted,10420K_7270_1189_5417_51588,10420K,2100003000,Amgevita,"{""pbs_code"": ""10420K"", ""formulary"": ""F2"", ""brand_name"": ""Amgevita"", ""li_item_id"": ""10420K_7270_1189_5417_51588"", ""determined_price"": 444.17}",,,normal,PBS listing was present in the previous schedule and is now absent.,2026-08-30 02:00:11.220906+00
4669,1983062564,2092-01-01,delisted,10420K_7270_1189_5417_54286,10420K,2100003000,Abrilada,"{""pbs_code"": ""10420K"", ""formulary"": ""F2"", ""brand_name"": ""Abrilada"", ""li_item_id"": ""10420K_7270_1189_5417_54286"", ""determined_price"": 444.17}",,,normal,PBS listing was present in the previous schedule and is now absent.,2026-08-30 02:00:11.220906+00
4670,1983062564,2092-01-01,delisted,10944B_10037_1189_5419_45576,10944B,2100003000,Hadlima,"{""pbs_code"": ""10944B"", ""formulary"": ""F2"", ""brand_name"": ""Hadlima"", ""li_item_id"": ""10944B_10037_1189_5419_45576"", ""determined_price"": 444.17}",,,normal,PBS listing was present in the previous schedule and is now absent.,2026-08-30 02:00:11.220906+00
4671,1983062564,2092-01-01,delisted,10944B_10037_1189_5419_45951,10944B,2100003000,Amgevita,"{""pbs_code"": ""10944B"", ""formulary"": ""F2"", ""brand_name"": ""Amgevita"", ""li_item_id"": ""10944B_10037_1189_5419_45951"", ""determined_price"": 444.17}",,,normal,PBS listing was present in the previous schedule and is now absent.,2026-08-30 02:00:11.220906+00
4672,1983062564,2092-01-01,delisted,10944B_10037_1189_5419_49269,10944B,2100003000,Hyrimoz,"{""pbs_code"": ""10944B"", ""formulary"": ""F2"", ""brand_name"": ""Hyrimoz"", ""li_item_id"": ""10944B_10037_1189_5419_49269"", ""determined_price"": 444.17}",,,normal,PBS listing was present in the previous schedule and is now absent.,2026-08-30 02:00:11.220906+00
4673,1983062564,2092-01-01,delisted,10955N_7270_1189_5417_49267,10955N,2100003000,Hyrimoz,"{""pbs_code"": ""10955N"", ""formulary"": ""F2"", ""brand_name"": ""Hyrimoz"", ""li_item_id"": ""10955N_7270_1189_5417_49267"", ""determined_price"": 444.17}",,,normal,PBS listing was present in the previous schedule and is now absent.,2026-08-30 02:00:11.220906+00
4674,1983062564,2092-01-01,delisted,10955N_7270_1189_5417_50918,10955N,2100003000,Hadlima,"{""pbs_code"": ""10955N"", ""formulary"": ""F2"", ""brand_name"": ""Hadlima"", ""li_item_id"": ""10955N_7270_1189_5417_50918"", ""determined_price"": 444.17}",,,normal,PBS listing was present in the previous schedule and is now absent.,2026-08-30 02:00:11.220906+00
4675,1983062564,2092-01-01,delisted,10955N_7270_1189_5417_51588,10955N,2100003000,Amgevita,"{""pbs_code"": ""10955N"", ""formulary"": ""F2"", ""brand_name"": ""Amgevita"", ""li_item_id"": ""10955N_7270_1189_5417_51588"", ""determined_price"": 444.17}",,,normal,PBS listing was present in the previous schedule and is now absent.,2026-08-30 02:00:11.220906+00
4676,1983062564,2092-01-01,delisted,10955N_7270_1189_5417_54286,10955N,2100003000,Abrilada,"{""pbs_code"": ""10955N"", ""formulary"": ""F2"", ""brand_name"": ""Abrilada"", ""li_item_id"": ""10955N_7270_1189_5417_54286"", ""determined_price"": 444.17}",,,normal,PBS listing was present in the previous schedule and is now absent.,2026-08-30 02:00:11.220906+00
4677,1983062564,2092-01-01,delisted,10960W_10037_1189_5419_45576,10960W,2100003000,Hadlima,"{""pbs_code"": ""10960W"", ""formulary"": ""F2"", ""brand_name"": ""Hadlima"", ""li_item_id"": ""10960W_10037_1189_5419_45576"", ""determined_price"": 444.17}",,,normal,PBS listing was present in the previous schedule and is now absent.,2026-08-30 02:00:11.220906+00
4678,1983062564,2092-01-01,delisted,10960W_10037_1189_5419_45951,10960W,2100003000,Amgevita,"{""pbs_code"": ""10960W"", ""formulary"": ""F2"", ""brand_name"": ""Amgevita"", ""li_item_id"": ""10960W_10037_1189_5419_45951"", ""determined_price"": 444.17}",,,normal,PBS listing was present in the previous schedule and is now absent.,2026-08-30 02:00:11.220906+00
4679,1983062564,2092-01-01,delisted,10960W_10037_1189_5419_49269,10960W,2100003000,Hyrimoz,"{""pbs_code"": ""10960W"", ""formulary"": ""F2"", ""brand_name"": ""Hyrimoz"", ""li_item_id"": ""10960W_10037_1189_5419_49269"", ""determined_price"": 444.17}",,,normal,PBS listing was present in the previous schedule and is now absent.,2026-08-30 02:00:11.220906+00
4680,1983062564,2092-01-01,delisted,10961X_7270_1189_5417_49267,10961X,2100003000,Hyrimoz,"{""pbs_code"": ""10961X"", ""formulary"": ""F2"", ""brand_name"": ""Hyrimoz"", ""li_item_id"": ""10961X_7270_1189_5417_49267"", ""determined_price"": 444.17}",,,normal,PBS listing was present in the previous schedule and is now absent.,2026-08-30 02:00:11.220906+00
4681,1983062564,2092-01-01,delisted,10961X_7270_1189_5417_50918,10961X,2100003000,Hadlima,"{""pbs_code"": ""10961X"", ""formulary"": ""F2"", ""brand_name"": ""Hadlima"", ""li_item_id"": ""10961X_7270_1189_5417_50918"", ""determined_price"": 444.17}",,,normal,PBS listing was present in the previous schedule and is now absent.,2026-08-30 02:00:11.220906+00
4682,1983062564,2092-01-01,delisted,10961X_7270_1189_5417_51588,10961X,2100003000,Amgevita,"{""pbs_code"": ""10961X"", ""formulary"": ""F2"", ""brand_name"": ""Amgevita"", ""li_item_id"": ""10961X_7270_1189_5417_51588"", ""determined_price"": 444.17}",,,normal,PBS listing was present in the previous schedule and is now absent.,2026-08-30 02:00:11.220906+00
4683,1983062564,2092-01-01,delisted,10961X_7270_1189_5417_54286,10961X,2100003000,Abrilada,"{""pbs_code"": ""10961X"", ""formulary"": ""F2"", ""brand_name"": ""Abrilada"", ""li_item_id"": ""10961X_7270_1189_5417_54286"", ""determined_price"": 444.17}",,,normal,PBS listing was present in the previous schedule and is now absent.,2026-08-30 02:00:11.220906+00
4684,1983062564,2092-01-01,delisted,12325Q_10037_1189_5419_45576,12325Q,2100003000,Hadlima,"{""pbs_code"": ""12325Q"", ""formulary"": ""F2"", ""brand_name"": ""Hadlima"", ""li_item_id"": ""12325Q_10037_1189_5419_45576"", ""determined_price"": 444.17}",,,normal,PBS listing was present in the previous schedule and is now absent.,2026-08-30 02:00:11.220906+00
4685,1983062564,2092-01-01,delisted,12325Q_10037_1189_5419_45951,12325Q,2100003000,Amgevita,"{""pbs_code"": ""12325Q"", ""formulary"": ""F2"", ""brand_name"": ""Amgevita"", ""li_item_id"": ""12325Q_10037_1189_5419_45951"", ""determined_price"": 444.17}",,,normal,PBS listing was present in the previous schedule and is now absent.,2026-08-30 02:00:11.220906+00
4686,1983062564,2092-01-01,delisted,12325Q_10037_1189_5419_49269,12325Q,2100003000,Hyrimoz,"{""pbs_code"": ""12325Q"", ""formulary"": ""F2"", ""brand_name"": ""Hyrimoz"", ""li_item_id"": ""12325Q_10037_1189_5419_49269"", ""determined_price"": 444.17}",,,normal,PBS listing was present in the previous schedule and is now absent.,2026-08-30 02:00:11.220906+00
4687,1983062564,2092-01-01,delisted,12326R_10037_1189_5419_45576,12326R,2100003000,Hadlima,"{""pbs_code"": ""12326R"", ""formulary"": ""F2"", ""brand_name"": ""Hadlima"", ""li_item_id"": ""12326R_10037_1189_5419_45576"", ""determined_price"": 444.17}",,,normal,PBS listing was present in the previous schedule and is now absent.,2026-08-30 02:00:11.220906+00
4688,1983062564,2092-01-01,delisted,12326R_10037_1189_5419_45951,12326R,2100003000,Amgevita,"{""pbs_code"": ""12326R"", ""formulary"": ""F2"", ""brand_name"": ""Amgevita"", ""li_item_id"": ""12326R_10037_1189_5419_45951"", ""determined_price"": 444.17}",,,normal,PBS listing was present in the previous schedule and is now absent.,2026-08-30 02:00:11.220906+00
4689,1983062564,2092-01-01,delisted,12326R_10037_1189_5419_49269,12326R,2100003000,Hyrimoz,"{""pbs_code"": ""12326R"", ""formulary"": ""F2"", ""brand_name"": ""Hyrimoz"", ""li_item_id"": ""12326R_10037_1189_5419_49269"", ""determined_price"": 444.17}",,,normal,PBS listing was present in the previous schedule and is now absent.,2026-08-30 02:00:11.220906+00
4690,1983062564,2092-01-01,delisted,12327T_10037_1189_5419_45576,12327T,2100003000,Hadlima,"{""pbs_code"": ""12327T"", ""formulary"": ""F2"", ""brand_name"": ""Hadlima"", ""li_item_id"": ""12327T_10037_1189_5419_45576"", ""determined_price"": 444.17}",,,normal,PBS listing was present in the previous schedule and is now absent.,2026-08-30 02:00:11.220906+00
4691,1983062564,2092-01-01,delisted,12327T_10037_1189_5419_45951,12327T,2100003000,Amgevita,"{""pbs_code"": ""12327T"", ""formulary"": ""F2"", ""brand_name"": ""Amgevita"", ""li_item_id"": ""12327T_10037_1189_5419_45951"", ""determined_price"": 444.17}",,,normal,PBS listing was present in the previous schedule and is now absent.,2026-08-30 02:00:11.220906+00
4692,1983062564,2092-01-01,delisted,12327T_10037_1189_5419_49269,12327T,2100003000,Hyrimoz,"{""pbs_code"": ""12327T"", ""formulary"": ""F2"", ""brand_name"": ""Hyrimoz"", ""li_item_id"": ""12327T_10037_1189_5419_49269"", ""determined_price"": 444.17}",,,normal,PBS listing was present in the previous schedule and is now absent.,2026-08-30 02:00:11.220906+00
4693,1983062564,2092-01-01,delisted,12328W_7270_1189_5417_49267,12328W,2100003000,Hyrimoz,"{""pbs_code"": ""12328W"", ""formulary"": ""F2"", ""brand_name"": ""Hyrimoz"", ""li_item_id"": ""12328W_7270_1189_5417_49267"", ""determined_price"": 444.17}",,,normal,PBS listing was present in the previous schedule and is now absent.,2026-08-30 02:00:11.220906+00
4694,1983062564,2092-01-01,delisted,12328W_7270_1189_5417_50918,12328W,2100003000,Hadlima,"{""pbs_code"": ""12328W"", ""formulary"": ""F2"", ""brand_name"": ""Hadlima"", ""li_item_id"": ""12328W_7270_1189_5417_50918"", ""determined_price"": 444.17}",,,normal,PBS listing was present in the previous schedule and is now absent.,2026-08-30 02:00:11.220906+00
4695,1983062564,2092-01-01,delisted,12328W_7270_1189_5417_51588,12328W,2100003000,Amgevita,"{""pbs_code"": ""12328W"", ""formulary"": ""F2"", ""brand_name"": ""Amgevita"", ""li_item_id"": ""12328W_7270_1189_5417_51588"", ""determined_price"": 444.17}",,,normal,PBS listing was present in the previous schedule and is now absent.,2026-08-30 02:00:11.220906+00
4696,1983062564,2092-01-01,delisted,12328W_7270_1189_5417_54286,12328W,2100003000,Abrilada,"{""pbs_code"": ""12328W"", ""formulary"": ""F2"", ""brand_name"": ""Abrilada"", ""li_item_id"": ""12328W_7270_1189_5417_54286"", ""determined_price"": 444.17}",,,normal,PBS listing was present in the previous schedule and is now absent.,2026-08-30 02:00:11.220906+00
4697,1983062564,2092-01-01,delisted,12329X_7270_1189_5417_49267,12329X,2100003000,Hyrimoz,"{""pbs_code"": ""12329X"", ""formulary"": ""F2"", ""brand_name"": ""Hyrimoz"", ""li_item_id"": ""12329X_7270_1189_5417_49267"", ""determined_price"": 444.17}",,,normal,PBS listing was present in the previous schedule and is now absent.,2026-08-30 02:00:11.220906+00
4698,1983062564,2092-01-01,delisted,12329X_7270_1189_5417_50918,12329X,2100003000,Hadlima,"{""pbs_code"": ""12329X"", ""formulary"": ""F2"", ""brand_name"": ""Hadlima"", ""li_item_id"": ""12329X_7270_1189_5417_50918"", ""determined_price"": 444.17}",,,normal,PBS listing was present in the previous schedule and is now absent.,2026-08-30 02:00:11.220906+00
4699,1983062564,2092-01-01,delisted,12329X_7270_1189_5417_51588,12329X,2100003000,Amgevita,"{""pbs_code"": ""12329X"", ""formulary"": ""F2"", ""brand_name"": ""Amgevita"", ""li_item_id"": ""12329X_7270_1189_5417_51588"", ""determined_price"": 444.17}",,,normal,PBS listing was present in the previous schedule and is now absent.,2026-08-30 02:00:11.220906+00
4700,1983062564,2092-01-01,delisted,12329X_7270_1189_5417_54286,12329X,2100003000,Abrilada,"{""pbs_code"": ""12329X"", ""formulary"": ""F2"", ""brand_name"": ""Abrilada"", ""li_item_id"": ""12329X_7270_1189_5417_54286"", ""determined_price"": 444.17}",,,normal,PBS listing was present in the previous schedule and is now absent.,2026-08-30 02:00:11.220906+00
4701,1983062564,2092-01-01,delisted,12330Y_7270_1189_5417_49267,12330Y,2100003000,Hyrimoz,"{""pbs_code"": ""12330Y"", ""formulary"": ""F2"", ""brand_name"": ""Hyrimoz"", ""li_item_id"": ""12330Y_7270_1189_5417_49267"", ""determined_price"": 444.17}",,,normal,PBS listing was present in the previous schedule and is now absent.,2026-08-30 02:00:11.220906+00
4702,1983062564,2092-01-01,delisted,12330Y_7270_1189_5417_50918,12330Y,2100003000,Hadlima,"{""pbs_code"": ""12330Y"", ""formulary"": ""F2"", ""brand_name"": ""Hadlima"", ""li_item_id"": ""12330Y_7270_1189_5417_50918"", ""determined_price"": 444.17}",,,normal,PBS listing was present in the previous schedule and is now absent.,2026-08-30 02:00:11.220906+00
4703,1983062564,2092-01-01,delisted,12330Y_7270_1189_5417_51588,12330Y,2100003000,Amgevita,"{""pbs_code"": ""12330Y"", ""formulary"": ""F2"", ""brand_name"": ""Amgevita"", ""li_item_id"": ""12330Y_7270_1189_5417_51588"", ""determined_price"": 444.17}",,,normal,PBS listing was present in the previous schedule and is now absent.,2026-08-30 02:00:11.220906+00
4704,1983062564,2092-01-01,delisted,12330Y_7270_1189_5417_54286,12330Y,2100003000,Abrilada,"{""pbs_code"": ""12330Y"", ""formulary"": ""F2"", ""brand_name"": ""Abrilada"", ""li_item_id"": ""12330Y_7270_1189_5417_54286"", ""determined_price"": 444.17}",,,normal,PBS listing was present in the previous schedule and is now absent.,2026-08-30 02:00:11.220906+00
4705,1983062564,2092-01-01,delisted,12331B_10037_1189_5419_45576,12331B,2100003000,Hadlima,"{""pbs_code"": ""12331B"", ""formulary"": ""F2"", ""brand_name"": ""Hadlima"", ""li_item_id"": ""12331B_10037_1189_5419_45576"", ""determined_price"": 444.17}",,,normal,PBS listing was present in the previous schedule and is now absent.,2026-08-30 02:00:11.220906+00
4706,1983062564,2092-01-01,delisted,12331B_10037_1189_5419_45951,12331B,2100003000,Amgevita,"{""pbs_code"": ""12331B"", ""formulary"": ""F2"", ""brand_name"": ""Amgevita"", ""li_item_id"": ""12331B_10037_1189_5419_45951"", ""determined_price"": 444.17}",,,normal,PBS listing was present in the previous schedule and is now absent.,2026-08-30 02:00:11.220906+00
4707,1983062564,2092-01-01,delisted,12331B_10037_1189_5419_49269,12331B,2100003000,Hyrimoz,"{""pbs_code"": ""12331B"", ""formulary"": ""F2"", ""brand_name"": ""Hyrimoz"", ""li_item_id"": ""12331B_10037_1189_5419_49269"", ""determined_price"": 444.17}",,,normal,PBS listing was present in the previous schedule and is now absent.,2026-08-30 02:00:11.220906+00
4708,1983062564,2092-01-01,delisted,12332C_7444_1189_51604_51606,12332C,2100003000,Amgevita,"{""pbs_code"": ""12332C"", ""formulary"": ""F2"", ""brand_name"": ""Amgevita"", ""li_item_id"": ""12332C_7444_1189_51604_51606"", ""determined_price"": 272.84}",,,normal,PBS listing was present in the previous schedule and is now absent.,2026-08-30 02:00:11.220906+00
4709,1983062564,2092-01-01,delisted,12333D_10037_1189_5419_45576,12333D,2100003000,Hadlima,"{""pbs_code"": ""12333D"", ""formulary"": ""F2"", ""brand_name"": ""Hadlima"", ""li_item_id"": ""12333D_10037_1189_5419_45576"", ""determined_price"": 444.17}",,,normal,PBS listing was present in the previous schedule and is now absent.,2026-08-30 02:00:11.220906+00
4710,1983062564,2092-01-01,delisted,12333D_10037_1189_5419_45951,12333D,2100003000,Amgevita,"{""pbs_code"": ""12333D"", ""formulary"": ""F2"", ""brand_name"": ""Amgevita"", ""li_item_id"": ""12333D_10037_1189_5419_45951"", ""determined_price"": 444.17}",,,normal,PBS listing was present in the previous schedule and is now absent.,2026-08-30 02:00:11.220906+00
4711,1983062564,2092-01-01,delisted,12333D_10037_1189_5419_49269,12333D,2100003000,Hyrimoz,"{""pbs_code"": ""12333D"", ""formulary"": ""F2"", ""brand_name"": ""Hyrimoz"", ""li_item_id"": ""12333D_10037_1189_5419_49269"", ""determined_price"": 444.17}",,,normal,PBS listing was present in the previous schedule and is now absent.,2026-08-30 02:00:11.220906+00
4712,1983062564,2092-01-01,delisted,12334E_7270_1189_5417_49267,12334E,2100003000,Hyrimoz,"{""pbs_code"": ""12334E"", ""formulary"": ""F2"", ""brand_name"": ""Hyrimoz"", ""li_item_id"": ""12334E_7270_1189_5417_49267"", ""determined_price"": 444.17}",,,normal,PBS listing was present in the previous schedule and is now absent.,2026-08-30 02:00:11.220906+00
4713,1983062564,2092-01-01,delisted,12334E_7270_1189_5417_50918,12334E,2100003000,Hadlima,"{""pbs_code"": ""12334E"", ""formulary"": ""F2"", ""brand_name"": ""Hadlima"", ""li_item_id"": ""12334E_7270_1189_5417_50918"", ""determined_price"": 444.17}",,,normal,PBS listing was present in the previous schedule and is now absent.,2026-08-30 02:00:11.220906+00
4714,1983062564,2092-01-01,delisted,12334E_7270_1189_5417_51588,12334E,2100003000,Amgevita,"{""pbs_code"": ""12334E"", ""formulary"": ""F2"", ""brand_name"": ""Amgevita"", ""li_item_id"": ""12334E_7270_1189_5417_51588"", ""determined_price"": 444.17}",,,normal,PBS listing was present in the previous schedule and is now absent.,2026-08-30 02:00:11.220906+00
4715,1983062564,2092-01-01,delisted,12334E_7270_1189_5417_54286,12334E,2100003000,Abrilada,"{""pbs_code"": ""12334E"", ""formulary"": ""F2"", ""brand_name"": ""Abrilada"", ""li_item_id"": ""12334E_7270_1189_5417_54286"", ""determined_price"": 444.17}",,,normal,PBS listing was present in the previous schedule and is now absent.,2026-08-30 02:00:11.220906+00
4716,1983062564,2092-01-01,delisted,12335F_21832_1189_43971_43973,12335F,2100003000,Humira,"{""pbs_code"": ""12335F"", ""formulary"": ""F2"", ""brand_name"": ""Humira"", ""li_item_id"": ""12335F_21832_1189_43971_43973"", ""determined_price"": 444.17}",,,normal,PBS listing was present in the previous schedule and is now absent.,2026-08-30 02:00:11.220906+00
4717,1983062564,2092-01-01,delisted,12335F_21832_1189_43971_55426,12335F,2100003000,Yuflyma,"{""pbs_code"": ""12335F"", ""formulary"": ""F2"", ""brand_name"": ""Yuflyma"", ""li_item_id"": ""12335F_21832_1189_43971_55426"", ""determined_price"": 444.17}",,,normal,PBS listing was present in the previous schedule and is now absent.,2026-08-30 02:00:11.220906+00
4718,1983062564,2092-01-01,delisted,12335F_21832_1189_43971_59132,12335F,2100003000,Hadlima,"{""pbs_code"": ""12335F"", ""formulary"": ""F2"", ""brand_name"": ""Hadlima"", ""li_item_id"": ""12335F_21832_1189_43971_59132"", ""determined_price"": 444.17}",,,normal,PBS listing was present in the previous schedule and is now absent.,2026-08-30 02:00:11.220906+00
4719,1983062564,2092-01-01,delisted,12335F_21832_1189_43971_59529,12335F,2100003000,Hyrimoz,"{""pbs_code"": ""12335F"", ""formulary"": ""F2"", ""brand_name"": ""Hyrimoz"", ""li_item_id"": ""12335F_21832_1189_43971_59529"", ""determined_price"": 444.17}",,,normal,PBS listing was present in the previous schedule and is now absent.,2026-08-30 02:00:11.220906+00
4720,1983062564,2092-01-01,delisted,12337H_22501_1189_45820_45824,12337H,2100003000,Humira,"{""pbs_code"": ""12337H"", ""formulary"": ""F2"", ""brand_name"": ""Humira"", ""li_item_id"": ""12337H_22501_1189_45820_45824"", ""determined_price"": 567.42}",,,normal,PBS listing was present in the previous schedule and is now absent.,2026-08-30 02:00:11.220906+00
4721,1983062564,2092-01-01,delisted,12338J_21831_1189_43963_43965,12338J,2100003000,Humira,"{""pbs_code"": ""12338J"", ""formulary"": ""F2"", ""brand_name"": ""Humira"", ""li_item_id"": ""12338J_21831_1189_43963_43965"", ""determined_price"": 444.17}",,,normal,PBS listing was present in the previous schedule and is now absent.,2026-08-30 02:00:11.220906+00
4722,1983062564,2092-01-01,delisted,12338J_21831_1189_43963_55425,12338J,2100003000,Yuflyma,"{""pbs_code"": ""12338J"", ""formulary"": ""F2"", ""brand_name"": ""Yuflyma"", ""li_item_id"": ""12338J_21831_1189_43963_55425"", ""determined_price"": 444.17}",,,normal,PBS listing was present in the previous schedule and is now absent.,2026-08-30 02:00:11.220906+00
4723,1983062564,2092-01-01,delisted,12338J_21831_1189_43963_59133,12338J,2100003000,Hadlima,"{""pbs_code"": ""12338J"", ""formulary"": ""F2"", ""brand_name"": ""Hadlima"", ""li_item_id"": ""12338J_21831_1189_43963_59133"", ""determined_price"": 444.17}",,,normal,PBS listing was present in the previous schedule and is now absent.,2026-08-30 02:00:11.220906+00
4724,1983062564,2092-01-01,delisted,12338J_21831_1189_43963_59530,12338J,2100003000,Hyrimoz,"{""pbs_code"": ""12338J"", ""formulary"": ""F2"", ""brand_name"": ""Hyrimoz"", ""li_item_id"": ""12338J_21831_1189_43963_59530"", ""determined_price"": 444.17}",,,normal,PBS listing was present in the previous schedule and is now absent.,2026-08-30 02:00:11.220906+00
4725,1983062564,2092-01-01,delisted,12339K_22503_1189_45830_45834,12339K,2100003000,Humira,"{""pbs_code"": ""12339K"", ""formulary"": ""F2"", ""brand_name"": ""Humira"", ""li_item_id"": ""12339K_22503_1189_45830_45834"", ""determined_price"": 618.9}",,,normal,PBS listing was present in the previous schedule and is now absent.,2026-08-30 02:00:11.220906+00
4726,1983062564,2092-01-01,delisted,12339K_22503_1189_45830_59141,12339K,2100003000,Yuflyma,"{""pbs_code"": ""12339K"", ""formulary"": ""F2"", ""brand_name"": ""Yuflyma"", ""li_item_id"": ""12339K_22503_1189_45830_59141"", ""determined_price"": 618.9}",,,normal,PBS listing was present in the previous schedule and is now absent.,2026-08-30 02:00:11.220906+00
4727,1983062564,2092-01-01,delisted,12340L_21832_1189_43971_43973,12340L,2100003000,Humira,"{""pbs_code"": ""12340L"", ""formulary"": ""F2"", ""brand_name"": ""Humira"", ""li_item_id"": ""12340L_21832_1189_43971_43973"", ""determined_price"": 444.17}",,,normal,PBS listing was present in the previous schedule and is now absent.,2026-08-30 02:00:11.220906+00
4728,1983062564,2092-01-01,delisted,12340L_21832_1189_43971_55426,12340L,2100003000,Yuflyma,"{""pbs_code"": ""12340L"", ""formulary"": ""F2"", ""brand_name"": ""Yuflyma"", ""li_item_id"": ""12340L_21832_1189_43971_55426"", ""determined_price"": 444.17}",,,normal,PBS listing was present in the previous schedule and is now absent.,2026-08-30 02:00:11.220906+00
4729,1983062564,2092-01-01,delisted,12340L_21832_1189_43971_59132,12340L,2100003000,Hadlima,"{""pbs_code"": ""12340L"", ""formulary"": ""F2"", ""brand_name"": ""Hadlima"", ""li_item_id"": ""12340L_21832_1189_43971_59132"", ""determined_price"": 444.17}",,,normal,PBS listing was present in the previous schedule and is now absent.,2026-08-30 02:00:11.220906+00
4730,1983062564,2092-01-01,delisted,12340L_21832_1189_43971_59529,12340L,2100003000,Hyrimoz,"{""pbs_code"": ""12340L"", ""formulary"": ""F2"", ""brand_name"": ""Hyrimoz"", ""li_item_id"": ""12340L_21832_1189_43971_59529"", ""determined_price"": 444.17}",,,normal,PBS listing was present in the previous schedule and is now absent.,2026-08-30 02:00:11.220906+00
4731,1983062564,2092-01-01,delisted,12341M_21832_1189_43971_43973,12341M,2100003000,Humira,"{""pbs_code"": ""12341M"", ""formulary"": ""F2"", ""brand_name"": ""Humira"", ""li_item_id"": ""12341M_21832_1189_43971_43973"", ""determined_price"": 444.17}",,,normal,PBS listing was present in the previous schedule and is now absent.,2026-08-30 02:00:11.220906+00
4732,1983062564,2092-01-01,delisted,12341M_21832_1189_43971_55426,12341M,2100003000,Yuflyma,"{""pbs_code"": ""12341M"", ""formulary"": ""F2"", ""brand_name"": ""Yuflyma"", ""li_item_id"": ""12341M_21832_1189_43971_55426"", ""determined_price"": 444.17}",,,normal,PBS listing was present in the previous schedule and is now absent.,2026-08-30 02:00:11.220906+00
4733,1983062564,2092-01-01,delisted,12341M_21832_1189_43971_59132,12341M,2100003000,Hadlima,"{""pbs_code"": ""12341M"", ""formulary"": ""F2"", ""brand_name"": ""Hadlima"", ""li_item_id"": ""12341M_21832_1189_43971_59132"", ""determined_price"": 444.17}",,,normal,PBS listing was present in the previous schedule and is now absent.,2026-08-30 02:00:11.220906+00
4734,1983062564,2092-01-01,delisted,12341M_21832_1189_43971_59529,12341M,2100003000,Hyrimoz,"{""pbs_code"": ""12341M"", ""formulary"": ""F2"", ""brand_name"": ""Hyrimoz"", ""li_item_id"": ""12341M_21832_1189_43971_59529"", ""determined_price"": 444.17}",,,normal,PBS listing was present in the previous schedule and is now absent.,2026-08-30 02:00:11.220906+00
4735,1983062564,2092-01-01,delisted,12342N_21832_1189_43971_43973,12342N,2100003000,Humira,"{""pbs_code"": ""12342N"", ""formulary"": ""F2"", ""brand_name"": ""Humira"", ""li_item_id"": ""12342N_21832_1189_43971_43973"", ""determined_price"": 444.17}",,,normal,PBS listing was present in the previous schedule and is now absent.,2026-08-30 02:00:11.220906+00
4736,1983062564,2092-01-01,delisted,12342N_21832_1189_43971_55426,12342N,2100003000,Yuflyma,"{""pbs_code"": ""12342N"", ""formulary"": ""F2"", ""brand_name"": ""Yuflyma"", ""li_item_id"": ""12342N_21832_1189_43971_55426"", ""determined_price"": 444.17}",,,normal,PBS listing was present in the previous schedule and is now absent.,2026-08-30 02:00:11.220906+00
4737,1983062564,2092-01-01,delisted,12342N_21832_1189_43971_59132,12342N,2100003000,Hadlima,"{""pbs_code"": ""12342N"", ""formulary"": ""F2"", ""brand_name"": ""Hadlima"", ""li_item_id"": ""12342N_21832_1189_43971_59132"", ""determined_price"": 444.17}",,,normal,PBS listing was present in the previous schedule and is now absent.,2026-08-30 02:00:11.220906+00
4738,1983062564,2092-01-01,delisted,12342N_21832_1189_43971_59529,12342N,2100003000,Hyrimoz,"{""pbs_code"": ""12342N"", ""formulary"": ""F2"", ""brand_name"": ""Hyrimoz"", ""li_item_id"": ""12342N_21832_1189_43971_59529"", ""determined_price"": 444.17}",,,normal,PBS listing was present in the previous schedule and is now absent.,2026-08-30 02:00:11.220906+00
4739,1983062564,2092-01-01,delisted,12345R_21832_1189_43971_43973,12345R,2100003000,Humira,"{""pbs_code"": ""12345R"", ""formulary"": ""F2"", ""brand_name"": ""Humira"", ""li_item_id"": ""12345R_21832_1189_43971_43973"", ""determined_price"": 444.17}",,,normal,PBS listing was present in the previous schedule and is now absent.,2026-08-30 02:00:11.220906+00
4740,1983062564,2092-01-01,delisted,12345R_21832_1189_43971_55426,12345R,2100003000,Yuflyma,"{""pbs_code"": ""12345R"", ""formulary"": ""F2"", ""brand_name"": ""Yuflyma"", ""li_item_id"": ""12345R_21832_1189_43971_55426"", ""determined_price"": 444.17}",,,normal,PBS listing was present in the previous schedule and is now absent.,2026-08-30 02:00:11.220906+00
4741,1983062564,2092-01-01,delisted,12345R_21832_1189_43971_59132,12345R,2100003000,Hadlima,"{""pbs_code"": ""12345R"", ""formulary"": ""F2"", ""brand_name"": ""Hadlima"", ""li_item_id"": ""12345R_21832_1189_43971_59132"", ""determined_price"": 444.17}",,,normal,PBS listing was present in the previous schedule and is now absent.,2026-08-30 02:00:11.220906+00
4742,1983062564,2092-01-01,delisted,12345R_21832_1189_43971_59529,12345R,2100003000,Hyrimoz,"{""pbs_code"": ""12345R"", ""formulary"": ""F2"", ""brand_name"": ""Hyrimoz"", ""li_item_id"": ""12345R_21832_1189_43971_59529"", ""determined_price"": 444.17}",,,normal,PBS listing was present in the previous schedule and is now absent.,2026-08-30 02:00:11.220906+00
4743,1983062564,2092-01-01,delisted,12347W_21832_1189_43971_43973,12347W,2100003000,Humira,"{""pbs_code"": ""12347W"", ""formulary"": ""F2"", ""brand_name"": ""Humira"", ""li_item_id"": ""12347W_21832_1189_43971_43973"", ""determined_price"": 444.17}",,,normal,PBS listing was present in the previous schedule and is now absent.,2026-08-30 02:00:11.220906+00
4744,1983062564,2092-01-01,delisted,12347W_21832_1189_43971_55426,12347W,2100003000,Yuflyma,"{""pbs_code"": ""12347W"", ""formulary"": ""F2"", ""brand_name"": ""Yuflyma"", ""li_item_id"": ""12347W_21832_1189_43971_55426"", ""determined_price"": 444.17}",,,normal,PBS listing was present in the previous schedule and is now absent.,2026-08-30 02:00:11.220906+00
4745,1983062564,2092-01-01,delisted,12347W_21832_1189_43971_59132,12347W,2100003000,Hadlima,"{""pbs_code"": ""12347W"", ""formulary"": ""F2"", ""brand_name"": ""Hadlima"", ""li_item_id"": ""12347W_21832_1189_43971_59132"", ""determined_price"": 444.17}",,,normal,PBS listing was present in the previous schedule and is now absent.,2026-08-30 02:00:11.220906+00
4746,1983062564,2092-01-01,delisted,12347W_21832_1189_43971_59529,12347W,2100003000,Hyrimoz,"{""pbs_code"": ""12347W"", ""formulary"": ""F2"", ""brand_name"": ""Hyrimoz"", ""li_item_id"": ""12347W_21832_1189_43971_59529"", ""determined_price"": 444.17}",,,normal,PBS listing was present in the previous schedule and is now absent.,2026-08-30 02:00:11.220906+00
4747,1983062564,2092-01-01,delisted,12348X_10037_1189_5419_45576,12348X,2100003000,Hadlima,"{""pbs_code"": ""12348X"", ""formulary"": ""F2"", ""brand_name"": ""Hadlima"", ""li_item_id"": ""12348X_10037_1189_5419_45576"", ""determined_price"": 444.17}",,,normal,PBS listing was present in the previous schedule and is now absent.,2026-08-30 02:00:11.220906+00
4748,1983062564,2092-01-01,delisted,12348X_10037_1189_5419_45951,12348X,2100003000,Amgevita,"{""pbs_code"": ""12348X"", ""formulary"": ""F2"", ""brand_name"": ""Amgevita"", ""li_item_id"": ""12348X_10037_1189_5419_45951"", ""determined_price"": 444.17}",,,normal,PBS listing was present in the previous schedule and is now absent.,2026-08-30 02:00:11.220906+00
4749,1983062564,2092-01-01,delisted,12348X_10037_1189_5419_49269,12348X,2100003000,Hyrimoz,"{""pbs_code"": ""12348X"", ""formulary"": ""F2"", ""brand_name"": ""Hyrimoz"", ""li_item_id"": ""12348X_10037_1189_5419_49269"", ""determined_price"": 444.17}",,,normal,PBS listing was present in the previous schedule and is now absent.,2026-08-30 02:00:11.220906+00
4750,1983062564,2092-01-01,delisted,12349Y_7444_1189_51604_51606,12349Y,2100003000,Amgevita,"{""pbs_code"": ""12349Y"", ""formulary"": ""F2"", ""brand_name"": ""Amgevita"", ""li_item_id"": ""12349Y_7444_1189_51604_51606"", ""determined_price"": 272.84}",,,normal,PBS listing was present in the previous schedule and is now absent.,2026-08-30 02:00:11.220906+00
4751,1983062564,2092-01-01,delisted,12350B_7444_1189_51604_51606,12350B,2100003000,Amgevita,"{""pbs_code"": ""12350B"", ""formulary"": ""F2"", ""brand_name"": ""Amgevita"", ""li_item_id"": ""12350B_7444_1189_51604_51606"", ""determined_price"": 272.84}",,,normal,PBS listing was present in the previous schedule and is now absent.,2026-08-30 02:00:11.220906+00
4752,1983062564,2092-01-01,delisted,12351C_7444_1189_51604_51606,12351C,2100003000,Amgevita,"{""pbs_code"": ""12351C"", ""formulary"": ""F2"", ""brand_name"": ""Amgevita"", ""li_item_id"": ""12351C_7444_1189_51604_51606"", ""determined_price"": 272.84}",,,normal,PBS listing was present in the previous schedule and is now absent.,2026-08-30 02:00:11.220906+00
4753,1983062564,2092-01-01,delisted,12352D_7270_1189_5417_49267,12352D,2100003000,Hyrimoz,"{""pbs_code"": ""12352D"", ""formulary"": ""F2"", ""brand_name"": ""Hyrimoz"", ""li_item_id"": ""12352D_7270_1189_5417_49267"", ""determined_price"": 444.17}",,,normal,PBS listing was present in the previous schedule and is now absent.,2026-08-30 02:00:11.220906+00
4754,1983062564,2092-01-01,delisted,12352D_7270_1189_5417_50918,12352D,2100003000,Hadlima,"{""pbs_code"": ""12352D"", ""formulary"": ""F2"", ""brand_name"": ""Hadlima"", ""li_item_id"": ""12352D_7270_1189_5417_50918"", ""determined_price"": 444.17}",,,normal,PBS listing was present in the previous schedule and is now absent.,2026-08-30 02:00:11.220906+00
4755,1983062564,2092-01-01,delisted,12352D_7270_1189_5417_51588,12352D,2100003000,Amgevita,"{""pbs_code"": ""12352D"", ""formulary"": ""F2"", ""brand_name"": ""Amgevita"", ""li_item_id"": ""12352D_7270_1189_5417_51588"", ""determined_price"": 444.17}",,,normal,PBS listing was present in the previous schedule and is now absent.,2026-08-30 02:00:11.220906+00
4756,1983062564,2092-01-01,delisted,12352D_7270_1189_5417_54286,12352D,2100003000,Abrilada,"{""pbs_code"": ""12352D"", ""formulary"": ""F2"", ""brand_name"": ""Abrilada"", ""li_item_id"": ""12352D_7270_1189_5417_54286"", ""determined_price"": 444.17}",,,normal,PBS listing was present in the previous schedule and is now absent.,2026-08-30 02:00:11.220906+00
4757,1983062564,2092-01-01,delisted,12353E_7270_1189_5417_49267,12353E,2100003000,Hyrimoz,"{""pbs_code"": ""12353E"", ""formulary"": ""F2"", ""brand_name"": ""Hyrimoz"", ""li_item_id"": ""12353E_7270_1189_5417_49267"", ""determined_price"": 444.17}",,,normal,PBS listing was present in the previous schedule and is now absent.,2026-08-30 02:00:11.220906+00
4758,1983062564,2092-01-01,delisted,12353E_7270_1189_5417_50918,12353E,2100003000,Hadlima,"{""pbs_code"": ""12353E"", ""formulary"": ""F2"", ""brand_name"": ""Hadlima"", ""li_item_id"": ""12353E_7270_1189_5417_50918"", ""determined_price"": 444.17}",,,normal,PBS listing was present in the previous schedule and is now absent.,2026-08-30 02:00:11.220906+00
4759,1983062564,2092-01-01,delisted,12353E_7270_1189_5417_51588,12353E,2100003000,Amgevita,"{""pbs_code"": ""12353E"", ""formulary"": ""F2"", ""brand_name"": ""Amgevita"", ""li_item_id"": ""12353E_7270_1189_5417_51588"", ""determined_price"": 444.17}",,,normal,PBS listing was present in the previous schedule and is now absent.,2026-08-30 02:00:11.220906+00
4760,1983062564,2092-01-01,delisted,12353E_7270_1189_5417_54286,12353E,2100003000,Abrilada,"{""pbs_code"": ""12353E"", ""formulary"": ""F2"", ""brand_name"": ""Abrilada"", ""li_item_id"": ""12353E_7270_1189_5417_54286"", ""determined_price"": 444.17}",,,normal,PBS listing was present in the previous schedule and is now absent.,2026-08-30 02:00:11.220906+00
4761,1983062564,2092-01-01,delisted,12354F_7444_1189_51604_51606,12354F,2100003000,Amgevita,"{""pbs_code"": ""12354F"", ""formulary"": ""F2"", ""brand_name"": ""Amgevita"", ""li_item_id"": ""12354F_7444_1189_51604_51606"", ""determined_price"": 272.84}",,,normal,PBS listing was present in the previous schedule and is now absent.,2026-08-30 02:00:11.220906+00
4762,1983062564,2092-01-01,delisted,12355G_7270_1189_5417_49267,12355G,2100003000,Hyrimoz,"{""pbs_code"": ""12355G"", ""formulary"": ""F2"", ""brand_name"": ""Hyrimoz"", ""li_item_id"": ""12355G_7270_1189_5417_49267"", ""determined_price"": 444.17}",,,normal,PBS listing was present in the previous schedule and is now absent.,2026-08-30 02:00:11.220906+00
4763,1983062564,2092-01-01,delisted,12355G_7270_1189_5417_50918,12355G,2100003000,Hadlima,"{""pbs_code"": ""12355G"", ""formulary"": ""F2"", ""brand_name"": ""Hadlima"", ""li_item_id"": ""12355G_7270_1189_5417_50918"", ""determined_price"": 444.17}",,,normal,PBS listing was present in the previous schedule and is now absent.,2026-08-30 02:00:11.220906+00
4764,1983062564,2092-01-01,delisted,12355G_7270_1189_5417_51588,12355G,2100003000,Amgevita,"{""pbs_code"": ""12355G"", ""formulary"": ""F2"", ""brand_name"": ""Amgevita"", ""li_item_id"": ""12355G_7270_1189_5417_51588"", ""determined_price"": 444.17}",,,normal,PBS listing was present in the previous schedule and is now absent.,2026-08-30 02:00:11.220906+00
4765,1983062564,2092-01-01,delisted,12355G_7270_1189_5417_54286,12355G,2100003000,Abrilada,"{""pbs_code"": ""12355G"", ""formulary"": ""F2"", ""brand_name"": ""Abrilada"", ""li_item_id"": ""12355G_7270_1189_5417_54286"", ""determined_price"": 444.17}",,,normal,PBS listing was present in the previous schedule and is now absent.,2026-08-30 02:00:11.220906+00
4766,1983062564,2092-01-01,delisted,12356H_7270_1189_5417_49267,12356H,2100003000,Hyrimoz,"{""pbs_code"": ""12356H"", ""formulary"": ""F2"", ""brand_name"": ""Hyrimoz"", ""li_item_id"": ""12356H_7270_1189_5417_49267"", ""determined_price"": 444.17}",,,normal,PBS listing was present in the previous schedule and is now absent.,2026-08-30 02:00:11.220906+00
4767,1983062564,2092-01-01,delisted,12356H_7270_1189_5417_50918,12356H,2100003000,Hadlima,"{""pbs_code"": ""12356H"", ""formulary"": ""F2"", ""brand_name"": ""Hadlima"", ""li_item_id"": ""12356H_7270_1189_5417_50918"", ""determined_price"": 444.17}",,,normal,PBS listing was present in the previous schedule and is now absent.,2026-08-30 02:00:11.220906+00
4768,1983062564,2092-01-01,delisted,12356H_7270_1189_5417_51588,12356H,2100003000,Amgevita,"{""pbs_code"": ""12356H"", ""formulary"": ""F2"", ""brand_name"": ""Amgevita"", ""li_item_id"": ""12356H_7270_1189_5417_51588"", ""determined_price"": 444.17}",,,normal,PBS listing was present in the previous schedule and is now absent.,2026-08-30 02:00:11.220906+00
4769,1983062564,2092-01-01,delisted,12356H_7270_1189_5417_54286,12356H,2100003000,Abrilada,"{""pbs_code"": ""12356H"", ""formulary"": ""F2"", ""brand_name"": ""Abrilada"", ""li_item_id"": ""12356H_7270_1189_5417_54286"", ""determined_price"": 444.17}",,,normal,PBS listing was present in the previous schedule and is now absent.,2026-08-30 02:00:11.220906+00
4770,1983062564,2092-01-01,delisted,12357J_7444_1189_51604_51606,12357J,2100003000,Amgevita,"{""pbs_code"": ""12357J"", ""formulary"": ""F2"", ""brand_name"": ""Amgevita"", ""li_item_id"": ""12357J_7444_1189_51604_51606"", ""determined_price"": 272.84}",,,normal,PBS listing was present in the previous schedule and is now absent.,2026-08-30 02:00:11.220906+00
4771,1983062564,2092-01-01,delisted,12358K_21832_1189_43971_43973,12358K,2100003000,Humira,"{""pbs_code"": ""12358K"", ""formulary"": ""F2"", ""brand_name"": ""Humira"", ""li_item_id"": ""12358K_21832_1189_43971_43973"", ""determined_price"": 444.17}",,,normal,PBS listing was present in the previous schedule and is now absent.,2026-08-30 02:00:11.220906+00
4772,1983062564,2092-01-01,delisted,12358K_21832_1189_43971_55426,12358K,2100003000,Yuflyma,"{""pbs_code"": ""12358K"", ""formulary"": ""F2"", ""brand_name"": ""Yuflyma"", ""li_item_id"": ""12358K_21832_1189_43971_55426"", ""determined_price"": 444.17}",,,normal,PBS listing was present in the previous schedule and is now absent.,2026-08-30 02:00:11.220906+00
4773,1983062564,2092-01-01,delisted,12358K_21832_1189_43971_59132,12358K,2100003000,Hadlima,"{""pbs_code"": ""12358K"", ""formulary"": ""F2"", ""brand_name"": ""Hadlima"", ""li_item_id"": ""12358K_21832_1189_43971_59132"", ""determined_price"": 444.17}",,,normal,PBS listing was present in the previous schedule and is now absent.,2026-08-30 02:00:11.220906+00
4774,1983062564,2092-01-01,delisted,12358K_21832_1189_43971_59529,12358K,2100003000,Hyrimoz,"{""pbs_code"": ""12358K"", ""formulary"": ""F2"", ""brand_name"": ""Hyrimoz"", ""li_item_id"": ""12358K_21832_1189_43971_59529"", ""determined_price"": 444.17}",,,normal,PBS listing was present in the previous schedule and is now absent.,2026-08-30 02:00:11.220906+00
4775,1983062564,2092-01-01,delisted,12359L_21831_1189_43963_43965,12359L,2100003000,Humira,"{""pbs_code"": ""12359L"", ""formulary"": ""F2"", ""brand_name"": ""Humira"", ""li_item_id"": ""12359L_21831_1189_43963_43965"", ""determined_price"": 444.17}",,,normal,PBS listing was present in the previous schedule and is now absent.,2026-08-30 02:00:11.220906+00
4776,1983062564,2092-01-01,delisted,12359L_21831_1189_43963_55425,12359L,2100003000,Yuflyma,"{""pbs_code"": ""12359L"", ""formulary"": ""F2"", ""brand_name"": ""Yuflyma"", ""li_item_id"": ""12359L_21831_1189_43963_55425"", ""determined_price"": 444.17}",,,normal,PBS listing was present in the previous schedule and is now absent.,2026-08-30 02:00:11.220906+00
4777,1983062564,2092-01-01,delisted,12359L_21831_1189_43963_59133,12359L,2100003000,Hadlima,"{""pbs_code"": ""12359L"", ""formulary"": ""F2"", ""brand_name"": ""Hadlima"", ""li_item_id"": ""12359L_21831_1189_43963_59133"", ""determined_price"": 444.17}",,,normal,PBS listing was present in the previous schedule and is now absent.,2026-08-30 02:00:11.220906+00
4778,1983062564,2092-01-01,delisted,12359L_21831_1189_43963_59530,12359L,2100003000,Hyrimoz,"{""pbs_code"": ""12359L"", ""formulary"": ""F2"", ""brand_name"": ""Hyrimoz"", ""li_item_id"": ""12359L_21831_1189_43963_59530"", ""determined_price"": 444.17}",,,normal,PBS listing was present in the previous schedule and is now absent.,2026-08-30 02:00:11.220906+00
4779,1983062564,2092-01-01,delisted,12360M_22502_1189_45825_45829,12360M,2100003000,Humira,"{""pbs_code"": ""12360M"", ""formulary"": ""F2"", ""brand_name"": ""Humira"", ""li_item_id"": ""12360M_22502_1189_45825_45829"", ""determined_price"": 618.9}",,,normal,PBS listing was present in the previous schedule and is now absent.,2026-08-30 02:00:11.220906+00
4780,1983062564,2092-01-01,delisted,12360M_22502_1189_45825_59140,12360M,2100003000,Yuflyma,"{""pbs_code"": ""12360M"", ""formulary"": ""F2"", ""brand_name"": ""Yuflyma"", ""li_item_id"": ""12360M_22502_1189_45825_59140"", ""determined_price"": 618.9}",,,normal,PBS listing was present in the previous schedule and is now absent.,2026-08-30 02:00:11.220906+00
4781,1983062564,2092-01-01,delisted,12360M_22502_1189_45825_59531,12360M,2100003000,Hyrimoz,"{""pbs_code"": ""12360M"", ""formulary"": ""F2"", ""brand_name"": ""Hyrimoz"", ""li_item_id"": ""12360M_22502_1189_45825_59531"", ""determined_price"": 618.9}",,,normal,PBS listing was present in the previous schedule and is now absent.,2026-08-30 02:00:11.220906+00
4782,1983062564,2092-01-01,delisted,12361N_21831_1189_43963_43965,12361N,2100003000,Humira,"{""pbs_code"": ""12361N"", ""formulary"": ""F2"", ""brand_name"": ""Humira"", ""li_item_id"": ""12361N_21831_1189_43963_43965"", ""determined_price"": 444.17}",,,normal,PBS listing was present in the previous schedule and is now absent.,2026-08-30 02:00:11.220906+00
4783,1983062564,2092-01-01,delisted,12361N_21831_1189_43963_55425,12361N,2100003000,Yuflyma,"{""pbs_code"": ""12361N"", ""formulary"": ""F2"", ""brand_name"": ""Yuflyma"", ""li_item_id"": ""12361N_21831_1189_43963_55425"", ""determined_price"": 444.17}",,,normal,PBS listing was present in the previous schedule and is now absent.,2026-08-30 02:00:11.220906+00
4784,1983062564,2092-01-01,delisted,12361N_21831_1189_43963_59133,12361N,2100003000,Hadlima,"{""pbs_code"": ""12361N"", ""formulary"": ""F2"", ""brand_name"": ""Hadlima"", ""li_item_id"": ""12361N_21831_1189_43963_59133"", ""determined_price"": 444.17}",,,normal,PBS listing was present in the previous schedule and is now absent.,2026-08-30 02:00:11.220906+00
4785,1983062564,2092-01-01,delisted,12361N_21831_1189_43963_59530,12361N,2100003000,Hyrimoz,"{""pbs_code"": ""12361N"", ""formulary"": ""F2"", ""brand_name"": ""Hyrimoz"", ""li_item_id"": ""12361N_21831_1189_43963_59530"", ""determined_price"": 444.17}",,,normal,PBS listing was present in the previous schedule and is now absent.,2026-08-30 02:00:11.220906+00
4786,1983062564,2092-01-01,delisted,12362P_21832_1189_43971_43973,12362P,2100003000,Humira,"{""pbs_code"": ""12362P"", ""formulary"": ""F2"", ""brand_name"": ""Humira"", ""li_item_id"": ""12362P_21832_1189_43971_43973"", ""determined_price"": 444.17}",,,normal,PBS listing was present in the previous schedule and is now absent.,2026-08-30 02:00:11.220906+00
4787,1983062564,2092-01-01,delisted,12362P_21832_1189_43971_55426,12362P,2100003000,Yuflyma,"{""pbs_code"": ""12362P"", ""formulary"": ""F2"", ""brand_name"": ""Yuflyma"", ""li_item_id"": ""12362P_21832_1189_43971_55426"", ""determined_price"": 444.17}",,,normal,PBS listing was present in the previous schedule and is now absent.,2026-08-30 02:00:11.220906+00
4788,1983062564,2092-01-01,delisted,12362P_21832_1189_43971_59132,12362P,2100003000,Hadlima,"{""pbs_code"": ""12362P"", ""formulary"": ""F2"", ""brand_name"": ""Hadlima"", ""li_item_id"": ""12362P_21832_1189_43971_59132"", ""determined_price"": 444.17}",,,normal,PBS listing was present in the previous schedule and is now absent.,2026-08-30 02:00:11.220906+00
4789,1983062564,2092-01-01,delisted,12362P_21832_1189_43971_59529,12362P,2100003000,Hyrimoz,"{""pbs_code"": ""12362P"", ""formulary"": ""F2"", ""brand_name"": ""Hyrimoz"", ""li_item_id"": ""12362P_21832_1189_43971_59529"", ""determined_price"": 444.17}",,,normal,PBS listing was present in the previous schedule and is now absent.,2026-08-30 02:00:11.220906+00
4790,1983062564,2092-01-01,delisted,12363Q_21832_1189_43971_43973,12363Q,2100003000,Humira,"{""pbs_code"": ""12363Q"", ""formulary"": ""F2"", ""brand_name"": ""Humira"", ""li_item_id"": ""12363Q_21832_1189_43971_43973"", ""determined_price"": 444.17}",,,normal,PBS listing was present in the previous schedule and is now absent.,2026-08-30 02:00:11.220906+00
4791,1983062564,2092-01-01,delisted,12363Q_21832_1189_43971_55426,12363Q,2100003000,Yuflyma,"{""pbs_code"": ""12363Q"", ""formulary"": ""F2"", ""brand_name"": ""Yuflyma"", ""li_item_id"": ""12363Q_21832_1189_43971_55426"", ""determined_price"": 444.17}",,,normal,PBS listing was present in the previous schedule and is now absent.,2026-08-30 02:00:11.220906+00
4792,1983062564,2092-01-01,delisted,12363Q_21832_1189_43971_59132,12363Q,2100003000,Hadlima,"{""pbs_code"": ""12363Q"", ""formulary"": ""F2"", ""brand_name"": ""Hadlima"", ""li_item_id"": ""12363Q_21832_1189_43971_59132"", ""determined_price"": 444.17}",,,normal,PBS listing was present in the previous schedule and is now absent.,2026-08-30 02:00:11.220906+00
4793,1983062564,2092-01-01,delisted,12363Q_21832_1189_43971_59529,12363Q,2100003000,Hyrimoz,"{""pbs_code"": ""12363Q"", ""formulary"": ""F2"", ""brand_name"": ""Hyrimoz"", ""li_item_id"": ""12363Q_21832_1189_43971_59529"", ""determined_price"": 444.17}",,,normal,PBS listing was present in the previous schedule and is now absent.,2026-08-30 02:00:11.220906+00
4794,1983062564,2092-01-01,delisted,12364R_21831_1189_43963_43965,12364R,2100003000,Humira,"{""pbs_code"": ""12364R"", ""formulary"": ""F2"", ""brand_name"": ""Humira"", ""li_item_id"": ""12364R_21831_1189_43963_43965"", ""determined_price"": 444.17}",,,normal,PBS listing was present in the previous schedule and is now absent.,2026-08-30 02:00:11.220906+00
4795,1983062564,2092-01-01,delisted,12364R_21831_1189_43963_55425,12364R,2100003000,Yuflyma,"{""pbs_code"": ""12364R"", ""formulary"": ""F2"", ""brand_name"": ""Yuflyma"", ""li_item_id"": ""12364R_21831_1189_43963_55425"", ""determined_price"": 444.17}",,,normal,PBS listing was present in the previous schedule and is now absent.,2026-08-30 02:00:11.220906+00
4796,1983062564,2092-01-01,delisted,12364R_21831_1189_43963_59133,12364R,2100003000,Hadlima,"{""pbs_code"": ""12364R"", ""formulary"": ""F2"", ""brand_name"": ""Hadlima"", ""li_item_id"": ""12364R_21831_1189_43963_59133"", ""determined_price"": 444.17}",,,normal,PBS listing was present in the previous schedule and is now absent.,2026-08-30 02:00:11.220906+00
4797,1983062564,2092-01-01,delisted,12364R_21831_1189_43963_59530,12364R,2100003000,Hyrimoz,"{""pbs_code"": ""12364R"", ""formulary"": ""F2"", ""brand_name"": ""Hyrimoz"", ""li_item_id"": ""12364R_21831_1189_43963_59530"", ""determined_price"": 444.17}",,,normal,PBS listing was present in the previous schedule and is now absent.,2026-08-30 02:00:11.220906+00
4798,1983062564,2092-01-01,delisted,12365T_10037_1189_5419_45576,12365T,2100003000,Hadlima,"{""pbs_code"": ""12365T"", ""formulary"": ""F2"", ""brand_name"": ""Hadlima"", ""li_item_id"": ""12365T_10037_1189_5419_45576"", ""determined_price"": 444.17}",,,normal,PBS listing was present in the previous schedule and is now absent.,2026-08-30 02:00:11.220906+00
4799,1983062564,2092-01-01,delisted,12365T_10037_1189_5419_45951,12365T,2100003000,Amgevita,"{""pbs_code"": ""12365T"", ""formulary"": ""F2"", ""brand_name"": ""Amgevita"", ""li_item_id"": ""12365T_10037_1189_5419_45951"", ""determined_price"": 444.17}",,,normal,PBS listing was present in the previous schedule and is now absent.,2026-08-30 02:00:11.220906+00
4800,1983062564,2092-01-01,delisted,12365T_10037_1189_5419_49269,12365T,2100003000,Hyrimoz,"{""pbs_code"": ""12365T"", ""formulary"": ""F2"", ""brand_name"": ""Hyrimoz"", ""li_item_id"": ""12365T_10037_1189_5419_49269"", ""determined_price"": 444.17}",,,normal,PBS listing was present in the previous schedule and is now absent.,2026-08-30 02:00:11.220906+00
4801,1983062564,2092-01-01,delisted,12366W_10037_1189_5419_45576,12366W,2100003000,Hadlima,"{""pbs_code"": ""12366W"", ""formulary"": ""F2"", ""brand_name"": ""Hadlima"", ""li_item_id"": ""12366W_10037_1189_5419_45576"", ""determined_price"": 444.17}",,,normal,PBS listing was present in the previous schedule and is now absent.,2026-08-30 02:00:11.220906+00
4802,1983062564,2092-01-01,delisted,12366W_10037_1189_5419_45951,12366W,2100003000,Amgevita,"{""pbs_code"": ""12366W"", ""formulary"": ""F2"", ""brand_name"": ""Amgevita"", ""li_item_id"": ""12366W_10037_1189_5419_45951"", ""determined_price"": 444.17}",,,normal,PBS listing was present in the previous schedule and is now absent.,2026-08-30 02:00:11.220906+00
4803,1983062564,2092-01-01,delisted,12366W_10037_1189_5419_49269,12366W,2100003000,Hyrimoz,"{""pbs_code"": ""12366W"", ""formulary"": ""F2"", ""brand_name"": ""Hyrimoz"", ""li_item_id"": ""12366W_10037_1189_5419_49269"", ""determined_price"": 444.17}",,,normal,PBS listing was present in the previous schedule and is now absent.,2026-08-30 02:00:11.220906+00
4804,1983062564,2092-01-01,delisted,12367X_10037_1189_5419_45576,12367X,2100003000,Hadlima,"{""pbs_code"": ""12367X"", ""formulary"": ""F2"", ""brand_name"": ""Hadlima"", ""li_item_id"": ""12367X_10037_1189_5419_45576"", ""determined_price"": 444.17}",,,normal,PBS listing was present in the previous schedule and is now absent.,2026-08-30 02:00:11.220906+00
4805,1983062564,2092-01-01,delisted,12367X_10037_1189_5419_45951,12367X,2100003000,Amgevita,"{""pbs_code"": ""12367X"", ""formulary"": ""F2"", ""brand_name"": ""Amgevita"", ""li_item_id"": ""12367X_10037_1189_5419_45951"", ""determined_price"": 444.17}",,,normal,PBS listing was present in the previous schedule and is now absent.,2026-08-30 02:00:11.220906+00
4806,1983062564,2092-01-01,delisted,12367X_10037_1189_5419_49269,12367X,2100003000,Hyrimoz,"{""pbs_code"": ""12367X"", ""formulary"": ""F2"", ""brand_name"": ""Hyrimoz"", ""li_item_id"": ""12367X_10037_1189_5419_49269"", ""determined_price"": 444.17}",,,normal,PBS listing was present in the previous schedule and is now absent.,2026-08-30 02:00:11.220906+00
4807,1983062564,2092-01-01,delisted,12368Y_7270_1189_5417_49267,12368Y,2100003000,Hyrimoz,"{""pbs_code"": ""12368Y"", ""formulary"": ""F2"", ""brand_name"": ""Hyrimoz"", ""li_item_id"": ""12368Y_7270_1189_5417_49267"", ""determined_price"": 444.17}",,,normal,PBS listing was present in the previous schedule and is now absent.,2026-08-30 02:00:11.220906+00
4808,1983062564,2092-01-01,delisted,12368Y_7270_1189_5417_50918,12368Y,2100003000,Hadlima,"{""pbs_code"": ""12368Y"", ""formulary"": ""F2"", ""brand_name"": ""Hadlima"", ""li_item_id"": ""12368Y_7270_1189_5417_50918"", ""determined_price"": 444.17}",,,normal,PBS listing was present in the previous schedule and is now absent.,2026-08-30 02:00:11.220906+00
4809,1983062564,2092-01-01,delisted,12368Y_7270_1189_5417_51588,12368Y,2100003000,Amgevita,"{""pbs_code"": ""12368Y"", ""formulary"": ""F2"", ""brand_name"": ""Amgevita"", ""li_item_id"": ""12368Y_7270_1189_5417_51588"", ""determined_price"": 444.17}",,,normal,PBS listing was present in the previous schedule and is now absent.,2026-08-30 02:00:11.220906+00
4810,1983062564,2092-01-01,delisted,12368Y_7270_1189_5417_54286,12368Y,2100003000,Abrilada,"{""pbs_code"": ""12368Y"", ""formulary"": ""F2"", ""brand_name"": ""Abrilada"", ""li_item_id"": ""12368Y_7270_1189_5417_54286"", ""determined_price"": 444.17}",,,normal,PBS listing was present in the previous schedule and is now absent.,2026-08-30 02:00:11.220906+00
4811,1983062564,2092-01-01,delisted,12369B_7270_1189_5417_49267,12369B,2100003000,Hyrimoz,"{""pbs_code"": ""12369B"", ""formulary"": ""F2"", ""brand_name"": ""Hyrimoz"", ""li_item_id"": ""12369B_7270_1189_5417_49267"", ""determined_price"": 444.17}",,,normal,PBS listing was present in the previous schedule and is now absent.,2026-08-30 02:00:11.220906+00
4812,1983062564,2092-01-01,delisted,12369B_7270_1189_5417_50918,12369B,2100003000,Hadlima,"{""pbs_code"": ""12369B"", ""formulary"": ""F2"", ""brand_name"": ""Hadlima"", ""li_item_id"": ""12369B_7270_1189_5417_50918"", ""determined_price"": 444.17}",,,normal,PBS listing was present in the previous schedule and is now absent.,2026-08-30 02:00:11.220906+00
4813,1983062564,2092-01-01,delisted,12369B_7270_1189_5417_51588,12369B,2100003000,Amgevita,"{""pbs_code"": ""12369B"", ""formulary"": ""F2"", ""brand_name"": ""Amgevita"", ""li_item_id"": ""12369B_7270_1189_5417_51588"", ""determined_price"": 444.17}",,,normal,PBS listing was present in the previous schedule and is now absent.,2026-08-30 02:00:11.220906+00
4814,1983062564,2092-01-01,delisted,12369B_7270_1189_5417_54286,12369B,2100003000,Abrilada,"{""pbs_code"": ""12369B"", ""formulary"": ""F2"", ""brand_name"": ""Abrilada"", ""li_item_id"": ""12369B_7270_1189_5417_54286"", ""determined_price"": 444.17}",,,normal,PBS listing was present in the previous schedule and is now absent.,2026-08-30 02:00:11.220906+00
4815,1983062564,2092-01-01,delisted,12370C_7270_1189_5417_49267,12370C,2100003000,Hyrimoz,"{""pbs_code"": ""12370C"", ""formulary"": ""F2"", ""brand_name"": ""Hyrimoz"", ""li_item_id"": ""12370C_7270_1189_5417_49267"", ""determined_price"": 444.17}",,,normal,PBS listing was present in the previous schedule and is now absent.,2026-08-30 02:00:11.220906+00
4816,1983062564,2092-01-01,delisted,12370C_7270_1189_5417_50918,12370C,2100003000,Hadlima,"{""pbs_code"": ""12370C"", ""formulary"": ""F2"", ""brand_name"": ""Hadlima"", ""li_item_id"": ""12370C_7270_1189_5417_50918"", ""determined_price"": 444.17}",,,normal,PBS listing was present in the previous schedule and is now absent.,2026-08-30 02:00:11.220906+00
4817,1983062564,2092-01-01,delisted,12370C_7270_1189_5417_51588,12370C,2100003000,Amgevita,"{""pbs_code"": ""12370C"", ""formulary"": ""F2"", ""brand_name"": ""Amgevita"", ""li_item_id"": ""12370C_7270_1189_5417_51588"", ""determined_price"": 444.17}",,,normal,PBS listing was present in the previous schedule and is now absent.,2026-08-30 02:00:11.220906+00
4818,1983062564,2092-01-01,delisted,12370C_7270_1189_5417_54286,12370C,2100003000,Abrilada,"{""pbs_code"": ""12370C"", ""formulary"": ""F2"", ""brand_name"": ""Abrilada"", ""li_item_id"": ""12370C_7270_1189_5417_54286"", ""determined_price"": 444.17}",,,normal,PBS listing was present in the previous schedule and is now absent.,2026-08-30 02:00:11.220906+00
4819,1983062564,2092-01-01,delisted,12371D_22501_1189_45820_45824,12371D,2100003000,Humira,"{""pbs_code"": ""12371D"", ""formulary"": ""F2"", ""brand_name"": ""Humira"", ""li_item_id"": ""12371D_22501_1189_45820_45824"", ""determined_price"": 567.42}",,,normal,PBS listing was present in the previous schedule and is now absent.,2026-08-30 02:00:11.220906+00
4820,1983062564,2092-01-01,delisted,12372E_22503_1189_45830_45834,12372E,2100003000,Humira,"{""pbs_code"": ""12372E"", ""formulary"": ""F2"", ""brand_name"": ""Humira"", ""li_item_id"": ""12372E_22503_1189_45830_45834"", ""determined_price"": 618.9}",,,normal,PBS listing was present in the previous schedule and is now absent.,2026-08-30 02:00:11.220906+00
4821,1983062564,2092-01-01,delisted,12372E_22503_1189_45830_59141,12372E,2100003000,Yuflyma,"{""pbs_code"": ""12372E"", ""formulary"": ""F2"", ""brand_name"": ""Yuflyma"", ""li_item_id"": ""12372E_22503_1189_45830_59141"", ""determined_price"": 618.9}",,,normal,PBS listing was present in the previous schedule and is now absent.,2026-08-30 02:00:11.220906+00
4822,1983062564,2092-01-01,delisted,12373F_21832_1189_43971_43973,12373F,2100003000,Humira,"{""pbs_code"": ""12373F"", ""formulary"": ""F2"", ""brand_name"": ""Humira"", ""li_item_id"": ""12373F_21832_1189_43971_43973"", ""determined_price"": 444.17}",,,normal,PBS listing was present in the previous schedule and is now absent.,2026-08-30 02:00:11.220906+00
4823,1983062564,2092-01-01,delisted,12373F_21832_1189_43971_55426,12373F,2100003000,Yuflyma,"{""pbs_code"": ""12373F"", ""formulary"": ""F2"", ""brand_name"": ""Yuflyma"", ""li_item_id"": ""12373F_21832_1189_43971_55426"", ""determined_price"": 444.17}",,,normal,PBS listing was present in the previous schedule and is now absent.,2026-08-30 02:00:11.220906+00
4824,1983062564,2092-01-01,delisted,12373F_21832_1189_43971_59132,12373F,2100003000,Hadlima,"{""pbs_code"": ""12373F"", ""formulary"": ""F2"", ""brand_name"": ""Hadlima"", ""li_item_id"": ""12373F_21832_1189_43971_59132"", ""determined_price"": 444.17}",,,normal,PBS listing was present in the previous schedule and is now absent.,2026-08-30 02:00:11.220906+00
4825,1983062564,2092-01-01,delisted,12373F_21832_1189_43971_59529,12373F,2100003000,Hyrimoz,"{""pbs_code"": ""12373F"", ""formulary"": ""F2"", ""brand_name"": ""Hyrimoz"", ""li_item_id"": ""12373F_21832_1189_43971_59529"", ""determined_price"": 444.17}",,,normal,PBS listing was present in the previous schedule and is now absent.,2026-08-30 02:00:11.220906+00
4826,1983062564,2092-01-01,delisted,12374G_22502_1189_45825_45829,12374G,2100003000,Humira,"{""pbs_code"": ""12374G"", ""formulary"": ""F2"", ""brand_name"": ""Humira"", ""li_item_id"": ""12374G_22502_1189_45825_45829"", ""determined_price"": 618.9}",,,normal,PBS listing was present in the previous schedule and is now absent.,2026-08-30 02:00:11.220906+00
4827,1983062564,2092-01-01,delisted,12374G_22502_1189_45825_59140,12374G,2100003000,Yuflyma,"{""pbs_code"": ""12374G"", ""formulary"": ""F2"", ""brand_name"": ""Yuflyma"", ""li_item_id"": ""12374G_22502_1189_45825_59140"", ""determined_price"": 618.9}",,,normal,PBS listing was present in the previous schedule and is now absent.,2026-08-30 02:00:11.220906+00
4828,1983062564,2092-01-01,delisted,12374G_22502_1189_45825_59531,12374G,2100003000,Hyrimoz,"{""pbs_code"": ""12374G"", ""formulary"": ""F2"", ""brand_name"": ""Hyrimoz"", ""li_item_id"": ""12374G_22502_1189_45825_59531"", ""determined_price"": 618.9}",,,normal,PBS listing was present in the previous schedule and is now absent.,2026-08-30 02:00:11.220906+00
4829,1983062564,2092-01-01,delisted,12375H_21832_1189_43971_43973,12375H,2100003000,Humira,"{""pbs_code"": ""12375H"", ""formulary"": ""F2"", ""brand_name"": ""Humira"", ""li_item_id"": ""12375H_21832_1189_43971_43973"", ""determined_price"": 444.17}",,,normal,PBS listing was present in the previous schedule and is now absent.,2026-08-30 02:00:11.220906+00
4830,1983062564,2092-01-01,delisted,12375H_21832_1189_43971_55426,12375H,2100003000,Yuflyma,"{""pbs_code"": ""12375H"", ""formulary"": ""F2"", ""brand_name"": ""Yuflyma"", ""li_item_id"": ""12375H_21832_1189_43971_55426"", ""determined_price"": 444.17}",,,normal,PBS listing was present in the previous schedule and is now absent.,2026-08-30 02:00:11.220906+00
4831,1983062564,2092-01-01,delisted,12375H_21832_1189_43971_59132,12375H,2100003000,Hadlima,"{""pbs_code"": ""12375H"", ""formulary"": ""F2"", ""brand_name"": ""Hadlima"", ""li_item_id"": ""12375H_21832_1189_43971_59132"", ""determined_price"": 444.17}",,,normal,PBS listing was present in the previous schedule and is now absent.,2026-08-30 02:00:11.220906+00
4832,1983062564,2092-01-01,delisted,12375H_21832_1189_43971_59529,12375H,2100003000,Hyrimoz,"{""pbs_code"": ""12375H"", ""formulary"": ""F2"", ""brand_name"": ""Hyrimoz"", ""li_item_id"": ""12375H_21832_1189_43971_59529"", ""determined_price"": 444.17}",,,normal,PBS listing was present in the previous schedule and is now absent.,2026-08-30 02:00:11.220906+00
4833,1983062564,2092-01-01,delisted,12376J_21832_1189_43971_43973,12376J,2100003000,Humira,"{""pbs_code"": ""12376J"", ""formulary"": ""F2"", ""brand_name"": ""Humira"", ""li_item_id"": ""12376J_21832_1189_43971_43973"", ""determined_price"": 444.17}",,,normal,PBS listing was present in the previous schedule and is now absent.,2026-08-30 02:00:11.220906+00
4834,1983062564,2092-01-01,delisted,12376J_21832_1189_43971_55426,12376J,2100003000,Yuflyma,"{""pbs_code"": ""12376J"", ""formulary"": ""F2"", ""brand_name"": ""Yuflyma"", ""li_item_id"": ""12376J_21832_1189_43971_55426"", ""determined_price"": 444.17}",,,normal,PBS listing was present in the previous schedule and is now absent.,2026-08-30 02:00:11.220906+00
4835,1983062564,2092-01-01,delisted,12376J_21832_1189_43971_59132,12376J,2100003000,Hadlima,"{""pbs_code"": ""12376J"", ""formulary"": ""F2"", ""brand_name"": ""Hadlima"", ""li_item_id"": ""12376J_21832_1189_43971_59132"", ""determined_price"": 444.17}",,,normal,PBS listing was present in the previous schedule and is now absent.,2026-08-30 02:00:11.220906+00
4836,1983062564,2092-01-01,delisted,12376J_21832_1189_43971_59529,12376J,2100003000,Hyrimoz,"{""pbs_code"": ""12376J"", ""formulary"": ""F2"", ""brand_name"": ""Hyrimoz"", ""li_item_id"": ""12376J_21832_1189_43971_59529"", ""determined_price"": 444.17}",,,normal,PBS listing was present in the previous schedule and is now absent.,2026-08-30 02:00:11.220906+00
4837,1983062564,2092-01-01,delisted,12377K_21832_1189_43971_43973,12377K,2100003000,Humira,"{""pbs_code"": ""12377K"", ""formulary"": ""F2"", ""brand_name"": ""Humira"", ""li_item_id"": ""12377K_21832_1189_43971_43973"", ""determined_price"": 444.17}",,,normal,PBS listing was present in the previous schedule and is now absent.,2026-08-30 02:00:11.220906+00
4838,1983062564,2092-01-01,delisted,12377K_21832_1189_43971_55426,12377K,2100003000,Yuflyma,"{""pbs_code"": ""12377K"", ""formulary"": ""F2"", ""brand_name"": ""Yuflyma"", ""li_item_id"": ""12377K_21832_1189_43971_55426"", ""determined_price"": 444.17}",,,normal,PBS listing was present in the previous schedule and is now absent.,2026-08-30 02:00:11.220906+00
4839,1983062564,2092-01-01,delisted,12377K_21832_1189_43971_59132,12377K,2100003000,Hadlima,"{""pbs_code"": ""12377K"", ""formulary"": ""F2"", ""brand_name"": ""Hadlima"", ""li_item_id"": ""12377K_21832_1189_43971_59132"", ""determined_price"": 444.17}",,,normal,PBS listing was present in the previous schedule and is now absent.,2026-08-30 02:00:11.220906+00
4840,1983062564,2092-01-01,delisted,12377K_21832_1189_43971_59529,12377K,2100003000,Hyrimoz,"{""pbs_code"": ""12377K"", ""formulary"": ""F2"", ""brand_name"": ""Hyrimoz"", ""li_item_id"": ""12377K_21832_1189_43971_59529"", ""determined_price"": 444.17}",,,normal,PBS listing was present in the previous schedule and is now absent.,2026-08-30 02:00:11.220906+00
4841,1983062564,2092-01-01,delisted,12378L_21831_1189_43963_43965,12378L,2100003000,Humira,"{""pbs_code"": ""12378L"", ""formulary"": ""F2"", ""brand_name"": ""Humira"", ""li_item_id"": ""12378L_21831_1189_43963_43965"", ""determined_price"": 444.17}",,,normal,PBS listing was present in the previous schedule and is now absent.,2026-08-30 02:00:11.220906+00
4842,1983062564,2092-01-01,delisted,12378L_21831_1189_43963_55425,12378L,2100003000,Yuflyma,"{""pbs_code"": ""12378L"", ""formulary"": ""F2"", ""brand_name"": ""Yuflyma"", ""li_item_id"": ""12378L_21831_1189_43963_55425"", ""determined_price"": 444.17}",,,normal,PBS listing was present in the previous schedule and is now absent.,2026-08-30 02:00:11.220906+00
4843,1983062564,2092-01-01,delisted,12378L_21831_1189_43963_59133,12378L,2100003000,Hadlima,"{""pbs_code"": ""12378L"", ""formulary"": ""F2"", ""brand_name"": ""Hadlima"", ""li_item_id"": ""12378L_21831_1189_43963_59133"", ""determined_price"": 444.17}",,,normal,PBS listing was present in the previous schedule and is now absent.,2026-08-30 02:00:11.220906+00
4844,1983062564,2092-01-01,delisted,12378L_21831_1189_43963_59530,12378L,2100003000,Hyrimoz,"{""pbs_code"": ""12378L"", ""formulary"": ""F2"", ""brand_name"": ""Hyrimoz"", ""li_item_id"": ""12378L_21831_1189_43963_59530"", ""determined_price"": 444.17}",,,normal,PBS listing was present in the previous schedule and is now absent.,2026-08-30 02:00:11.220906+00
4845,1983062564,2092-01-01,delisted,12379M_21831_1189_43963_43965,12379M,2100003000,Humira,"{""pbs_code"": ""12379M"", ""formulary"": ""F2"", ""brand_name"": ""Humira"", ""li_item_id"": ""12379M_21831_1189_43963_43965"", ""determined_price"": 444.17}",,,normal,PBS listing was present in the previous schedule and is now absent.,2026-08-30 02:00:11.220906+00
4846,1983062564,2092-01-01,delisted,12379M_21831_1189_43963_55425,12379M,2100003000,Yuflyma,"{""pbs_code"": ""12379M"", ""formulary"": ""F2"", ""brand_name"": ""Yuflyma"", ""li_item_id"": ""12379M_21831_1189_43963_55425"", ""determined_price"": 444.17}",,,normal,PBS listing was present in the previous schedule and is now absent.,2026-08-30 02:00:11.220906+00
4847,1983062564,2092-01-01,delisted,12379M_21831_1189_43963_59133,12379M,2100003000,Hadlima,"{""pbs_code"": ""12379M"", ""formulary"": ""F2"", ""brand_name"": ""Hadlima"", ""li_item_id"": ""12379M_21831_1189_43963_59133"", ""determined_price"": 444.17}",,,normal,PBS listing was present in the previous schedule and is now absent.,2026-08-30 02:00:11.220906+00
4848,1983062564,2092-01-01,delisted,12379M_21831_1189_43963_59530,12379M,2100003000,Hyrimoz,"{""pbs_code"": ""12379M"", ""formulary"": ""F2"", ""brand_name"": ""Hyrimoz"", ""li_item_id"": ""12379M_21831_1189_43963_59530"", ""determined_price"": 444.17}",,,normal,PBS listing was present in the previous schedule and is now absent.,2026-08-30 02:00:11.220906+00
4849,1983062564,2092-01-01,delisted,12380N_21831_1189_43963_43965,12380N,2100003000,Humira,"{""pbs_code"": ""12380N"", ""formulary"": ""F2"", ""brand_name"": ""Humira"", ""li_item_id"": ""12380N_21831_1189_43963_43965"", ""determined_price"": 444.17}",,,normal,PBS listing was present in the previous schedule and is now absent.,2026-08-30 02:00:11.220906+00
4850,1983062564,2092-01-01,delisted,12380N_21831_1189_43963_55425,12380N,2100003000,Yuflyma,"{""pbs_code"": ""12380N"", ""formulary"": ""F2"", ""brand_name"": ""Yuflyma"", ""li_item_id"": ""12380N_21831_1189_43963_55425"", ""determined_price"": 444.17}",,,normal,PBS listing was present in the previous schedule and is now absent.,2026-08-30 02:00:11.220906+00
4851,1983062564,2092-01-01,delisted,12380N_21831_1189_43963_59133,12380N,2100003000,Hadlima,"{""pbs_code"": ""12380N"", ""formulary"": ""F2"", ""brand_name"": ""Hadlima"", ""li_item_id"": ""12380N_21831_1189_43963_59133"", ""determined_price"": 444.17}",,,normal,PBS listing was present in the previous schedule and is now absent.,2026-08-30 02:00:11.220906+00
4852,1983062564,2092-01-01,delisted,12380N_21831_1189_43963_59530,12380N,2100003000,Hyrimoz,"{""pbs_code"": ""12380N"", ""formulary"": ""F2"", ""brand_name"": ""Hyrimoz"", ""li_item_id"": ""12380N_21831_1189_43963_59530"", ""determined_price"": 444.17}",,,normal,PBS listing was present in the previous schedule and is now absent.,2026-08-30 02:00:11.220906+00
4853,1983062564,2092-01-01,delisted,12381P_21832_1189_43971_43973,12381P,2100003000,Humira,"{""pbs_code"": ""12381P"", ""formulary"": ""F2"", ""brand_name"": ""Humira"", ""li_item_id"": ""12381P_21832_1189_43971_43973"", ""determined_price"": 444.17}",,,normal,PBS listing was present in the previous schedule and is now absent.,2026-08-30 02:00:11.220906+00
4854,1983062564,2092-01-01,delisted,12381P_21832_1189_43971_55426,12381P,2100003000,Yuflyma,"{""pbs_code"": ""12381P"", ""formulary"": ""F2"", ""brand_name"": ""Yuflyma"", ""li_item_id"": ""12381P_21832_1189_43971_55426"", ""determined_price"": 444.17}",,,normal,PBS listing was present in the previous schedule and is now absent.,2026-08-30 02:00:11.220906+00
4855,1983062564,2092-01-01,delisted,12381P_21832_1189_43971_59132,12381P,2100003000,Hadlima,"{""pbs_code"": ""12381P"", ""formulary"": ""F2"", ""brand_name"": ""Hadlima"", ""li_item_id"": ""12381P_21832_1189_43971_59132"", ""determined_price"": 444.17}",,,normal,PBS listing was present in the previous schedule and is now absent.,2026-08-30 02:00:11.220906+00
4856,1983062564,2092-01-01,delisted,12381P_21832_1189_43971_59529,12381P,2100003000,Hyrimoz,"{""pbs_code"": ""12381P"", ""formulary"": ""F2"", ""brand_name"": ""Hyrimoz"", ""li_item_id"": ""12381P_21832_1189_43971_59529"", ""determined_price"": 444.17}",,,normal,PBS listing was present in the previous schedule and is now absent.,2026-08-30 02:00:11.220906+00
4857,1983062564,2092-01-01,delisted,12382Q_21831_1189_43963_43965,12382Q,2100003000,Humira,"{""pbs_code"": ""12382Q"", ""formulary"": ""F2"", ""brand_name"": ""Humira"", ""li_item_id"": ""12382Q_21831_1189_43963_43965"", ""determined_price"": 444.17}",,,normal,PBS listing was present in the previous schedule and is now absent.,2026-08-30 02:00:11.220906+00
4858,1983062564,2092-01-01,delisted,12382Q_21831_1189_43963_55425,12382Q,2100003000,Yuflyma,"{""pbs_code"": ""12382Q"", ""formulary"": ""F2"", ""brand_name"": ""Yuflyma"", ""li_item_id"": ""12382Q_21831_1189_43963_55425"", ""determined_price"": 444.17}",,,normal,PBS listing was present in the previous schedule and is now absent.,2026-08-30 02:00:11.220906+00
4859,1983062564,2092-01-01,delisted,12382Q_21831_1189_43963_59133,12382Q,2100003000,Hadlima,"{""pbs_code"": ""12382Q"", ""formulary"": ""F2"", ""brand_name"": ""Hadlima"", ""li_item_id"": ""12382Q_21831_1189_43963_59133"", ""determined_price"": 444.17}",,,normal,PBS listing was present in the previous schedule and is now absent.,2026-08-30 02:00:11.220906+00
4860,1983062564,2092-01-01,delisted,12382Q_21831_1189_43963_59530,12382Q,2100003000,Hyrimoz,"{""pbs_code"": ""12382Q"", ""formulary"": ""F2"", ""brand_name"": ""Hyrimoz"", ""li_item_id"": ""12382Q_21831_1189_43963_59530"", ""determined_price"": 444.17}",,,normal,PBS listing was present in the previous schedule and is now absent.,2026-08-30 02:00:11.220906+00
4861,1983062564,2092-01-01,delisted,12383R_21832_1189_43971_43973,12383R,2100003000,Humira,"{""pbs_code"": ""12383R"", ""formulary"": ""F2"", ""brand_name"": ""Humira"", ""li_item_id"": ""12383R_21832_1189_43971_43973"", ""determined_price"": 444.17}",,,normal,PBS listing was present in the previous schedule and is now absent.,2026-08-30 02:00:11.220906+00
4862,1983062564,2092-01-01,delisted,12383R_21832_1189_43971_55426,12383R,2100003000,Yuflyma,"{""pbs_code"": ""12383R"", ""formulary"": ""F2"", ""brand_name"": ""Yuflyma"", ""li_item_id"": ""12383R_21832_1189_43971_55426"", ""determined_price"": 444.17}",,,normal,PBS listing was present in the previous schedule and is now absent.,2026-08-30 02:00:11.220906+00
4863,1983062564,2092-01-01,delisted,12383R_21832_1189_43971_59132,12383R,2100003000,Hadlima,"{""pbs_code"": ""12383R"", ""formulary"": ""F2"", ""brand_name"": ""Hadlima"", ""li_item_id"": ""12383R_21832_1189_43971_59132"", ""determined_price"": 444.17}",,,normal,PBS listing was present in the previous schedule and is now absent.,2026-08-30 02:00:11.220906+00
4864,1983062564,2092-01-01,delisted,12383R_21832_1189_43971_59529,12383R,2100003000,Hyrimoz,"{""pbs_code"": ""12383R"", ""formulary"": ""F2"", ""brand_name"": ""Hyrimoz"", ""li_item_id"": ""12383R_21832_1189_43971_59529"", ""determined_price"": 444.17}",,,normal,PBS listing was present in the previous schedule and is now absent.,2026-08-30 02:00:11.220906+00
4865,1983062564,2092-01-01,delisted,12384T_10037_1189_5419_45576,12384T,2100003000,Hadlima,"{""pbs_code"": ""12384T"", ""formulary"": ""F2"", ""brand_name"": ""Hadlima"", ""li_item_id"": ""12384T_10037_1189_5419_45576"", ""determined_price"": 444.17}",,,normal,PBS listing was present in the previous schedule and is now absent.,2026-08-30 02:00:11.220906+00
4866,1983062564,2092-01-01,delisted,12384T_10037_1189_5419_45951,12384T,2100003000,Amgevita,"{""pbs_code"": ""12384T"", ""formulary"": ""F2"", ""brand_name"": ""Amgevita"", ""li_item_id"": ""12384T_10037_1189_5419_45951"", ""determined_price"": 444.17}",,,normal,PBS listing was present in the previous schedule and is now absent.,2026-08-30 02:00:11.220906+00
4867,1983062564,2092-01-01,delisted,12384T_10037_1189_5419_49269,12384T,2100003000,Hyrimoz,"{""pbs_code"": ""12384T"", ""formulary"": ""F2"", ""brand_name"": ""Hyrimoz"", ""li_item_id"": ""12384T_10037_1189_5419_49269"", ""determined_price"": 444.17}",,,normal,PBS listing was present in the previous schedule and is now absent.,2026-08-30 02:00:11.220906+00
4868,1983062564,2092-01-01,delisted,12385W_7270_1189_5417_49267,12385W,2100003000,Hyrimoz,"{""pbs_code"": ""12385W"", ""formulary"": ""F2"", ""brand_name"": ""Hyrimoz"", ""li_item_id"": ""12385W_7270_1189_5417_49267"", ""determined_price"": 444.17}",,,normal,PBS listing was present in the previous schedule and is now absent.,2026-08-30 02:00:11.220906+00
4869,1983062564,2092-01-01,delisted,12385W_7270_1189_5417_50918,12385W,2100003000,Hadlima,"{""pbs_code"": ""12385W"", ""formulary"": ""F2"", ""brand_name"": ""Hadlima"", ""li_item_id"": ""12385W_7270_1189_5417_50918"", ""determined_price"": 444.17}",,,normal,PBS listing was present in the previous schedule and is now absent.,2026-08-30 02:00:11.220906+00
4870,1983062564,2092-01-01,delisted,12385W_7270_1189_5417_51588,12385W,2100003000,Amgevita,"{""pbs_code"": ""12385W"", ""formulary"": ""F2"", ""brand_name"": ""Amgevita"", ""li_item_id"": ""12385W_7270_1189_5417_51588"", ""determined_price"": 444.17}",,,normal,PBS listing was present in the previous schedule and is now absent.,2026-08-30 02:00:11.220906+00
4871,1983062564,2092-01-01,delisted,12385W_7270_1189_5417_54286,12385W,2100003000,Abrilada,"{""pbs_code"": ""12385W"", ""formulary"": ""F2"", ""brand_name"": ""Abrilada"", ""li_item_id"": ""12385W_7270_1189_5417_54286"", ""determined_price"": 444.17}",,,normal,PBS listing was present in the previous schedule and is now absent.,2026-08-30 02:00:11.220906+00
4872,1983062564,2092-01-01,delisted,12386X_7270_1189_5417_49267,12386X,2100003000,Hyrimoz,"{""pbs_code"": ""12386X"", ""formulary"": ""F2"", ""brand_name"": ""Hyrimoz"", ""li_item_id"": ""12386X_7270_1189_5417_49267"", ""determined_price"": 444.17}",,,normal,PBS listing was present in the previous schedule and is now absent.,2026-08-30 02:00:11.220906+00
4873,1983062564,2092-01-01,delisted,12386X_7270_1189_5417_50918,12386X,2100003000,Hadlima,"{""pbs_code"": ""12386X"", ""formulary"": ""F2"", ""brand_name"": ""Hadlima"", ""li_item_id"": ""12386X_7270_1189_5417_50918"", ""determined_price"": 444.17}",,,normal,PBS listing was present in the previous schedule and is now absent.,2026-08-30 02:00:11.220906+00
4874,1983062564,2092-01-01,delisted,12386X_7270_1189_5417_51588,12386X,2100003000,Amgevita,"{""pbs_code"": ""12386X"", ""formulary"": ""F2"", ""brand_name"": ""Amgevita"", ""li_item_id"": ""12386X_7270_1189_5417_51588"", ""determined_price"": 444.17}",,,normal,PBS listing was present in the previous schedule and is now absent.,2026-08-30 02:00:11.220906+00
4875,1983062564,2092-01-01,delisted,12386X_7270_1189_5417_54286,12386X,2100003000,Abrilada,"{""pbs_code"": ""12386X"", ""formulary"": ""F2"", ""brand_name"": ""Abrilada"", ""li_item_id"": ""12386X_7270_1189_5417_54286"", ""determined_price"": 444.17}",,,normal,PBS listing was present in the previous schedule and is now absent.,2026-08-30 02:00:11.220906+00
4876,1983062564,2092-01-01,delisted,12387Y_10037_1189_5419_45576,12387Y,2100003000,Hadlima,"{""pbs_code"": ""12387Y"", ""formulary"": ""F2"", ""brand_name"": ""Hadlima"", ""li_item_id"": ""12387Y_10037_1189_5419_45576"", ""determined_price"": 444.17}",,,normal,PBS listing was present in the previous schedule and is now absent.,2026-08-30 02:00:11.220906+00
4877,1983062564,2092-01-01,delisted,12387Y_10037_1189_5419_45951,12387Y,2100003000,Amgevita,"{""pbs_code"": ""12387Y"", ""formulary"": ""F2"", ""brand_name"": ""Amgevita"", ""li_item_id"": ""12387Y_10037_1189_5419_45951"", ""determined_price"": 444.17}",,,normal,PBS listing was present in the previous schedule and is now absent.,2026-08-30 02:00:11.220906+00
4878,1983062564,2092-01-01,delisted,12387Y_10037_1189_5419_49269,12387Y,2100003000,Hyrimoz,"{""pbs_code"": ""12387Y"", ""formulary"": ""F2"", ""brand_name"": ""Hyrimoz"", ""li_item_id"": ""12387Y_10037_1189_5419_49269"", ""determined_price"": 444.17}",,,normal,PBS listing was present in the previous schedule and is now absent.,2026-08-30 02:00:11.220906+00
4879,1983062564,2092-01-01,delisted,12388B_7270_1189_5417_49267,12388B,2100003000,Hyrimoz,"{""pbs_code"": ""12388B"", ""formulary"": ""F2"", ""brand_name"": ""Hyrimoz"", ""li_item_id"": ""12388B_7270_1189_5417_49267"", ""determined_price"": 444.17}",,,normal,PBS listing was present in the previous schedule and is now absent.,2026-08-30 02:00:11.220906+00
4880,1983062564,2092-01-01,delisted,12388B_7270_1189_5417_50918,12388B,2100003000,Hadlima,"{""pbs_code"": ""12388B"", ""formulary"": ""F2"", ""brand_name"": ""Hadlima"", ""li_item_id"": ""12388B_7270_1189_5417_50918"", ""determined_price"": 444.17}",,,normal,PBS listing was present in the previous schedule and is now absent.,2026-08-30 02:00:11.220906+00
4881,1983062564,2092-01-01,delisted,12388B_7270_1189_5417_51588,12388B,2100003000,Amgevita,"{""pbs_code"": ""12388B"", ""formulary"": ""F2"", ""brand_name"": ""Amgevita"", ""li_item_id"": ""12388B_7270_1189_5417_51588"", ""determined_price"": 444.17}",,,normal,PBS listing was present in the previous schedule and is now absent.,2026-08-30 02:00:11.220906+00
4882,1983062564,2092-01-01,delisted,12388B_7270_1189_5417_54286,12388B,2100003000,Abrilada,"{""pbs_code"": ""12388B"", ""formulary"": ""F2"", ""brand_name"": ""Abrilada"", ""li_item_id"": ""12388B_7270_1189_5417_54286"", ""determined_price"": 444.17}",,,normal,PBS listing was present in the previous schedule and is now absent.,2026-08-30 02:00:11.220906+00
4883,1983062564,2092-01-01,delisted,12389C_21832_1189_43971_43973,12389C,2100003000,Humira,"{""pbs_code"": ""12389C"", ""formulary"": ""F2"", ""brand_name"": ""Humira"", ""li_item_id"": ""12389C_21832_1189_43971_43973"", ""determined_price"": 444.17}",,,normal,PBS listing was present in the previous schedule and is now absent.,2026-08-30 02:00:11.220906+00
4884,1983062564,2092-01-01,delisted,12389C_21832_1189_43971_55426,12389C,2100003000,Yuflyma,"{""pbs_code"": ""12389C"", ""formulary"": ""F2"", ""brand_name"": ""Yuflyma"", ""li_item_id"": ""12389C_21832_1189_43971_55426"", ""determined_price"": 444.17}",,,normal,PBS listing was present in the previous schedule and is now absent.,2026-08-30 02:00:11.220906+00
4885,1983062564,2092-01-01,delisted,12389C_21832_1189_43971_59132,12389C,2100003000,Hadlima,"{""pbs_code"": ""12389C"", ""formulary"": ""F2"", ""brand_name"": ""Hadlima"", ""li_item_id"": ""12389C_21832_1189_43971_59132"", ""determined_price"": 444.17}",,,normal,PBS listing was present in the previous schedule and is now absent.,2026-08-30 02:00:11.220906+00
4886,1983062564,2092-01-01,delisted,12389C_21832_1189_43971_59529,12389C,2100003000,Hyrimoz,"{""pbs_code"": ""12389C"", ""formulary"": ""F2"", ""brand_name"": ""Hyrimoz"", ""li_item_id"": ""12389C_21832_1189_43971_59529"", ""determined_price"": 444.17}",,,normal,PBS listing was present in the previous schedule and is now absent.,2026-08-30 02:00:11.220906+00
4887,1983062564,2092-01-01,delisted,12390D_21832_1189_43971_43973,12390D,2100003000,Humira,"{""pbs_code"": ""12390D"", ""formulary"": ""F2"", ""brand_name"": ""Humira"", ""li_item_id"": ""12390D_21832_1189_43971_43973"", ""determined_price"": 444.17}",,,normal,PBS listing was present in the previous schedule and is now absent.,2026-08-30 02:00:11.220906+00
4888,1983062564,2092-01-01,delisted,12390D_21832_1189_43971_55426,12390D,2100003000,Yuflyma,"{""pbs_code"": ""12390D"", ""formulary"": ""F2"", ""brand_name"": ""Yuflyma"", ""li_item_id"": ""12390D_21832_1189_43971_55426"", ""determined_price"": 444.17}",,,normal,PBS listing was present in the previous schedule and is now absent.,2026-08-30 02:00:11.220906+00
4889,1983062564,2092-01-01,delisted,12390D_21832_1189_43971_59132,12390D,2100003000,Hadlima,"{""pbs_code"": ""12390D"", ""formulary"": ""F2"", ""brand_name"": ""Hadlima"", ""li_item_id"": ""12390D_21832_1189_43971_59132"", ""determined_price"": 444.17}",,,normal,PBS listing was present in the previous schedule and is now absent.,2026-08-30 02:00:11.220906+00
4890,1983062564,2092-01-01,delisted,12390D_21832_1189_43971_59529,12390D,2100003000,Hyrimoz,"{""pbs_code"": ""12390D"", ""formulary"": ""F2"", ""brand_name"": ""Hyrimoz"", ""li_item_id"": ""12390D_21832_1189_43971_59529"", ""determined_price"": 444.17}",,,normal,PBS listing was present in the previous schedule and is now absent.,2026-08-30 02:00:11.220906+00
4891,1983062564,2092-01-01,delisted,12391E_21831_1189_43963_43965,12391E,2100003000,Humira,"{""pbs_code"": ""12391E"", ""formulary"": ""F2"", ""brand_name"": ""Humira"", ""li_item_id"": ""12391E_21831_1189_43963_43965"", ""determined_price"": 444.17}",,,normal,PBS listing was present in the previous schedule and is now absent.,2026-08-30 02:00:11.220906+00
4892,1983062564,2092-01-01,delisted,12391E_21831_1189_43963_55425,12391E,2100003000,Yuflyma,"{""pbs_code"": ""12391E"", ""formulary"": ""F2"", ""brand_name"": ""Yuflyma"", ""li_item_id"": ""12391E_21831_1189_43963_55425"", ""determined_price"": 444.17}",,,normal,PBS listing was present in the previous schedule and is now absent.,2026-08-30 02:00:11.220906+00
4893,1983062564,2092-01-01,delisted,12391E_21831_1189_43963_59133,12391E,2100003000,Hadlima,"{""pbs_code"": ""12391E"", ""formulary"": ""F2"", ""brand_name"": ""Hadlima"", ""li_item_id"": ""12391E_21831_1189_43963_59133"", ""determined_price"": 444.17}",,,normal,PBS listing was present in the previous schedule and is now absent.,2026-08-30 02:00:11.220906+00
4894,1983062564,2092-01-01,delisted,12391E_21831_1189_43963_59530,12391E,2100003000,Hyrimoz,"{""pbs_code"": ""12391E"", ""formulary"": ""F2"", ""brand_name"": ""Hyrimoz"", ""li_item_id"": ""12391E_21831_1189_43963_59530"", ""determined_price"": 444.17}",,,normal,PBS listing was present in the previous schedule and is now absent.,2026-08-30 02:00:11.220906+00
4895,1983062564,2092-01-01,delisted,12393G_22503_1189_45830_45834,12393G,2100003000,Humira,"{""pbs_code"": ""12393G"", ""formulary"": ""F2"", ""brand_name"": ""Humira"", ""li_item_id"": ""12393G_22503_1189_45830_45834"", ""determined_price"": 618.9}",,,normal,PBS listing was present in the previous schedule and is now absent.,2026-08-30 02:00:11.220906+00
4896,1983062564,2092-01-01,delisted,12393G_22503_1189_45830_59141,12393G,2100003000,Yuflyma,"{""pbs_code"": ""12393G"", ""formulary"": ""F2"", ""brand_name"": ""Yuflyma"", ""li_item_id"": ""12393G_22503_1189_45830_59141"", ""determined_price"": 618.9}",,,normal,PBS listing was present in the previous schedule and is now absent.,2026-08-30 02:00:11.220906+00
4897,1983062564,2092-01-01,delisted,12394H_22503_1189_45830_45834,12394H,2100003000,Humira,"{""pbs_code"": ""12394H"", ""formulary"": ""F2"", ""brand_name"": ""Humira"", ""li_item_id"": ""12394H_22503_1189_45830_45834"", ""determined_price"": 618.9}",,,normal,PBS listing was present in the previous schedule and is now absent.,2026-08-30 02:00:11.220906+00
4898,1983062564,2092-01-01,delisted,12394H_22503_1189_45830_59141,12394H,2100003000,Yuflyma,"{""pbs_code"": ""12394H"", ""formulary"": ""F2"", ""brand_name"": ""Yuflyma"", ""li_item_id"": ""12394H_22503_1189_45830_59141"", ""determined_price"": 618.9}",,,normal,PBS listing was present in the previous schedule and is now absent.,2026-08-30 02:00:11.220906+00
4899,1983062564,2092-01-01,delisted,12395J_22503_1189_45830_45834,12395J,2100003000,Humira,"{""pbs_code"": ""12395J"", ""formulary"": ""F2"", ""brand_name"": ""Humira"", ""li_item_id"": ""12395J_22503_1189_45830_45834"", ""determined_price"": 618.9}",,,normal,PBS listing was present in the previous schedule and is now absent.,2026-08-30 02:00:11.220906+00
4900,1983062564,2092-01-01,delisted,12395J_22503_1189_45830_59141,12395J,2100003000,Yuflyma,"{""pbs_code"": ""12395J"", ""formulary"": ""F2"", ""brand_name"": ""Yuflyma"", ""li_item_id"": ""12395J_22503_1189_45830_59141"", ""determined_price"": 618.9}",,,normal,PBS listing was present in the previous schedule and is now absent.,2026-08-30 02:00:11.220906+00
4901,1983062564,2092-01-01,delisted,12396K_21831_1189_43963_43965,12396K,2100003000,Humira,"{""pbs_code"": ""12396K"", ""formulary"": ""F2"", ""brand_name"": ""Humira"", ""li_item_id"": ""12396K_21831_1189_43963_43965"", ""determined_price"": 444.17}",,,normal,PBS listing was present in the previous schedule and is now absent.,2026-08-30 02:00:11.220906+00
4902,1983062564,2092-01-01,delisted,12396K_21831_1189_43963_55425,12396K,2100003000,Yuflyma,"{""pbs_code"": ""12396K"", ""formulary"": ""F2"", ""brand_name"": ""Yuflyma"", ""li_item_id"": ""12396K_21831_1189_43963_55425"", ""determined_price"": 444.17}",,,normal,PBS listing was present in the previous schedule and is now absent.,2026-08-30 02:00:11.220906+00
4903,1983062564,2092-01-01,delisted,12396K_21831_1189_43963_59133,12396K,2100003000,Hadlima,"{""pbs_code"": ""12396K"", ""formulary"": ""F2"", ""brand_name"": ""Hadlima"", ""li_item_id"": ""12396K_21831_1189_43963_59133"", ""determined_price"": 444.17}",,,normal,PBS listing was present in the previous schedule and is now absent.,2026-08-30 02:00:11.220906+00
4904,1983062564,2092-01-01,delisted,12396K_21831_1189_43963_59530,12396K,2100003000,Hyrimoz,"{""pbs_code"": ""12396K"", ""formulary"": ""F2"", ""brand_name"": ""Hyrimoz"", ""li_item_id"": ""12396K_21831_1189_43963_59530"", ""determined_price"": 444.17}",,,normal,PBS listing was present in the previous schedule and is now absent.,2026-08-30 02:00:11.220906+00
4905,1983062564,2092-01-01,delisted,12397L_21831_1189_43963_43965,12397L,2100003000,Humira,"{""pbs_code"": ""12397L"", ""formulary"": ""F2"", ""brand_name"": ""Humira"", ""li_item_id"": ""12397L_21831_1189_43963_43965"", ""determined_price"": 444.17}",,,normal,PBS listing was present in the previous schedule and is now absent.,2026-08-30 02:00:11.220906+00
4906,1983062564,2092-01-01,delisted,12397L_21831_1189_43963_55425,12397L,2100003000,Yuflyma,"{""pbs_code"": ""12397L"", ""formulary"": ""F2"", ""brand_name"": ""Yuflyma"", ""li_item_id"": ""12397L_21831_1189_43963_55425"", ""determined_price"": 444.17}",,,normal,PBS listing was present in the previous schedule and is now absent.,2026-08-30 02:00:11.220906+00
4907,1983062564,2092-01-01,delisted,12397L_21831_1189_43963_59133,12397L,2100003000,Hadlima,"{""pbs_code"": ""12397L"", ""formulary"": ""F2"", ""brand_name"": ""Hadlima"", ""li_item_id"": ""12397L_21831_1189_43963_59133"", ""determined_price"": 444.17}",,,normal,PBS listing was present in the previous schedule and is now absent.,2026-08-30 02:00:11.220906+00
4908,1983062564,2092-01-01,delisted,12397L_21831_1189_43963_59530,12397L,2100003000,Hyrimoz,"{""pbs_code"": ""12397L"", ""formulary"": ""F2"", ""brand_name"": ""Hyrimoz"", ""li_item_id"": ""12397L_21831_1189_43963_59530"", ""determined_price"": 444.17}",,,normal,PBS listing was present in the previous schedule and is now absent.,2026-08-30 02:00:11.220906+00
4909,1983062564,2092-01-01,delisted,12398M_21831_1189_43963_43965,12398M,2100003000,Humira,"{""pbs_code"": ""12398M"", ""formulary"": ""F2"", ""brand_name"": ""Humira"", ""li_item_id"": ""12398M_21831_1189_43963_43965"", ""determined_price"": 444.17}",,,normal,PBS listing was present in the previous schedule and is now absent.,2026-08-30 02:00:11.220906+00
4910,1983062564,2092-01-01,delisted,12398M_21831_1189_43963_55425,12398M,2100003000,Yuflyma,"{""pbs_code"": ""12398M"", ""formulary"": ""F2"", ""brand_name"": ""Yuflyma"", ""li_item_id"": ""12398M_21831_1189_43963_55425"", ""determined_price"": 444.17}",,,normal,PBS listing was present in the previous schedule and is now absent.,2026-08-30 02:00:11.220906+00
4911,1983062564,2092-01-01,delisted,12398M_21831_1189_43963_59133,12398M,2100003000,Hadlima,"{""pbs_code"": ""12398M"", ""formulary"": ""F2"", ""brand_name"": ""Hadlima"", ""li_item_id"": ""12398M_21831_1189_43963_59133"", ""determined_price"": 444.17}",,,normal,PBS listing was present in the previous schedule and is now absent.,2026-08-30 02:00:11.220906+00
4912,1983062564,2092-01-01,delisted,12398M_21831_1189_43963_59530,12398M,2100003000,Hyrimoz,"{""pbs_code"": ""12398M"", ""formulary"": ""F2"", ""brand_name"": ""Hyrimoz"", ""li_item_id"": ""12398M_21831_1189_43963_59530"", ""determined_price"": 444.17}",,,normal,PBS listing was present in the previous schedule and is now absent.,2026-08-30 02:00:11.220906+00
4913,1983062564,2092-01-01,delisted,12399N_21831_1189_43963_43965,12399N,2100003000,Humira,"{""pbs_code"": ""12399N"", ""formulary"": ""F2"", ""brand_name"": ""Humira"", ""li_item_id"": ""12399N_21831_1189_43963_43965"", ""determined_price"": 444.17}",,,normal,PBS listing was present in the previous schedule and is now absent.,2026-08-30 02:00:11.220906+00
4914,1983062564,2092-01-01,delisted,12399N_21831_1189_43963_55425,12399N,2100003000,Yuflyma,"{""pbs_code"": ""12399N"", ""formulary"": ""F2"", ""brand_name"": ""Yuflyma"", ""li_item_id"": ""12399N_21831_1189_43963_55425"", ""determined_price"": 444.17}",,,normal,PBS listing was present in the previous schedule and is now absent.,2026-08-30 02:00:11.220906+00
4915,1983062564,2092-01-01,delisted,12399N_21831_1189_43963_59133,12399N,2100003000,Hadlima,"{""pbs_code"": ""12399N"", ""formulary"": ""F2"", ""brand_name"": ""Hadlima"", ""li_item_id"": ""12399N_21831_1189_43963_59133"", ""determined_price"": 444.17}",,,normal,PBS listing was present in the previous schedule and is now absent.,2026-08-30 02:00:11.220906+00
4916,1983062564,2092-01-01,delisted,12399N_21831_1189_43963_59530,12399N,2100003000,Hyrimoz,"{""pbs_code"": ""12399N"", ""formulary"": ""F2"", ""brand_name"": ""Hyrimoz"", ""li_item_id"": ""12399N_21831_1189_43963_59530"", ""determined_price"": 444.17}",,,normal,PBS listing was present in the previous schedule and is now absent.,2026-08-30 02:00:11.220906+00
4917,1983062564,2092-01-01,delisted,12400P_21831_1189_43963_43965,12400P,2100003000,Humira,"{""pbs_code"": ""12400P"", ""formulary"": ""F2"", ""brand_name"": ""Humira"", ""li_item_id"": ""12400P_21831_1189_43963_43965"", ""determined_price"": 444.17}",,,normal,PBS listing was present in the previous schedule and is now absent.,2026-08-30 02:00:11.220906+00
4918,1983062564,2092-01-01,delisted,12400P_21831_1189_43963_55425,12400P,2100003000,Yuflyma,"{""pbs_code"": ""12400P"", ""formulary"": ""F2"", ""brand_name"": ""Yuflyma"", ""li_item_id"": ""12400P_21831_1189_43963_55425"", ""determined_price"": 444.17}",,,normal,PBS listing was present in the previous schedule and is now absent.,2026-08-30 02:00:11.220906+00
4919,1983062564,2092-01-01,delisted,12400P_21831_1189_43963_59133,12400P,2100003000,Hadlima,"{""pbs_code"": ""12400P"", ""formulary"": ""F2"", ""brand_name"": ""Hadlima"", ""li_item_id"": ""12400P_21831_1189_43963_59133"", ""determined_price"": 444.17}",,,normal,PBS listing was present in the previous schedule and is now absent.,2026-08-30 02:00:11.220906+00
4920,1983062564,2092-01-01,delisted,12400P_21831_1189_43963_59530,12400P,2100003000,Hyrimoz,"{""pbs_code"": ""12400P"", ""formulary"": ""F2"", ""brand_name"": ""Hyrimoz"", ""li_item_id"": ""12400P_21831_1189_43963_59530"", ""determined_price"": 444.17}",,,normal,PBS listing was present in the previous schedule and is now absent.,2026-08-30 02:00:11.220906+00
4921,1983062564,2092-01-01,delisted,12401Q_7270_1189_5417_49267,12401Q,2100003000,Hyrimoz,"{""pbs_code"": ""12401Q"", ""formulary"": ""F2"", ""brand_name"": ""Hyrimoz"", ""li_item_id"": ""12401Q_7270_1189_5417_49267"", ""determined_price"": 444.17}",,,normal,PBS listing was present in the previous schedule and is now absent.,2026-08-30 02:00:11.220906+00
4922,1983062564,2092-01-01,delisted,12401Q_7270_1189_5417_50918,12401Q,2100003000,Hadlima,"{""pbs_code"": ""12401Q"", ""formulary"": ""F2"", ""brand_name"": ""Hadlima"", ""li_item_id"": ""12401Q_7270_1189_5417_50918"", ""determined_price"": 444.17}",,,normal,PBS listing was present in the previous schedule and is now absent.,2026-08-30 02:00:11.220906+00
4923,1983062564,2092-01-01,delisted,12401Q_7270_1189_5417_51588,12401Q,2100003000,Amgevita,"{""pbs_code"": ""12401Q"", ""formulary"": ""F2"", ""brand_name"": ""Amgevita"", ""li_item_id"": ""12401Q_7270_1189_5417_51588"", ""determined_price"": 444.17}",,,normal,PBS listing was present in the previous schedule and is now absent.,2026-08-30 02:00:11.220906+00
4924,1983062564,2092-01-01,delisted,12401Q_7270_1189_5417_54286,12401Q,2100003000,Abrilada,"{""pbs_code"": ""12401Q"", ""formulary"": ""F2"", ""brand_name"": ""Abrilada"", ""li_item_id"": ""12401Q_7270_1189_5417_54286"", ""determined_price"": 444.17}",,,normal,PBS listing was present in the previous schedule and is now absent.,2026-08-30 02:00:11.220906+00
4925,1983062564,2092-01-01,delisted,12402R_7270_1189_5417_49267,12402R,2100003000,Hyrimoz,"{""pbs_code"": ""12402R"", ""formulary"": ""F2"", ""brand_name"": ""Hyrimoz"", ""li_item_id"": ""12402R_7270_1189_5417_49267"", ""determined_price"": 444.17}",,,normal,PBS listing was present in the previous schedule and is now absent.,2026-08-30 02:00:11.220906+00
4926,1983062564,2092-01-01,delisted,12402R_7270_1189_5417_50918,12402R,2100003000,Hadlima,"{""pbs_code"": ""12402R"", ""formulary"": ""F2"", ""brand_name"": ""Hadlima"", ""li_item_id"": ""12402R_7270_1189_5417_50918"", ""determined_price"": 444.17}",,,normal,PBS listing was present in the previous schedule and is now absent.,2026-08-30 02:00:11.220906+00
4927,1983062564,2092-01-01,delisted,12402R_7270_1189_5417_51588,12402R,2100003000,Amgevita,"{""pbs_code"": ""12402R"", ""formulary"": ""F2"", ""brand_name"": ""Amgevita"", ""li_item_id"": ""12402R_7270_1189_5417_51588"", ""determined_price"": 444.17}",,,normal,PBS listing was present in the previous schedule and is now absent.,2026-08-30 02:00:11.220906+00
4928,1983062564,2092-01-01,delisted,12402R_7270_1189_5417_54286,12402R,2100003000,Abrilada,"{""pbs_code"": ""12402R"", ""formulary"": ""F2"", ""brand_name"": ""Abrilada"", ""li_item_id"": ""12402R_7270_1189_5417_54286"", ""determined_price"": 444.17}",,,normal,PBS listing was present in the previous schedule and is now absent.,2026-08-30 02:00:11.220906+00
4929,1983062564,2092-01-01,delisted,12403T_7270_1189_5417_49267,12403T,2100003000,Hyrimoz,"{""pbs_code"": ""12403T"", ""formulary"": ""F2"", ""brand_name"": ""Hyrimoz"", ""li_item_id"": ""12403T_7270_1189_5417_49267"", ""determined_price"": 444.17}",,,normal,PBS listing was present in the previous schedule and is now absent.,2026-08-30 02:00:11.220906+00
4930,1983062564,2092-01-01,delisted,12403T_7270_1189_5417_50918,12403T,2100003000,Hadlima,"{""pbs_code"": ""12403T"", ""formulary"": ""F2"", ""brand_name"": ""Hadlima"", ""li_item_id"": ""12403T_7270_1189_5417_50918"", ""determined_price"": 444.17}",,,normal,PBS listing was present in the previous schedule and is now absent.,2026-08-30 02:00:11.220906+00
4931,1983062564,2092-01-01,delisted,12403T_7270_1189_5417_51588,12403T,2100003000,Amgevita,"{""pbs_code"": ""12403T"", ""formulary"": ""F2"", ""brand_name"": ""Amgevita"", ""li_item_id"": ""12403T_7270_1189_5417_51588"", ""determined_price"": 444.17}",,,normal,PBS listing was present in the previous schedule and is now absent.,2026-08-30 02:00:11.220906+00
4932,1983062564,2092-01-01,delisted,12403T_7270_1189_5417_54286,12403T,2100003000,Abrilada,"{""pbs_code"": ""12403T"", ""formulary"": ""F2"", ""brand_name"": ""Abrilada"", ""li_item_id"": ""12403T_7270_1189_5417_54286"", ""determined_price"": 444.17}",,,normal,PBS listing was present in the previous schedule and is now absent.,2026-08-30 02:00:11.220906+00
4933,1983062564,2092-01-01,delisted,12405X_21831_1189_43963_43965,12405X,2100003000,Humira,"{""pbs_code"": ""12405X"", ""formulary"": ""F2"", ""brand_name"": ""Humira"", ""li_item_id"": ""12405X_21831_1189_43963_43965"", ""determined_price"": 444.17}",,,normal,PBS listing was present in the previous schedule and is now absent.,2026-08-30 02:00:11.220906+00
4934,1983062564,2092-01-01,delisted,12405X_21831_1189_43963_55425,12405X,2100003000,Yuflyma,"{""pbs_code"": ""12405X"", ""formulary"": ""F2"", ""brand_name"": ""Yuflyma"", ""li_item_id"": ""12405X_21831_1189_43963_55425"", ""determined_price"": 444.17}",,,normal,PBS listing was present in the previous schedule and is now absent.,2026-08-30 02:00:11.220906+00
4935,1983062564,2092-01-01,delisted,12405X_21831_1189_43963_59133,12405X,2100003000,Hadlima,"{""pbs_code"": ""12405X"", ""formulary"": ""F2"", ""brand_name"": ""Hadlima"", ""li_item_id"": ""12405X_21831_1189_43963_59133"", ""determined_price"": 444.17}",,,normal,PBS listing was present in the previous schedule and is now absent.,2026-08-30 02:00:11.220906+00
4936,1983062564,2092-01-01,delisted,12405X_21831_1189_43963_59530,12405X,2100003000,Hyrimoz,"{""pbs_code"": ""12405X"", ""formulary"": ""F2"", ""brand_name"": ""Hyrimoz"", ""li_item_id"": ""12405X_21831_1189_43963_59530"", ""determined_price"": 444.17}",,,normal,PBS listing was present in the previous schedule and is now absent.,2026-08-30 02:00:11.220906+00
4937,1983062564,2092-01-01,delisted,12406Y_22501_1189_45820_45824,12406Y,2100003000,Humira,"{""pbs_code"": ""12406Y"", ""formulary"": ""F2"", ""brand_name"": ""Humira"", ""li_item_id"": ""12406Y_22501_1189_45820_45824"", ""determined_price"": 567.42}",,,normal,PBS listing was present in the previous schedule and is now absent.,2026-08-30 02:00:11.220906+00
4938,1983062564,2092-01-01,delisted,12407B_22501_1189_45820_45824,12407B,2100003000,Humira,"{""pbs_code"": ""12407B"", ""formulary"": ""F2"", ""brand_name"": ""Humira"", ""li_item_id"": ""12407B_22501_1189_45820_45824"", ""determined_price"": 567.42}",,,normal,PBS listing was present in the previous schedule and is now absent.,2026-08-30 02:00:11.220906+00
4939,1983062564,2092-01-01,delisted,12408C_22503_1189_45830_45834,12408C,2100003000,Humira,"{""pbs_code"": ""12408C"", ""formulary"": ""F2"", ""brand_name"": ""Humira"", ""li_item_id"": ""12408C_22503_1189_45830_45834"", ""determined_price"": 618.9}",,,normal,PBS listing was present in the previous schedule and is now absent.,2026-08-30 02:00:11.220906+00
4940,1983062564,2092-01-01,delisted,12408C_22503_1189_45830_59141,12408C,2100003000,Yuflyma,"{""pbs_code"": ""12408C"", ""formulary"": ""F2"", ""brand_name"": ""Yuflyma"", ""li_item_id"": ""12408C_22503_1189_45830_59141"", ""determined_price"": 618.9}",,,normal,PBS listing was present in the previous schedule and is now absent.,2026-08-30 02:00:11.220906+00
4941,1983062564,2092-01-01,delisted,12409D_22503_1189_45830_45834,12409D,2100003000,Humira,"{""pbs_code"": ""12409D"", ""formulary"": ""F2"", ""brand_name"": ""Humira"", ""li_item_id"": ""12409D_22503_1189_45830_45834"", ""determined_price"": 618.9}",,,normal,PBS listing was present in the previous schedule and is now absent.,2026-08-30 02:00:11.220906+00
4942,1983062564,2092-01-01,delisted,12409D_22503_1189_45830_59141,12409D,2100003000,Yuflyma,"{""pbs_code"": ""12409D"", ""formulary"": ""F2"", ""brand_name"": ""Yuflyma"", ""li_item_id"": ""12409D_22503_1189_45830_59141"", ""determined_price"": 618.9}",,,normal,PBS listing was present in the previous schedule and is now absent.,2026-08-30 02:00:11.220906+00
4943,1983062564,2092-01-01,delisted,12410E_21831_1189_43963_43965,12410E,2100003000,Humira,"{""pbs_code"": ""12410E"", ""formulary"": ""F2"", ""brand_name"": ""Humira"", ""li_item_id"": ""12410E_21831_1189_43963_43965"", ""determined_price"": 444.17}",,,normal,PBS listing was present in the previous schedule and is now absent.,2026-08-30 02:00:11.220906+00
4944,1983062564,2092-01-01,delisted,12410E_21831_1189_43963_55425,12410E,2100003000,Yuflyma,"{""pbs_code"": ""12410E"", ""formulary"": ""F2"", ""brand_name"": ""Yuflyma"", ""li_item_id"": ""12410E_21831_1189_43963_55425"", ""determined_price"": 444.17}",,,normal,PBS listing was present in the previous schedule and is now absent.,2026-08-30 02:00:11.220906+00
4945,1983062564,2092-01-01,delisted,12410E_21831_1189_43963_59133,12410E,2100003000,Hadlima,"{""pbs_code"": ""12410E"", ""formulary"": ""F2"", ""brand_name"": ""Hadlima"", ""li_item_id"": ""12410E_21831_1189_43963_59133"", ""determined_price"": 444.17}",,,normal,PBS listing was present in the previous schedule and is now absent.,2026-08-30 02:00:11.220906+00
4946,1983062564,2092-01-01,delisted,12410E_21831_1189_43963_59530,12410E,2100003000,Hyrimoz,"{""pbs_code"": ""12410E"", ""formulary"": ""F2"", ""brand_name"": ""Hyrimoz"", ""li_item_id"": ""12410E_21831_1189_43963_59530"", ""determined_price"": 444.17}",,,normal,PBS listing was present in the previous schedule and is now absent.,2026-08-30 02:00:11.220906+00
4947,1983062564,2092-01-01,delisted,12411F_21832_1189_43971_43973,12411F,2100003000,Humira,"{""pbs_code"": ""12411F"", ""formulary"": ""F2"", ""brand_name"": ""Humira"", ""li_item_id"": ""12411F_21832_1189_43971_43973"", ""determined_price"": 444.17}",,,normal,PBS listing was present in the previous schedule and is now absent.,2026-08-30 02:00:11.220906+00
4948,1983062564,2092-01-01,delisted,12411F_21832_1189_43971_55426,12411F,2100003000,Yuflyma,"{""pbs_code"": ""12411F"", ""formulary"": ""F2"", ""brand_name"": ""Yuflyma"", ""li_item_id"": ""12411F_21832_1189_43971_55426"", ""determined_price"": 444.17}",,,normal,PBS listing was present in the previous schedule and is now absent.,2026-08-30 02:00:11.220906+00
4949,1983062564,2092-01-01,delisted,12411F_21832_1189_43971_59132,12411F,2100003000,Hadlima,"{""pbs_code"": ""12411F"", ""formulary"": ""F2"", ""brand_name"": ""Hadlima"", ""li_item_id"": ""12411F_21832_1189_43971_59132"", ""determined_price"": 444.17}",,,normal,PBS listing was present in the previous schedule and is now absent.,2026-08-30 02:00:11.220906+00
4950,1983062564,2092-01-01,delisted,12411F_21832_1189_43971_59529,12411F,2100003000,Hyrimoz,"{""pbs_code"": ""12411F"", ""formulary"": ""F2"", ""brand_name"": ""Hyrimoz"", ""li_item_id"": ""12411F_21832_1189_43971_59529"", ""determined_price"": 444.17}",,,normal,PBS listing was present in the previous schedule and is now absent.,2026-08-30 02:00:11.220906+00
4951,1983062564,2092-01-01,delisted,12412G_21832_1189_43971_43973,12412G,2100003000,Humira,"{""pbs_code"": ""12412G"", ""formulary"": ""F2"", ""brand_name"": ""Humira"", ""li_item_id"": ""12412G_21832_1189_43971_43973"", ""determined_price"": 444.17}",,,normal,PBS listing was present in the previous schedule and is now absent.,2026-08-30 02:00:11.220906+00
4952,1983062564,2092-01-01,delisted,12412G_21832_1189_43971_55426,12412G,2100003000,Yuflyma,"{""pbs_code"": ""12412G"", ""formulary"": ""F2"", ""brand_name"": ""Yuflyma"", ""li_item_id"": ""12412G_21832_1189_43971_55426"", ""determined_price"": 444.17}",,,normal,PBS listing was present in the previous schedule and is now absent.,2026-08-30 02:00:11.220906+00
4953,1983062564,2092-01-01,delisted,12412G_21832_1189_43971_59132,12412G,2100003000,Hadlima,"{""pbs_code"": ""12412G"", ""formulary"": ""F2"", ""brand_name"": ""Hadlima"", ""li_item_id"": ""12412G_21832_1189_43971_59132"", ""determined_price"": 444.17}",,,normal,PBS listing was present in the previous schedule and is now absent.,2026-08-30 02:00:11.220906+00
4954,1983062564,2092-01-01,delisted,12412G_21832_1189_43971_59529,12412G,2100003000,Hyrimoz,"{""pbs_code"": ""12412G"", ""formulary"": ""F2"", ""brand_name"": ""Hyrimoz"", ""li_item_id"": ""12412G_21832_1189_43971_59529"", ""determined_price"": 444.17}",,,normal,PBS listing was present in the previous schedule and is now absent.,2026-08-30 02:00:11.220906+00
4955,1983062564,2092-01-01,delisted,12413H_21831_1189_43963_43965,12413H,2100003000,Humira,"{""pbs_code"": ""12413H"", ""formulary"": ""F2"", ""brand_name"": ""Humira"", ""li_item_id"": ""12413H_21831_1189_43963_43965"", ""determined_price"": 444.17}",,,normal,PBS listing was present in the previous schedule and is now absent.,2026-08-30 02:00:11.220906+00
4956,1983062564,2092-01-01,delisted,12413H_21831_1189_43963_55425,12413H,2100003000,Yuflyma,"{""pbs_code"": ""12413H"", ""formulary"": ""F2"", ""brand_name"": ""Yuflyma"", ""li_item_id"": ""12413H_21831_1189_43963_55425"", ""determined_price"": 444.17}",,,normal,PBS listing was present in the previous schedule and is now absent.,2026-08-30 02:00:11.220906+00
4957,1983062564,2092-01-01,delisted,12413H_21831_1189_43963_59133,12413H,2100003000,Hadlima,"{""pbs_code"": ""12413H"", ""formulary"": ""F2"", ""brand_name"": ""Hadlima"", ""li_item_id"": ""12413H_21831_1189_43963_59133"", ""determined_price"": 444.17}",,,normal,PBS listing was present in the previous schedule and is now absent.,2026-08-30 02:00:11.220906+00
4958,1983062564,2092-01-01,delisted,12413H_21831_1189_43963_59530,12413H,2100003000,Hyrimoz,"{""pbs_code"": ""12413H"", ""formulary"": ""F2"", ""brand_name"": ""Hyrimoz"", ""li_item_id"": ""12413H_21831_1189_43963_59530"", ""determined_price"": 444.17}",,,normal,PBS listing was present in the previous schedule and is now absent.,2026-08-30 02:00:11.220906+00
4959,1983062564,2092-01-01,delisted,12414J_21832_1189_43971_43973,12414J,2100003000,Humira,"{""pbs_code"": ""12414J"", ""formulary"": ""F2"", ""brand_name"": ""Humira"", ""li_item_id"": ""12414J_21832_1189_43971_43973"", ""determined_price"": 444.17}",,,normal,PBS listing was present in the previous schedule and is now absent.,2026-08-30 02:00:11.220906+00
4960,1983062564,2092-01-01,delisted,12414J_21832_1189_43971_55426,12414J,2100003000,Yuflyma,"{""pbs_code"": ""12414J"", ""formulary"": ""F2"", ""brand_name"": ""Yuflyma"", ""li_item_id"": ""12414J_21832_1189_43971_55426"", ""determined_price"": 444.17}",,,normal,PBS listing was present in the previous schedule and is now absent.,2026-08-30 02:00:11.220906+00
4961,1983062564,2092-01-01,delisted,12414J_21832_1189_43971_59132,12414J,2100003000,Hadlima,"{""pbs_code"": ""12414J"", ""formulary"": ""F2"", ""brand_name"": ""Hadlima"", ""li_item_id"": ""12414J_21832_1189_43971_59132"", ""determined_price"": 444.17}",,,normal,PBS listing was present in the previous schedule and is now absent.,2026-08-30 02:00:11.220906+00
4962,1983062564,2092-01-01,delisted,12414J_21832_1189_43971_59529,12414J,2100003000,Hyrimoz,"{""pbs_code"": ""12414J"", ""formulary"": ""F2"", ""brand_name"": ""Hyrimoz"", ""li_item_id"": ""12414J_21832_1189_43971_59529"", ""determined_price"": 444.17}",,,normal,PBS listing was present in the previous schedule and is now absent.,2026-08-30 02:00:11.220906+00
4963,1983062564,2092-01-01,delisted,12415K_7270_1189_5417_49267,12415K,2100003000,Hyrimoz,"{""pbs_code"": ""12415K"", ""formulary"": ""F2"", ""brand_name"": ""Hyrimoz"", ""li_item_id"": ""12415K_7270_1189_5417_49267"", ""determined_price"": 444.17}",,,normal,PBS listing was present in the previous schedule and is now absent.,2026-08-30 02:00:11.220906+00
4964,1983062564,2092-01-01,delisted,12415K_7270_1189_5417_50918,12415K,2100003000,Hadlima,"{""pbs_code"": ""12415K"", ""formulary"": ""F2"", ""brand_name"": ""Hadlima"", ""li_item_id"": ""12415K_7270_1189_5417_50918"", ""determined_price"": 444.17}",,,normal,PBS listing was present in the previous schedule and is now absent.,2026-08-30 02:00:11.220906+00
4965,1983062564,2092-01-01,delisted,12415K_7270_1189_5417_51588,12415K,2100003000,Amgevita,"{""pbs_code"": ""12415K"", ""formulary"": ""F2"", ""brand_name"": ""Amgevita"", ""li_item_id"": ""12415K_7270_1189_5417_51588"", ""determined_price"": 444.17}",,,normal,PBS listing was present in the previous schedule and is now absent.,2026-08-30 02:00:11.220906+00
4966,1983062564,2092-01-01,delisted,12415K_7270_1189_5417_54286,12415K,2100003000,Abrilada,"{""pbs_code"": ""12415K"", ""formulary"": ""F2"", ""brand_name"": ""Abrilada"", ""li_item_id"": ""12415K_7270_1189_5417_54286"", ""determined_price"": 444.17}",,,normal,PBS listing was present in the previous schedule and is now absent.,2026-08-30 02:00:11.220906+00
4967,1983062564,2092-01-01,delisted,12416L_10037_1189_5419_45576,12416L,2100003000,Hadlima,"{""pbs_code"": ""12416L"", ""formulary"": ""F2"", ""brand_name"": ""Hadlima"", ""li_item_id"": ""12416L_10037_1189_5419_45576"", ""determined_price"": 444.17}",,,normal,PBS listing was present in the previous schedule and is now absent.,2026-08-30 02:00:11.220906+00
4968,1983062564,2092-01-01,delisted,12416L_10037_1189_5419_45951,12416L,2100003000,Amgevita,"{""pbs_code"": ""12416L"", ""formulary"": ""F2"", ""brand_name"": ""Amgevita"", ""li_item_id"": ""12416L_10037_1189_5419_45951"", ""determined_price"": 444.17}",,,normal,PBS listing was present in the previous schedule and is now absent.,2026-08-30 02:00:11.220906+00
4969,1983062564,2092-01-01,delisted,12416L_10037_1189_5419_49269,12416L,2100003000,Hyrimoz,"{""pbs_code"": ""12416L"", ""formulary"": ""F2"", ""brand_name"": ""Hyrimoz"", ""li_item_id"": ""12416L_10037_1189_5419_49269"", ""determined_price"": 444.17}",,,normal,PBS listing was present in the previous schedule and is now absent.,2026-08-30 02:00:11.220906+00
4970,1983062564,2092-01-01,delisted,12417M_7444_1189_51604_51606,12417M,2100003000,Amgevita,"{""pbs_code"": ""12417M"", ""formulary"": ""F2"", ""brand_name"": ""Amgevita"", ""li_item_id"": ""12417M_7444_1189_51604_51606"", ""determined_price"": 272.84}",,,normal,PBS listing was present in the previous schedule and is now absent.,2026-08-30 02:00:11.220906+00
4971,1983062564,2092-01-01,delisted,12419P_22502_1189_45825_45829,12419P,2100003000,Humira,"{""pbs_code"": ""12419P"", ""formulary"": ""F2"", ""brand_name"": ""Humira"", ""li_item_id"": ""12419P_22502_1189_45825_45829"", ""determined_price"": 618.9}",,,normal,PBS listing was present in the previous schedule and is now absent.,2026-08-30 02:00:11.220906+00
4972,1983062564,2092-01-01,delisted,12419P_22502_1189_45825_59140,12419P,2100003000,Yuflyma,"{""pbs_code"": ""12419P"", ""formulary"": ""F2"", ""brand_name"": ""Yuflyma"", ""li_item_id"": ""12419P_22502_1189_45825_59140"", ""determined_price"": 618.9}",,,normal,PBS listing was present in the previous schedule and is now absent.,2026-08-30 02:00:11.220906+00
4973,1983062564,2092-01-01,delisted,12419P_22502_1189_45825_59531,12419P,2100003000,Hyrimoz,"{""pbs_code"": ""12419P"", ""formulary"": ""F2"", ""brand_name"": ""Hyrimoz"", ""li_item_id"": ""12419P_22502_1189_45825_59531"", ""determined_price"": 618.9}",,,normal,PBS listing was present in the previous schedule and is now absent.,2026-08-30 02:00:11.220906+00
4974,1983062564,2092-01-01,delisted,12420Q_7270_1189_5417_49267,12420Q,2100003000,Hyrimoz,"{""pbs_code"": ""12420Q"", ""formulary"": ""F2"", ""brand_name"": ""Hyrimoz"", ""li_item_id"": ""12420Q_7270_1189_5417_49267"", ""determined_price"": 444.17}",,,normal,PBS listing was present in the previous schedule and is now absent.,2026-08-30 02:00:11.220906+00
4975,1983062564,2092-01-01,delisted,12420Q_7270_1189_5417_50918,12420Q,2100003000,Hadlima,"{""pbs_code"": ""12420Q"", ""formulary"": ""F2"", ""brand_name"": ""Hadlima"", ""li_item_id"": ""12420Q_7270_1189_5417_50918"", ""determined_price"": 444.17}",,,normal,PBS listing was present in the previous schedule and is now absent.,2026-08-30 02:00:11.220906+00
4976,1983062564,2092-01-01,delisted,12420Q_7270_1189_5417_51588,12420Q,2100003000,Amgevita,"{""pbs_code"": ""12420Q"", ""formulary"": ""F2"", ""brand_name"": ""Amgevita"", ""li_item_id"": ""12420Q_7270_1189_5417_51588"", ""determined_price"": 444.17}",,,normal,PBS listing was present in the previous schedule and is now absent.,2026-08-30 02:00:11.220906+00
4977,1983062564,2092-01-01,delisted,12420Q_7270_1189_5417_54286,12420Q,2100003000,Abrilada,"{""pbs_code"": ""12420Q"", ""formulary"": ""F2"", ""brand_name"": ""Abrilada"", ""li_item_id"": ""12420Q_7270_1189_5417_54286"", ""determined_price"": 444.17}",,,normal,PBS listing was present in the previous schedule and is now absent.,2026-08-30 02:00:11.220906+00
4978,1983062564,2092-01-01,delisted,12421R_21831_1189_43963_43965,12421R,2100003000,Humira,"{""pbs_code"": ""12421R"", ""formulary"": ""F2"", ""brand_name"": ""Humira"", ""li_item_id"": ""12421R_21831_1189_43963_43965"", ""determined_price"": 444.17}",,,normal,PBS listing was present in the previous schedule and is now absent.,2026-08-30 02:00:11.220906+00
4979,1983062564,2092-01-01,delisted,12421R_21831_1189_43963_55425,12421R,2100003000,Yuflyma,"{""pbs_code"": ""12421R"", ""formulary"": ""F2"", ""brand_name"": ""Yuflyma"", ""li_item_id"": ""12421R_21831_1189_43963_55425"", ""determined_price"": 444.17}",,,normal,PBS listing was present in the previous schedule and is now absent.,2026-08-30 02:00:11.220906+00
4980,1983062564,2092-01-01,delisted,12421R_21831_1189_43963_59133,12421R,2100003000,Hadlima,"{""pbs_code"": ""12421R"", ""formulary"": ""F2"", ""brand_name"": ""Hadlima"", ""li_item_id"": ""12421R_21831_1189_43963_59133"", ""determined_price"": 444.17}",,,normal,PBS listing was present in the previous schedule and is now absent.,2026-08-30 02:00:11.220906+00
4981,1983062564,2092-01-01,delisted,12421R_21831_1189_43963_59530,12421R,2100003000,Hyrimoz,"{""pbs_code"": ""12421R"", ""formulary"": ""F2"", ""brand_name"": ""Hyrimoz"", ""li_item_id"": ""12421R_21831_1189_43963_59530"", ""determined_price"": 444.17}",,,normal,PBS listing was present in the previous schedule and is now absent.,2026-08-30 02:00:11.220906+00
4982,1983062564,2092-01-01,delisted,12422T_21831_1189_43963_43965,12422T,2100003000,Humira,"{""pbs_code"": ""12422T"", ""formulary"": ""F2"", ""brand_name"": ""Humira"", ""li_item_id"": ""12422T_21831_1189_43963_43965"", ""determined_price"": 444.17}",,,normal,PBS listing was present in the previous schedule and is now absent.,2026-08-30 02:00:11.220906+00
4983,1983062564,2092-01-01,delisted,12422T_21831_1189_43963_55425,12422T,2100003000,Yuflyma,"{""pbs_code"": ""12422T"", ""formulary"": ""F2"", ""brand_name"": ""Yuflyma"", ""li_item_id"": ""12422T_21831_1189_43963_55425"", ""determined_price"": 444.17}",,,normal,PBS listing was present in the previous schedule and is now absent.,2026-08-30 02:00:11.220906+00
4984,1983062564,2092-01-01,delisted,12422T_21831_1189_43963_59133,12422T,2100003000,Hadlima,"{""pbs_code"": ""12422T"", ""formulary"": ""F2"", ""brand_name"": ""Hadlima"", ""li_item_id"": ""12422T_21831_1189_43963_59133"", ""determined_price"": 444.17}",,,normal,PBS listing was present in the previous schedule and is now absent.,2026-08-30 02:00:11.220906+00
4985,1983062564,2092-01-01,delisted,12422T_21831_1189_43963_59530,12422T,2100003000,Hyrimoz,"{""pbs_code"": ""12422T"", ""formulary"": ""F2"", ""brand_name"": ""Hyrimoz"", ""li_item_id"": ""12422T_21831_1189_43963_59530"", ""determined_price"": 444.17}",,,normal,PBS listing was present in the previous schedule and is now absent.,2026-08-30 02:00:11.220906+00
4986,1983062564,2092-01-01,delisted,12423W_22501_1189_45820_45824,12423W,2100003000,Humira,"{""pbs_code"": ""12423W"", ""formulary"": ""F2"", ""brand_name"": ""Humira"", ""li_item_id"": ""12423W_22501_1189_45820_45824"", ""determined_price"": 567.42}",,,normal,PBS listing was present in the previous schedule and is now absent.,2026-08-30 02:00:11.220906+00
4987,1983062564,2092-01-01,delisted,12424X_22501_1189_45820_45824,12424X,2100003000,Humira,"{""pbs_code"": ""12424X"", ""formulary"": ""F2"", ""brand_name"": ""Humira"", ""li_item_id"": ""12424X_22501_1189_45820_45824"", ""determined_price"": 567.42}",,,normal,PBS listing was present in the previous schedule and is now absent.,2026-08-30 02:00:11.220906+00
4988,1983062564,2092-01-01,delisted,12425Y_21832_1189_43971_43973,12425Y,2100003000,Humira,"{""pbs_code"": ""12425Y"", ""formulary"": ""F2"", ""brand_name"": ""Humira"", ""li_item_id"": ""12425Y_21832_1189_43971_43973"", ""determined_price"": 444.17}",,,normal,PBS listing was present in the previous schedule and is now absent.,2026-08-30 02:00:11.220906+00
4989,1983062564,2092-01-01,delisted,12425Y_21832_1189_43971_55426,12425Y,2100003000,Yuflyma,"{""pbs_code"": ""12425Y"", ""formulary"": ""F2"", ""brand_name"": ""Yuflyma"", ""li_item_id"": ""12425Y_21832_1189_43971_55426"", ""determined_price"": 444.17}",,,normal,PBS listing was present in the previous schedule and is now absent.,2026-08-30 02:00:11.220906+00
4990,1983062564,2092-01-01,delisted,12425Y_21832_1189_43971_59132,12425Y,2100003000,Hadlima,"{""pbs_code"": ""12425Y"", ""formulary"": ""F2"", ""brand_name"": ""Hadlima"", ""li_item_id"": ""12425Y_21832_1189_43971_59132"", ""determined_price"": 444.17}",,,normal,PBS listing was present in the previous schedule and is now absent.,2026-08-30 02:00:11.220906+00
4991,1983062564,2092-01-01,delisted,12425Y_21832_1189_43971_59529,12425Y,2100003000,Hyrimoz,"{""pbs_code"": ""12425Y"", ""formulary"": ""F2"", ""brand_name"": ""Hyrimoz"", ""li_item_id"": ""12425Y_21832_1189_43971_59529"", ""determined_price"": 444.17}",,,normal,PBS listing was present in the previous schedule and is now absent.,2026-08-30 02:00:11.220906+00
4992,1983062564,2092-01-01,delisted,12426B_22502_1189_45825_45829,12426B,2100003000,Humira,"{""pbs_code"": ""12426B"", ""formulary"": ""F2"", ""brand_name"": ""Humira"", ""li_item_id"": ""12426B_22502_1189_45825_45829"", ""determined_price"": 618.9}",,,normal,PBS listing was present in the previous schedule and is now absent.,2026-08-30 02:00:11.220906+00
4993,1983062564,2092-01-01,delisted,12426B_22502_1189_45825_59140,12426B,2100003000,Yuflyma,"{""pbs_code"": ""12426B"", ""formulary"": ""F2"", ""brand_name"": ""Yuflyma"", ""li_item_id"": ""12426B_22502_1189_45825_59140"", ""determined_price"": 618.9}",,,normal,PBS listing was present in the previous schedule and is now absent.,2026-08-30 02:00:11.220906+00
4994,1983062564,2092-01-01,delisted,12426B_22502_1189_45825_59531,12426B,2100003000,Hyrimoz,"{""pbs_code"": ""12426B"", ""formulary"": ""F2"", ""brand_name"": ""Hyrimoz"", ""li_item_id"": ""12426B_22502_1189_45825_59531"", ""determined_price"": 618.9}",,,normal,PBS listing was present in the previous schedule and is now absent.,2026-08-30 02:00:11.220906+00
4995,1983062564,2092-01-01,delisted,12428D_21832_1189_43971_43973,12428D,2100003000,Humira,"{""pbs_code"": ""12428D"", ""formulary"": ""F2"", ""brand_name"": ""Humira"", ""li_item_id"": ""12428D_21832_1189_43971_43973"", ""determined_price"": 444.17}",,,normal,PBS listing was present in the previous schedule and is now absent.,2026-08-30 02:00:11.220906+00
4996,1983062564,2092-01-01,delisted,12428D_21832_1189_43971_55426,12428D,2100003000,Yuflyma,"{""pbs_code"": ""12428D"", ""formulary"": ""F2"", ""brand_name"": ""Yuflyma"", ""li_item_id"": ""12428D_21832_1189_43971_55426"", ""determined_price"": 444.17}",,,normal,PBS listing was present in the previous schedule and is now absent.,2026-08-30 02:00:11.220906+00
4997,1983062564,2092-01-01,delisted,12428D_21832_1189_43971_59132,12428D,2100003000,Hadlima,"{""pbs_code"": ""12428D"", ""formulary"": ""F2"", ""brand_name"": ""Hadlima"", ""li_item_id"": ""12428D_21832_1189_43971_59132"", ""determined_price"": 444.17}",,,normal,PBS listing was present in the previous schedule and is now absent.,2026-08-30 02:00:11.220906+00
4998,1983062564,2092-01-01,delisted,12428D_21832_1189_43971_59529,12428D,2100003000,Hyrimoz,"{""pbs_code"": ""12428D"", ""formulary"": ""F2"", ""brand_name"": ""Hyrimoz"", ""li_item_id"": ""12428D_21832_1189_43971_59529"", ""determined_price"": 444.17}",,,normal,PBS listing was present in the previous schedule and is now absent.,2026-08-30 02:00:11.220906+00
4999,1983062564,2092-01-01,delisted,12429E_21832_1189_43971_43973,12429E,2100003000,Humira,"{""pbs_code"": ""12429E"", ""formulary"": ""F2"", ""brand_name"": ""Humira"", ""li_item_id"": ""12429E_21832_1189_43971_43973"", ""determined_price"": 444.17}",,,normal,PBS listing was present in the previous schedule and is now absent.,2026-08-30 02:00:11.220906+00
5000,1983062564,2092-01-01,delisted,12429E_21832_1189_43971_55426,12429E,2100003000,Yuflyma,"{""pbs_code"": ""12429E"", ""formulary"": ""F2"", ""brand_name"": ""Yuflyma"", ""li_item_id"": ""12429E_21832_1189_43971_55426"", ""determined_price"": 444.17}",,,normal,PBS listing was present in the previous schedule and is now absent.,2026-08-30 02:00:11.220906+00
5001,1983062564,2092-01-01,delisted,12429E_21832_1189_43971_59132,12429E,2100003000,Hadlima,"{""pbs_code"": ""12429E"", ""formulary"": ""F2"", ""brand_name"": ""Hadlima"", ""li_item_id"": ""12429E_21832_1189_43971_59132"", ""determined_price"": 444.17}",,,normal,PBS listing was present in the previous schedule and is now absent.,2026-08-30 02:00:11.220906+00
5002,1983062564,2092-01-01,delisted,12429E_21832_1189_43971_59529,12429E,2100003000,Hyrimoz,"{""pbs_code"": ""12429E"", ""formulary"": ""F2"", ""brand_name"": ""Hyrimoz"", ""li_item_id"": ""12429E_21832_1189_43971_59529"", ""determined_price"": 444.17}",,,normal,PBS listing was present in the previous schedule and is now absent.,2026-08-30 02:00:11.220906+00
5003,1983062564,2092-01-01,delisted,12430F_21831_1189_43963_43965,12430F,2100003000,Humira,"{""pbs_code"": ""12430F"", ""formulary"": ""F2"", ""brand_name"": ""Humira"", ""li_item_id"": ""12430F_21831_1189_43963_43965"", ""determined_price"": 444.17}",,,normal,PBS listing was present in the previous schedule and is now absent.,2026-08-30 02:00:11.220906+00
5004,1983062564,2092-01-01,delisted,12430F_21831_1189_43963_55425,12430F,2100003000,Yuflyma,"{""pbs_code"": ""12430F"", ""formulary"": ""F2"", ""brand_name"": ""Yuflyma"", ""li_item_id"": ""12430F_21831_1189_43963_55425"", ""determined_price"": 444.17}",,,normal,PBS listing was present in the previous schedule and is now absent.,2026-08-30 02:00:11.220906+00
5005,1983062564,2092-01-01,delisted,12430F_21831_1189_43963_59133,12430F,2100003000,Hadlima,"{""pbs_code"": ""12430F"", ""formulary"": ""F2"", ""brand_name"": ""Hadlima"", ""li_item_id"": ""12430F_21831_1189_43963_59133"", ""determined_price"": 444.17}",,,normal,PBS listing was present in the previous schedule and is now absent.,2026-08-30 02:00:11.220906+00
5006,1983062564,2092-01-01,delisted,12430F_21831_1189_43963_59530,12430F,2100003000,Hyrimoz,"{""pbs_code"": ""12430F"", ""formulary"": ""F2"", ""brand_name"": ""Hyrimoz"", ""li_item_id"": ""12430F_21831_1189_43963_59530"", ""determined_price"": 444.17}",,,normal,PBS listing was present in the previous schedule and is now absent.,2026-08-30 02:00:11.220906+00
5007,1983062564,2092-01-01,delisted,12431G_21831_1189_43963_43965,12431G,2100003000,Humira,"{""pbs_code"": ""12431G"", ""formulary"": ""F2"", ""brand_name"": ""Humira"", ""li_item_id"": ""12431G_21831_1189_43963_43965"", ""determined_price"": 444.17}",,,normal,PBS listing was present in the previous schedule and is now absent.,2026-08-30 02:00:11.220906+00
5008,1983062564,2092-01-01,delisted,12431G_21831_1189_43963_55425,12431G,2100003000,Yuflyma,"{""pbs_code"": ""12431G"", ""formulary"": ""F2"", ""brand_name"": ""Yuflyma"", ""li_item_id"": ""12431G_21831_1189_43963_55425"", ""determined_price"": 444.17}",,,normal,PBS listing was present in the previous schedule and is now absent.,2026-08-30 02:00:11.220906+00
5009,1983062564,2092-01-01,delisted,12431G_21831_1189_43963_59133,12431G,2100003000,Hadlima,"{""pbs_code"": ""12431G"", ""formulary"": ""F2"", ""brand_name"": ""Hadlima"", ""li_item_id"": ""12431G_21831_1189_43963_59133"", ""determined_price"": 444.17}",,,normal,PBS listing was present in the previous schedule and is now absent.,2026-08-30 02:00:11.220906+00
5010,1983062564,2092-01-01,delisted,12431G_21831_1189_43963_59530,12431G,2100003000,Hyrimoz,"{""pbs_code"": ""12431G"", ""formulary"": ""F2"", ""brand_name"": ""Hyrimoz"", ""li_item_id"": ""12431G_21831_1189_43963_59530"", ""determined_price"": 444.17}",,,normal,PBS listing was present in the previous schedule and is now absent.,2026-08-30 02:00:11.220906+00
5011,1983062564,2092-01-01,delisted,12432H_21832_1189_43971_43973,12432H,2100003000,Humira,"{""pbs_code"": ""12432H"", ""formulary"": ""F2"", ""brand_name"": ""Humira"", ""li_item_id"": ""12432H_21832_1189_43971_43973"", ""determined_price"": 444.17}",,,normal,PBS listing was present in the previous schedule and is now absent.,2026-08-30 02:00:11.220906+00
5012,1983062564,2092-01-01,delisted,12432H_21832_1189_43971_55426,12432H,2100003000,Yuflyma,"{""pbs_code"": ""12432H"", ""formulary"": ""F2"", ""brand_name"": ""Yuflyma"", ""li_item_id"": ""12432H_21832_1189_43971_55426"", ""determined_price"": 444.17}",,,normal,PBS listing was present in the previous schedule and is now absent.,2026-08-30 02:00:11.220906+00
5013,1983062564,2092-01-01,delisted,12432H_21832_1189_43971_59132,12432H,2100003000,Hadlima,"{""pbs_code"": ""12432H"", ""formulary"": ""F2"", ""brand_name"": ""Hadlima"", ""li_item_id"": ""12432H_21832_1189_43971_59132"", ""determined_price"": 444.17}",,,normal,PBS listing was present in the previous schedule and is now absent.,2026-08-30 02:00:11.220906+00
5014,1983062564,2092-01-01,delisted,12432H_21832_1189_43971_59529,12432H,2100003000,Hyrimoz,"{""pbs_code"": ""12432H"", ""formulary"": ""F2"", ""brand_name"": ""Hyrimoz"", ""li_item_id"": ""12432H_21832_1189_43971_59529"", ""determined_price"": 444.17}",,,normal,PBS listing was present in the previous schedule and is now absent.,2026-08-30 02:00:11.220906+00
5015,1983062564,2092-01-01,delisted,12433J_21832_1189_43971_43973,12433J,2100003000,Humira,"{""pbs_code"": ""12433J"", ""formulary"": ""F2"", ""brand_name"": ""Humira"", ""li_item_id"": ""12433J_21832_1189_43971_43973"", ""determined_price"": 444.17}",,,normal,PBS listing was present in the previous schedule and is now absent.,2026-08-30 02:00:11.220906+00
5016,1983062564,2092-01-01,delisted,12433J_21832_1189_43971_55426,12433J,2100003000,Yuflyma,"{""pbs_code"": ""12433J"", ""formulary"": ""F2"", ""brand_name"": ""Yuflyma"", ""li_item_id"": ""12433J_21832_1189_43971_55426"", ""determined_price"": 444.17}",,,normal,PBS listing was present in the previous schedule and is now absent.,2026-08-30 02:00:11.220906+00
5017,1983062564,2092-01-01,delisted,12433J_21832_1189_43971_59132,12433J,2100003000,Hadlima,"{""pbs_code"": ""12433J"", ""formulary"": ""F2"", ""brand_name"": ""Hadlima"", ""li_item_id"": ""12433J_21832_1189_43971_59132"", ""determined_price"": 444.17}",,,normal,PBS listing was present in the previous schedule and is now absent.,2026-08-30 02:00:11.220906+00
5018,1983062564,2092-01-01,delisted,12433J_21832_1189_43971_59529,12433J,2100003000,Hyrimoz,"{""pbs_code"": ""12433J"", ""formulary"": ""F2"", ""brand_name"": ""Hyrimoz"", ""li_item_id"": ""12433J_21832_1189_43971_59529"", ""determined_price"": 444.17}",,,normal,PBS listing was present in the previous schedule and is now absent.,2026-08-30 02:00:11.220906+00
5019,1983062564,2092-01-01,delisted,12434K_10037_1189_5419_45576,12434K,2100003000,Hadlima,"{""pbs_code"": ""12434K"", ""formulary"": ""F2"", ""brand_name"": ""Hadlima"", ""li_item_id"": ""12434K_10037_1189_5419_45576"", ""determined_price"": 444.17}",,,normal,PBS listing was present in the previous schedule and is now absent.,2026-08-30 02:00:11.220906+00
5020,1983062564,2092-01-01,delisted,12434K_10037_1189_5419_45951,12434K,2100003000,Amgevita,"{""pbs_code"": ""12434K"", ""formulary"": ""F2"", ""brand_name"": ""Amgevita"", ""li_item_id"": ""12434K_10037_1189_5419_45951"", ""determined_price"": 444.17}",,,normal,PBS listing was present in the previous schedule and is now absent.,2026-08-30 02:00:11.220906+00
5021,1983062564,2092-01-01,delisted,12434K_10037_1189_5419_49269,12434K,2100003000,Hyrimoz,"{""pbs_code"": ""12434K"", ""formulary"": ""F2"", ""brand_name"": ""Hyrimoz"", ""li_item_id"": ""12434K_10037_1189_5419_49269"", ""determined_price"": 444.17}",,,normal,PBS listing was present in the previous schedule and is now absent.,2026-08-30 02:00:11.220906+00
5022,1983062564,2092-01-01,delisted,12435L_7444_1189_51604_51606,12435L,2100003000,Amgevita,"{""pbs_code"": ""12435L"", ""formulary"": ""F2"", ""brand_name"": ""Amgevita"", ""li_item_id"": ""12435L_7444_1189_51604_51606"", ""determined_price"": 272.84}",,,normal,PBS listing was present in the previous schedule and is now absent.,2026-08-30 02:00:11.220906+00
5023,1983062564,2092-01-01,delisted,12436M_7444_1189_51604_51606,12436M,2100003000,Amgevita,"{""pbs_code"": ""12436M"", ""formulary"": ""F2"", ""brand_name"": ""Amgevita"", ""li_item_id"": ""12436M_7444_1189_51604_51606"", ""determined_price"": 272.84}",,,normal,PBS listing was present in the previous schedule and is now absent.,2026-08-30 02:00:11.220906+00
5024,1983062564,2092-01-01,delisted,12437N_10037_1189_5419_45576,12437N,2100003000,Hadlima,"{""pbs_code"": ""12437N"", ""formulary"": ""F2"", ""brand_name"": ""Hadlima"", ""li_item_id"": ""12437N_10037_1189_5419_45576"", ""determined_price"": 444.17}",,,normal,PBS listing was present in the previous schedule and is now absent.,2026-08-30 02:00:11.220906+00
5025,1983062564,2092-01-01,delisted,12437N_10037_1189_5419_45951,12437N,2100003000,Amgevita,"{""pbs_code"": ""12437N"", ""formulary"": ""F2"", ""brand_name"": ""Amgevita"", ""li_item_id"": ""12437N_10037_1189_5419_45951"", ""determined_price"": 444.17}",,,normal,PBS listing was present in the previous schedule and is now absent.,2026-08-30 02:00:11.220906+00
5026,1983062564,2092-01-01,delisted,12437N_10037_1189_5419_49269,12437N,2100003000,Hyrimoz,"{""pbs_code"": ""12437N"", ""formulary"": ""F2"", ""brand_name"": ""Hyrimoz"", ""li_item_id"": ""12437N_10037_1189_5419_49269"", ""determined_price"": 444.17}",,,normal,PBS listing was present in the previous schedule and is now absent.,2026-08-30 02:00:11.220906+00
5027,1983062564,2092-01-01,delisted,12438P_10037_1189_5419_45576,12438P,2100003000,Hadlima,"{""pbs_code"": ""12438P"", ""formulary"": ""F2"", ""brand_name"": ""Hadlima"", ""li_item_id"": ""12438P_10037_1189_5419_45576"", ""determined_price"": 444.17}",,,normal,PBS listing was present in the previous schedule and is now absent.,2026-08-30 02:00:11.220906+00
5028,1983062564,2092-01-01,delisted,12438P_10037_1189_5419_45951,12438P,2100003000,Amgevita,"{""pbs_code"": ""12438P"", ""formulary"": ""F2"", ""brand_name"": ""Amgevita"", ""li_item_id"": ""12438P_10037_1189_5419_45951"", ""determined_price"": 444.17}",,,normal,PBS listing was present in the previous schedule and is now absent.,2026-08-30 02:00:11.220906+00
5029,1983062564,2092-01-01,delisted,12438P_10037_1189_5419_49269,12438P,2100003000,Hyrimoz,"{""pbs_code"": ""12438P"", ""formulary"": ""F2"", ""brand_name"": ""Hyrimoz"", ""li_item_id"": ""12438P_10037_1189_5419_49269"", ""determined_price"": 444.17}",,,normal,PBS listing was present in the previous schedule and is now absent.,2026-08-30 02:00:11.220906+00
5030,1983062564,2092-01-01,delisted,12439Q_7444_1189_51604_51606,12439Q,2100003000,Amgevita,"{""pbs_code"": ""12439Q"", ""formulary"": ""F2"", ""brand_name"": ""Amgevita"", ""li_item_id"": ""12439Q_7444_1189_51604_51606"", ""determined_price"": 272.84}",,,normal,PBS listing was present in the previous schedule and is now absent.,2026-08-30 02:00:11.220906+00
5031,1983062564,2092-01-01,delisted,12440R_7444_1189_51604_51606,12440R,2100003000,Amgevita,"{""pbs_code"": ""12440R"", ""formulary"": ""F2"", ""brand_name"": ""Amgevita"", ""li_item_id"": ""12440R_7444_1189_51604_51606"", ""determined_price"": 272.84}",,,normal,PBS listing was present in the previous schedule and is now absent.,2026-08-30 02:00:11.220906+00
5032,1983062564,2092-01-01,delisted,12442W_21831_1189_43963_43965,12442W,2100003000,Humira,"{""pbs_code"": ""12442W"", ""formulary"": ""F2"", ""brand_name"": ""Humira"", ""li_item_id"": ""12442W_21831_1189_43963_43965"", ""determined_price"": 444.17}",,,normal,PBS listing was present in the previous schedule and is now absent.,2026-08-30 02:00:11.220906+00
5033,1983062564,2092-01-01,delisted,12442W_21831_1189_43963_55425,12442W,2100003000,Yuflyma,"{""pbs_code"": ""12442W"", ""formulary"": ""F2"", ""brand_name"": ""Yuflyma"", ""li_item_id"": ""12442W_21831_1189_43963_55425"", ""determined_price"": 444.17}",,,normal,PBS listing was present in the previous schedule and is now absent.,2026-08-30 02:00:11.220906+00
5034,1983062564,2092-01-01,delisted,12442W_21831_1189_43963_59133,12442W,2100003000,Hadlima,"{""pbs_code"": ""12442W"", ""formulary"": ""F2"", ""brand_name"": ""Hadlima"", ""li_item_id"": ""12442W_21831_1189_43963_59133"", ""determined_price"": 444.17}",,,normal,PBS listing was present in the previous schedule and is now absent.,2026-08-30 02:00:11.220906+00
5035,1983062564,2092-01-01,delisted,12442W_21831_1189_43963_59530,12442W,2100003000,Hyrimoz,"{""pbs_code"": ""12442W"", ""formulary"": ""F2"", ""brand_name"": ""Hyrimoz"", ""li_item_id"": ""12442W_21831_1189_43963_59530"", ""determined_price"": 444.17}",,,normal,PBS listing was present in the previous schedule and is now absent.,2026-08-30 02:00:11.220906+00
5036,1983062564,2092-01-01,delisted,12443X_22501_1189_45820_45824,12443X,2100003000,Humira,"{""pbs_code"": ""12443X"", ""formulary"": ""F2"", ""brand_name"": ""Humira"", ""li_item_id"": ""12443X_22501_1189_45820_45824"", ""determined_price"": 567.42}",,,normal,PBS listing was present in the previous schedule and is now absent.,2026-08-30 02:00:11.220906+00
5037,1983062564,2092-01-01,delisted,12444Y_21832_1189_43971_43973,12444Y,2100003000,Humira,"{""pbs_code"": ""12444Y"", ""formulary"": ""F2"", ""brand_name"": ""Humira"", ""li_item_id"": ""12444Y_21832_1189_43971_43973"", ""determined_price"": 444.17}",,,normal,PBS listing was present in the previous schedule and is now absent.,2026-08-30 02:00:11.220906+00
5038,1983062564,2092-01-01,delisted,12444Y_21832_1189_43971_55426,12444Y,2100003000,Yuflyma,"{""pbs_code"": ""12444Y"", ""formulary"": ""F2"", ""brand_name"": ""Yuflyma"", ""li_item_id"": ""12444Y_21832_1189_43971_55426"", ""determined_price"": 444.17}",,,normal,PBS listing was present in the previous schedule and is now absent.,2026-08-30 02:00:11.220906+00
5039,1983062564,2092-01-01,delisted,12444Y_21832_1189_43971_59132,12444Y,2100003000,Hadlima,"{""pbs_code"": ""12444Y"", ""formulary"": ""F2"", ""brand_name"": ""Hadlima"", ""li_item_id"": ""12444Y_21832_1189_43971_59132"", ""determined_price"": 444.17}",,,normal,PBS listing was present in the previous schedule and is now absent.,2026-08-30 02:00:11.220906+00
5040,1983062564,2092-01-01,delisted,12444Y_21832_1189_43971_59529,12444Y,2100003000,Hyrimoz,"{""pbs_code"": ""12444Y"", ""formulary"": ""F2"", ""brand_name"": ""Hyrimoz"", ""li_item_id"": ""12444Y_21832_1189_43971_59529"", ""determined_price"": 444.17}",,,normal,PBS listing was present in the previous schedule and is now absent.,2026-08-30 02:00:11.220906+00
5041,1983062564,2092-01-01,delisted,12446C_21832_1189_43971_43973,12446C,2100003000,Humira,"{""pbs_code"": ""12446C"", ""formulary"": ""F2"", ""brand_name"": ""Humira"", ""li_item_id"": ""12446C_21832_1189_43971_43973"", ""determined_price"": 444.17}",,,normal,PBS listing was present in the previous schedule and is now absent.,2026-08-30 02:00:11.220906+00
5042,1983062564,2092-01-01,delisted,12446C_21832_1189_43971_55426,12446C,2100003000,Yuflyma,"{""pbs_code"": ""12446C"", ""formulary"": ""F2"", ""brand_name"": ""Yuflyma"", ""li_item_id"": ""12446C_21832_1189_43971_55426"", ""determined_price"": 444.17}",,,normal,PBS listing was present in the previous schedule and is now absent.,2026-08-30 02:00:11.220906+00
5043,1983062564,2092-01-01,delisted,12446C_21832_1189_43971_59132,12446C,2100003000,Hadlima,"{""pbs_code"": ""12446C"", ""formulary"": ""F2"", ""brand_name"": ""Hadlima"", ""li_item_id"": ""12446C_21832_1189_43971_59132"", ""determined_price"": 444.17}",,,normal,PBS listing was present in the previous schedule and is now absent.,2026-08-30 02:00:11.220906+00
5044,1983062564,2092-01-01,delisted,12446C_21832_1189_43971_59529,12446C,2100003000,Hyrimoz,"{""pbs_code"": ""12446C"", ""formulary"": ""F2"", ""brand_name"": ""Hyrimoz"", ""li_item_id"": ""12446C_21832_1189_43971_59529"", ""determined_price"": 444.17}",,,normal,PBS listing was present in the previous schedule and is now absent.,2026-08-30 02:00:11.220906+00
5045,1983062564,2092-01-01,delisted,12447D_22502_1189_45825_45829,12447D,2100003000,Humira,"{""pbs_code"": ""12447D"", ""formulary"": ""F2"", ""brand_name"": ""Humira"", ""li_item_id"": ""12447D_22502_1189_45825_45829"", ""determined_price"": 618.9}",,,normal,PBS listing was present in the previous schedule and is now absent.,2026-08-30 02:00:11.220906+00
5046,1983062564,2092-01-01,delisted,12447D_22502_1189_45825_59140,12447D,2100003000,Yuflyma,"{""pbs_code"": ""12447D"", ""formulary"": ""F2"", ""brand_name"": ""Yuflyma"", ""li_item_id"": ""12447D_22502_1189_45825_59140"", ""determined_price"": 618.9}",,,normal,PBS listing was present in the previous schedule and is now absent.,2026-08-30 02:00:11.220906+00
5047,1983062564,2092-01-01,delisted,12447D_22502_1189_45825_59531,12447D,2100003000,Hyrimoz,"{""pbs_code"": ""12447D"", ""formulary"": ""F2"", ""brand_name"": ""Hyrimoz"", ""li_item_id"": ""12447D_22502_1189_45825_59531"", ""determined_price"": 618.9}",,,normal,PBS listing was present in the previous schedule and is now absent.,2026-08-30 02:00:11.220906+00
5048,1983062564,2092-01-01,delisted,12448E_22502_1189_45825_45829,12448E,2100003000,Humira,"{""pbs_code"": ""12448E"", ""formulary"": ""F2"", ""brand_name"": ""Humira"", ""li_item_id"": ""12448E_22502_1189_45825_45829"", ""determined_price"": 618.9}",,,normal,PBS listing was present in the previous schedule and is now absent.,2026-08-30 02:00:11.220906+00
5049,1983062564,2092-01-01,delisted,12448E_22502_1189_45825_59140,12448E,2100003000,Yuflyma,"{""pbs_code"": ""12448E"", ""formulary"": ""F2"", ""brand_name"": ""Yuflyma"", ""li_item_id"": ""12448E_22502_1189_45825_59140"", ""determined_price"": 618.9}",,,normal,PBS listing was present in the previous schedule and is now absent.,2026-08-30 02:00:11.220906+00
5050,1983062564,2092-01-01,delisted,12448E_22502_1189_45825_59531,12448E,2100003000,Hyrimoz,"{""pbs_code"": ""12448E"", ""formulary"": ""F2"", ""brand_name"": ""Hyrimoz"", ""li_item_id"": ""12448E_22502_1189_45825_59531"", ""determined_price"": 618.9}",,,normal,PBS listing was present in the previous schedule and is now absent.,2026-08-30 02:00:11.220906+00
5051,1983062564,2092-01-01,delisted,12449F_22502_1189_45825_45829,12449F,2100003000,Humira,"{""pbs_code"": ""12449F"", ""formulary"": ""F2"", ""brand_name"": ""Humira"", ""li_item_id"": ""12449F_22502_1189_45825_45829"", ""determined_price"": 618.9}",,,normal,PBS listing was present in the previous schedule and is now absent.,2026-08-30 02:00:11.220906+00
5052,1983062564,2092-01-01,delisted,12449F_22502_1189_45825_59140,12449F,2100003000,Yuflyma,"{""pbs_code"": ""12449F"", ""formulary"": ""F2"", ""brand_name"": ""Yuflyma"", ""li_item_id"": ""12449F_22502_1189_45825_59140"", ""determined_price"": 618.9}",,,normal,PBS listing was present in the previous schedule and is now absent.,2026-08-30 02:00:11.220906+00
5053,1983062564,2092-01-01,delisted,12449F_22502_1189_45825_59531,12449F,2100003000,Hyrimoz,"{""pbs_code"": ""12449F"", ""formulary"": ""F2"", ""brand_name"": ""Hyrimoz"", ""li_item_id"": ""12449F_22502_1189_45825_59531"", ""determined_price"": 618.9}",,,normal,PBS listing was present in the previous schedule and is now absent.,2026-08-30 02:00:11.220906+00
5054,1983062564,2092-01-01,delisted,12450G_22502_1189_45825_45829,12450G,2100003000,Humira,"{""pbs_code"": ""12450G"", ""formulary"": ""F2"", ""brand_name"": ""Humira"", ""li_item_id"": ""12450G_22502_1189_45825_45829"", ""determined_price"": 618.9}",,,normal,PBS listing was present in the previous schedule and is now absent.,2026-08-30 02:00:11.220906+00
5055,1983062564,2092-01-01,delisted,12450G_22502_1189_45825_59140,12450G,2100003000,Yuflyma,"{""pbs_code"": ""12450G"", ""formulary"": ""F2"", ""brand_name"": ""Yuflyma"", ""li_item_id"": ""12450G_22502_1189_45825_59140"", ""determined_price"": 618.9}",,,normal,PBS listing was present in the previous schedule and is now absent.,2026-08-30 02:00:11.220906+00
5056,1983062564,2092-01-01,delisted,12450G_22502_1189_45825_59531,12450G,2100003000,Hyrimoz,"{""pbs_code"": ""12450G"", ""formulary"": ""F2"", ""brand_name"": ""Hyrimoz"", ""li_item_id"": ""12450G_22502_1189_45825_59531"", ""determined_price"": 618.9}",,,normal,PBS listing was present in the previous schedule and is now absent.,2026-08-30 02:00:11.220906+00
5057,1983062564,2092-01-01,delisted,12451H_21831_1189_43963_43965,12451H,2100003000,Humira,"{""pbs_code"": ""12451H"", ""formulary"": ""F2"", ""brand_name"": ""Humira"", ""li_item_id"": ""12451H_21831_1189_43963_43965"", ""determined_price"": 444.17}",,,normal,PBS listing was present in the previous schedule and is now absent.,2026-08-30 02:00:11.220906+00
5058,1983062564,2092-01-01,delisted,12451H_21831_1189_43963_55425,12451H,2100003000,Yuflyma,"{""pbs_code"": ""12451H"", ""formulary"": ""F2"", ""brand_name"": ""Yuflyma"", ""li_item_id"": ""12451H_21831_1189_43963_55425"", ""determined_price"": 444.17}",,,normal,PBS listing was present in the previous schedule and is now absent.,2026-08-30 02:00:11.220906+00
5059,1983062564,2092-01-01,delisted,12451H_21831_1189_43963_59133,12451H,2100003000,Hadlima,"{""pbs_code"": ""12451H"", ""formulary"": ""F2"", ""brand_name"": ""Hadlima"", ""li_item_id"": ""12451H_21831_1189_43963_59133"", ""determined_price"": 444.17}",,,normal,PBS listing was present in the previous schedule and is now absent.,2026-08-30 02:00:11.220906+00
5060,1983062564,2092-01-01,delisted,12451H_21831_1189_43963_59530,12451H,2100003000,Hyrimoz,"{""pbs_code"": ""12451H"", ""formulary"": ""F2"", ""brand_name"": ""Hyrimoz"", ""li_item_id"": ""12451H_21831_1189_43963_59530"", ""determined_price"": 444.17}",,,normal,PBS listing was present in the previous schedule and is now absent.,2026-08-30 02:00:11.220906+00
5061,1983062564,2092-01-01,delisted,12453K_21831_1189_43963_43965,12453K,2100003000,Humira,"{""pbs_code"": ""12453K"", ""formulary"": ""F2"", ""brand_name"": ""Humira"", ""li_item_id"": ""12453K_21831_1189_43963_43965"", ""determined_price"": 444.17}",,,normal,PBS listing was present in the previous schedule and is now absent.,2026-08-30 02:00:11.220906+00
5062,1983062564,2092-01-01,delisted,12453K_21831_1189_43963_55425,12453K,2100003000,Yuflyma,"{""pbs_code"": ""12453K"", ""formulary"": ""F2"", ""brand_name"": ""Yuflyma"", ""li_item_id"": ""12453K_21831_1189_43963_55425"", ""determined_price"": 444.17}",,,normal,PBS listing was present in the previous schedule and is now absent.,2026-08-30 02:00:11.220906+00
5063,1983062564,2092-01-01,delisted,12453K_21831_1189_43963_59133,12453K,2100003000,Hadlima,"{""pbs_code"": ""12453K"", ""formulary"": ""F2"", ""brand_name"": ""Hadlima"", ""li_item_id"": ""12453K_21831_1189_43963_59133"", ""determined_price"": 444.17}",,,normal,PBS listing was present in the previous schedule and is now absent.,2026-08-30 02:00:11.220906+00
5064,1983062564,2092-01-01,delisted,12453K_21831_1189_43963_59530,12453K,2100003000,Hyrimoz,"{""pbs_code"": ""12453K"", ""formulary"": ""F2"", ""brand_name"": ""Hyrimoz"", ""li_item_id"": ""12453K_21831_1189_43963_59530"", ""determined_price"": 444.17}",,,normal,PBS listing was present in the previous schedule and is now absent.,2026-08-30 02:00:11.220906+00
5065,1983062564,2092-01-01,delisted,12454L_21832_1189_43971_43973,12454L,2100003000,Humira,"{""pbs_code"": ""12454L"", ""formulary"": ""F2"", ""brand_name"": ""Humira"", ""li_item_id"": ""12454L_21832_1189_43971_43973"", ""determined_price"": 444.17}",,,normal,PBS listing was present in the previous schedule and is now absent.,2026-08-30 02:00:11.220906+00
5066,1983062564,2092-01-01,delisted,12454L_21832_1189_43971_55426,12454L,2100003000,Yuflyma,"{""pbs_code"": ""12454L"", ""formulary"": ""F2"", ""brand_name"": ""Yuflyma"", ""li_item_id"": ""12454L_21832_1189_43971_55426"", ""determined_price"": 444.17}",,,normal,PBS listing was present in the previous schedule and is now absent.,2026-08-30 02:00:11.220906+00
5067,1983062564,2092-01-01,delisted,12454L_21832_1189_43971_59132,12454L,2100003000,Hadlima,"{""pbs_code"": ""12454L"", ""formulary"": ""F2"", ""brand_name"": ""Hadlima"", ""li_item_id"": ""12454L_21832_1189_43971_59132"", ""determined_price"": 444.17}",,,normal,PBS listing was present in the previous schedule and is now absent.,2026-08-30 02:00:11.220906+00
5068,1983062564,2092-01-01,delisted,12454L_21832_1189_43971_59529,12454L,2100003000,Hyrimoz,"{""pbs_code"": ""12454L"", ""formulary"": ""F2"", ""brand_name"": ""Hyrimoz"", ""li_item_id"": ""12454L_21832_1189_43971_59529"", ""determined_price"": 444.17}",,,normal,PBS listing was present in the previous schedule and is now absent.,2026-08-30 02:00:11.220906+00
5069,1983062564,2092-01-01,delisted,12455M_21831_1189_43963_43965,12455M,2100003000,Humira,"{""pbs_code"": ""12455M"", ""formulary"": ""F2"", ""brand_name"": ""Humira"", ""li_item_id"": ""12455M_21831_1189_43963_43965"", ""determined_price"": 444.17}",,,normal,PBS listing was present in the previous schedule and is now absent.,2026-08-30 02:00:11.220906+00
5070,1983062564,2092-01-01,delisted,12455M_21831_1189_43963_55425,12455M,2100003000,Yuflyma,"{""pbs_code"": ""12455M"", ""formulary"": ""F2"", ""brand_name"": ""Yuflyma"", ""li_item_id"": ""12455M_21831_1189_43963_55425"", ""determined_price"": 444.17}",,,normal,PBS listing was present in the previous schedule and is now absent.,2026-08-30 02:00:11.220906+00
5071,1983062564,2092-01-01,delisted,12455M_21831_1189_43963_59133,12455M,2100003000,Hadlima,"{""pbs_code"": ""12455M"", ""formulary"": ""F2"", ""brand_name"": ""Hadlima"", ""li_item_id"": ""12455M_21831_1189_43963_59133"", ""determined_price"": 444.17}",,,normal,PBS listing was present in the previous schedule and is now absent.,2026-08-30 02:00:11.220906+00
5072,1983062564,2092-01-01,delisted,12455M_21831_1189_43963_59530,12455M,2100003000,Hyrimoz,"{""pbs_code"": ""12455M"", ""formulary"": ""F2"", ""brand_name"": ""Hyrimoz"", ""li_item_id"": ""12455M_21831_1189_43963_59530"", ""determined_price"": 444.17}",,,normal,PBS listing was present in the previous schedule and is now absent.,2026-08-30 02:00:11.220906+00
5073,1983062564,2092-01-01,delisted,12524E_22503_1189_45830_45834,12524E,2100003000,Humira,"{""pbs_code"": ""12524E"", ""formulary"": ""F2"", ""brand_name"": ""Humira"", ""li_item_id"": ""12524E_22503_1189_45830_45834"", ""determined_price"": 618.9}",,,normal,PBS listing was present in the previous schedule and is now absent.,2026-08-30 02:00:11.220906+00
5074,1983062564,2092-01-01,delisted,12524E_22503_1189_45830_59141,12524E,2100003000,Yuflyma,"{""pbs_code"": ""12524E"", ""formulary"": ""F2"", ""brand_name"": ""Yuflyma"", ""li_item_id"": ""12524E_22503_1189_45830_59141"", ""determined_price"": 618.9}",,,normal,PBS listing was present in the previous schedule and is now absent.,2026-08-30 02:00:11.220906+00
5075,1983062564,2092-01-01,delisted,13208E_21831_1189_43963_55425,13208E,2100003000,Yuflyma,"{""pbs_code"": ""13208E"", ""formulary"": ""F2"", ""brand_name"": ""Yuflyma"", ""li_item_id"": ""13208E_21831_1189_43963_55425"", ""determined_price"": 444.17}",,,normal,PBS listing was present in the previous schedule and is now absent.,2026-08-30 02:00:11.220906+00
5076,1983062564,2092-01-01,delisted,13208E_21831_1189_43963_59133,13208E,2100003000,Hadlima,"{""pbs_code"": ""13208E"", ""formulary"": ""F2"", ""brand_name"": ""Hadlima"", ""li_item_id"": ""13208E_21831_1189_43963_59133"", ""determined_price"": 444.17}",,,normal,PBS listing was present in the previous schedule and is now absent.,2026-08-30 02:00:11.220906+00
5077,1983062564,2092-01-01,delisted,13208E_21831_1189_43963_59530,13208E,2100003000,Hyrimoz,"{""pbs_code"": ""13208E"", ""formulary"": ""F2"", ""brand_name"": ""Hyrimoz"", ""li_item_id"": ""13208E_21831_1189_43963_59530"", ""determined_price"": 444.17}",,,normal,PBS listing was present in the previous schedule and is now absent.,2026-08-30 02:00:11.220906+00
5078,1983062564,2092-01-01,delisted,13209F_21831_1189_43963_55425,13209F,2100003000,Yuflyma,"{""pbs_code"": ""13209F"", ""formulary"": ""F2"", ""brand_name"": ""Yuflyma"", ""li_item_id"": ""13209F_21831_1189_43963_55425"", ""determined_price"": 444.17}",,,normal,PBS listing was present in the previous schedule and is now absent.,2026-08-30 02:00:11.220906+00
5079,1983062564,2092-01-01,delisted,13209F_21831_1189_43963_59133,13209F,2100003000,Hadlima,"{""pbs_code"": ""13209F"", ""formulary"": ""F2"", ""brand_name"": ""Hadlima"", ""li_item_id"": ""13209F_21831_1189_43963_59133"", ""determined_price"": 444.17}",,,normal,PBS listing was present in the previous schedule and is now absent.,2026-08-30 02:00:11.220906+00
5080,1983062564,2092-01-01,delisted,13209F_21831_1189_43963_59530,13209F,2100003000,Hyrimoz,"{""pbs_code"": ""13209F"", ""formulary"": ""F2"", ""brand_name"": ""Hyrimoz"", ""li_item_id"": ""13209F_21831_1189_43963_59530"", ""determined_price"": 444.17}",,,normal,PBS listing was present in the previous schedule and is now absent.,2026-08-30 02:00:11.220906+00
5081,1983062564,2092-01-01,delisted,13210G_21831_1189_43963_43965,13210G,2100003000,Humira,"{""pbs_code"": ""13210G"", ""formulary"": ""F2"", ""brand_name"": ""Humira"", ""li_item_id"": ""13210G_21831_1189_43963_43965"", ""determined_price"": 444.17}",,,normal,PBS listing was present in the previous schedule and is now absent.,2026-08-30 02:00:11.220906+00
5082,1983062564,2092-01-01,delisted,13210G_21831_1189_43963_55425,13210G,2100003000,Yuflyma,"{""pbs_code"": ""13210G"", ""formulary"": ""F2"", ""brand_name"": ""Yuflyma"", ""li_item_id"": ""13210G_21831_1189_43963_55425"", ""determined_price"": 444.17}",,,normal,PBS listing was present in the previous schedule and is now absent.,2026-08-30 02:00:11.220906+00
5083,1983062564,2092-01-01,delisted,13210G_21831_1189_43963_59133,13210G,2100003000,Hadlima,"{""pbs_code"": ""13210G"", ""formulary"": ""F2"", ""brand_name"": ""Hadlima"", ""li_item_id"": ""13210G_21831_1189_43963_59133"", ""determined_price"": 444.17}",,,normal,PBS listing was present in the previous schedule and is now absent.,2026-08-30 02:00:11.220906+00
5084,1983062564,2092-01-01,delisted,13210G_21831_1189_43963_59530,13210G,2100003000,Hyrimoz,"{""pbs_code"": ""13210G"", ""formulary"": ""F2"", ""brand_name"": ""Hyrimoz"", ""li_item_id"": ""13210G_21831_1189_43963_59530"", ""determined_price"": 444.17}",,,normal,PBS listing was present in the previous schedule and is now absent.,2026-08-30 02:00:11.220906+00
5085,1983062564,2092-01-01,delisted,13211H_21832_1189_43971_43973,13211H,2100003000,Humira,"{""pbs_code"": ""13211H"", ""formulary"": ""F2"", ""brand_name"": ""Humira"", ""li_item_id"": ""13211H_21832_1189_43971_43973"", ""determined_price"": 444.17}",,,normal,PBS listing was present in the previous schedule and is now absent.,2026-08-30 02:00:11.220906+00
5086,1983062564,2092-01-01,delisted,13211H_21832_1189_43971_55426,13211H,2100003000,Yuflyma,"{""pbs_code"": ""13211H"", ""formulary"": ""F2"", ""brand_name"": ""Yuflyma"", ""li_item_id"": ""13211H_21832_1189_43971_55426"", ""determined_price"": 444.17}",,,normal,PBS listing was present in the previous schedule and is now absent.,2026-08-30 02:00:11.220906+00
5087,1983062564,2092-01-01,delisted,13211H_21832_1189_43971_59132,13211H,2100003000,Hadlima,"{""pbs_code"": ""13211H"", ""formulary"": ""F2"", ""brand_name"": ""Hadlima"", ""li_item_id"": ""13211H_21832_1189_43971_59132"", ""determined_price"": 444.17}",,,normal,PBS listing was present in the previous schedule and is now absent.,2026-08-30 02:00:11.220906+00
5088,1983062564,2092-01-01,delisted,13211H_21832_1189_43971_59529,13211H,2100003000,Hyrimoz,"{""pbs_code"": ""13211H"", ""formulary"": ""F2"", ""brand_name"": ""Hyrimoz"", ""li_item_id"": ""13211H_21832_1189_43971_59529"", ""determined_price"": 444.17}",,,normal,PBS listing was present in the previous schedule and is now absent.,2026-08-30 02:00:11.220906+00
5089,1983062564,2092-01-01,delisted,13212J_21832_1189_43971_43973,13212J,2100003000,Humira,"{""pbs_code"": ""13212J"", ""formulary"": ""F2"", ""brand_name"": ""Humira"", ""li_item_id"": ""13212J_21832_1189_43971_43973"", ""determined_price"": 444.17}",,,normal,PBS listing was present in the previous schedule and is now absent.,2026-08-30 02:00:11.220906+00
5090,1983062564,2092-01-01,delisted,13212J_21832_1189_43971_55426,13212J,2100003000,Yuflyma,"{""pbs_code"": ""13212J"", ""formulary"": ""F2"", ""brand_name"": ""Yuflyma"", ""li_item_id"": ""13212J_21832_1189_43971_55426"", ""determined_price"": 444.17}",,,normal,PBS listing was present in the previous schedule and is now absent.,2026-08-30 02:00:11.220906+00
5091,1983062564,2092-01-01,delisted,13212J_21832_1189_43971_59132,13212J,2100003000,Hadlima,"{""pbs_code"": ""13212J"", ""formulary"": ""F2"", ""brand_name"": ""Hadlima"", ""li_item_id"": ""13212J_21832_1189_43971_59132"", ""determined_price"": 444.17}",,,normal,PBS listing was present in the previous schedule and is now absent.,2026-08-30 02:00:11.220906+00
5092,1983062564,2092-01-01,delisted,13212J_21832_1189_43971_59529,13212J,2100003000,Hyrimoz,"{""pbs_code"": ""13212J"", ""formulary"": ""F2"", ""brand_name"": ""Hyrimoz"", ""li_item_id"": ""13212J_21832_1189_43971_59529"", ""determined_price"": 444.17}",,,normal,PBS listing was present in the previous schedule and is now absent.,2026-08-30 02:00:11.220906+00
5093,1983062564,2092-01-01,delisted,13213K_21831_1189_43963_43965,13213K,2100003000,Humira,"{""pbs_code"": ""13213K"", ""formulary"": ""F2"", ""brand_name"": ""Humira"", ""li_item_id"": ""13213K_21831_1189_43963_43965"", ""determined_price"": 444.17}",,,normal,PBS listing was present in the previous schedule and is now absent.,2026-08-30 02:00:11.220906+00
5094,1983062564,2092-01-01,delisted,13213K_21831_1189_43963_55425,13213K,2100003000,Yuflyma,"{""pbs_code"": ""13213K"", ""formulary"": ""F2"", ""brand_name"": ""Yuflyma"", ""li_item_id"": ""13213K_21831_1189_43963_55425"", ""determined_price"": 444.17}",,,normal,PBS listing was present in the previous schedule and is now absent.,2026-08-30 02:00:11.220906+00
5095,1983062564,2092-01-01,delisted,13213K_21831_1189_43963_59133,13213K,2100003000,Hadlima,"{""pbs_code"": ""13213K"", ""formulary"": ""F2"", ""brand_name"": ""Hadlima"", ""li_item_id"": ""13213K_21831_1189_43963_59133"", ""determined_price"": 444.17}",,,normal,PBS listing was present in the previous schedule and is now absent.,2026-08-30 02:00:11.220906+00
5096,1983062564,2092-01-01,delisted,13213K_21831_1189_43963_59530,13213K,2100003000,Hyrimoz,"{""pbs_code"": ""13213K"", ""formulary"": ""F2"", ""brand_name"": ""Hyrimoz"", ""li_item_id"": ""13213K_21831_1189_43963_59530"", ""determined_price"": 444.17}",,,normal,PBS listing was present in the previous schedule and is now absent.,2026-08-30 02:00:11.220906+00
5097,1983062564,2092-01-01,delisted,13214L_21832_1189_43971_55426,13214L,2100003000,Yuflyma,"{""pbs_code"": ""13214L"", ""formulary"": ""F2"", ""brand_name"": ""Yuflyma"", ""li_item_id"": ""13214L_21832_1189_43971_55426"", ""determined_price"": 444.17}",,,normal,PBS listing was present in the previous schedule and is now absent.,2026-08-30 02:00:11.220906+00
5098,1983062564,2092-01-01,delisted,13214L_21832_1189_43971_59132,13214L,2100003000,Hadlima,"{""pbs_code"": ""13214L"", ""formulary"": ""F2"", ""brand_name"": ""Hadlima"", ""li_item_id"": ""13214L_21832_1189_43971_59132"", ""determined_price"": 444.17}",,,normal,PBS listing was present in the previous schedule and is now absent.,2026-08-30 02:00:11.220906+00
5099,1983062564,2092-01-01,delisted,13214L_21832_1189_43971_59529,13214L,2100003000,Hyrimoz,"{""pbs_code"": ""13214L"", ""formulary"": ""F2"", ""brand_name"": ""Hyrimoz"", ""li_item_id"": ""13214L_21832_1189_43971_59529"", ""determined_price"": 444.17}",,,normal,PBS listing was present in the previous schedule and is now absent.,2026-08-30 02:00:11.220906+00
5100,1983062564,2092-01-01,delisted,13215M_21832_1189_43971_55426,13215M,2100003000,Yuflyma,"{""pbs_code"": ""13215M"", ""formulary"": ""F2"", ""brand_name"": ""Yuflyma"", ""li_item_id"": ""13215M_21832_1189_43971_55426"", ""determined_price"": 444.17}",,,normal,PBS listing was present in the previous schedule and is now absent.,2026-08-30 02:00:11.220906+00
5101,1983062564,2092-01-01,delisted,13215M_21832_1189_43971_59132,13215M,2100003000,Hadlima,"{""pbs_code"": ""13215M"", ""formulary"": ""F2"", ""brand_name"": ""Hadlima"", ""li_item_id"": ""13215M_21832_1189_43971_59132"", ""determined_price"": 444.17}",,,normal,PBS listing was present in the previous schedule and is now absent.,2026-08-30 02:00:11.220906+00
5102,1983062564,2092-01-01,delisted,13215M_21832_1189_43971_59529,13215M,2100003000,Hyrimoz,"{""pbs_code"": ""13215M"", ""formulary"": ""F2"", ""brand_name"": ""Hyrimoz"", ""li_item_id"": ""13215M_21832_1189_43971_59529"", ""determined_price"": 444.17}",,,normal,PBS listing was present in the previous schedule and is now absent.,2026-08-30 02:00:11.220906+00
5103,1983062564,2092-01-01,delisted,13216N_21831_1189_43963_55425,13216N,2100003000,Yuflyma,"{""pbs_code"": ""13216N"", ""formulary"": ""F2"", ""brand_name"": ""Yuflyma"", ""li_item_id"": ""13216N_21831_1189_43963_55425"", ""determined_price"": 444.17}",,,normal,PBS listing was present in the previous schedule and is now absent.,2026-08-30 02:00:11.220906+00
5104,1983062564,2092-01-01,delisted,13216N_21831_1189_43963_59133,13216N,2100003000,Hadlima,"{""pbs_code"": ""13216N"", ""formulary"": ""F2"", ""brand_name"": ""Hadlima"", ""li_item_id"": ""13216N_21831_1189_43963_59133"", ""determined_price"": 444.17}",,,normal,PBS listing was present in the previous schedule and is now absent.,2026-08-30 02:00:11.220906+00
5105,1983062564,2092-01-01,delisted,13216N_21831_1189_43963_59530,13216N,2100003000,Hyrimoz,"{""pbs_code"": ""13216N"", ""formulary"": ""F2"", ""brand_name"": ""Hyrimoz"", ""li_item_id"": ""13216N_21831_1189_43963_59530"", ""determined_price"": 444.17}",,,normal,PBS listing was present in the previous schedule and is now absent.,2026-08-30 02:00:11.220906+00
5106,1983062564,2092-01-01,delisted,13217P_21831_1189_43963_55425,13217P,2100003000,Yuflyma,"{""pbs_code"": ""13217P"", ""formulary"": ""F2"", ""brand_name"": ""Yuflyma"", ""li_item_id"": ""13217P_21831_1189_43963_55425"", ""determined_price"": 444.17}",,,normal,PBS listing was present in the previous schedule and is now absent.,2026-08-30 02:00:11.220906+00
5107,1983062564,2092-01-01,delisted,13217P_21831_1189_43963_59133,13217P,2100003000,Hadlima,"{""pbs_code"": ""13217P"", ""formulary"": ""F2"", ""brand_name"": ""Hadlima"", ""li_item_id"": ""13217P_21831_1189_43963_59133"", ""determined_price"": 444.17}",,,normal,PBS listing was present in the previous schedule and is now absent.,2026-08-30 02:00:11.220906+00
5108,1983062564,2092-01-01,delisted,13217P_21831_1189_43963_59530,13217P,2100003000,Hyrimoz,"{""pbs_code"": ""13217P"", ""formulary"": ""F2"", ""brand_name"": ""Hyrimoz"", ""li_item_id"": ""13217P_21831_1189_43963_59530"", ""determined_price"": 444.17}",,,normal,PBS listing was present in the previous schedule and is now absent.,2026-08-30 02:00:11.220906+00
5109,1983062564,2092-01-01,delisted,13218Q_21831_1189_43963_43965,13218Q,2100003000,Humira,"{""pbs_code"": ""13218Q"", ""formulary"": ""F2"", ""brand_name"": ""Humira"", ""li_item_id"": ""13218Q_21831_1189_43963_43965"", ""determined_price"": 444.17}",,,normal,PBS listing was present in the previous schedule and is now absent.,2026-08-30 02:00:11.220906+00
5110,1983062564,2092-01-01,delisted,13218Q_21831_1189_43963_55425,13218Q,2100003000,Yuflyma,"{""pbs_code"": ""13218Q"", ""formulary"": ""F2"", ""brand_name"": ""Yuflyma"", ""li_item_id"": ""13218Q_21831_1189_43963_55425"", ""determined_price"": 444.17}",,,normal,PBS listing was present in the previous schedule and is now absent.,2026-08-30 02:00:11.220906+00
5111,1983062564,2092-01-01,delisted,13218Q_21831_1189_43963_59133,13218Q,2100003000,Hadlima,"{""pbs_code"": ""13218Q"", ""formulary"": ""F2"", ""brand_name"": ""Hadlima"", ""li_item_id"": ""13218Q_21831_1189_43963_59133"", ""determined_price"": 444.17}",,,normal,PBS listing was present in the previous schedule and is now absent.,2026-08-30 02:00:11.220906+00
5112,1983062564,2092-01-01,delisted,13218Q_21831_1189_43963_59530,13218Q,2100003000,Hyrimoz,"{""pbs_code"": ""13218Q"", ""formulary"": ""F2"", ""brand_name"": ""Hyrimoz"", ""li_item_id"": ""13218Q_21831_1189_43963_59530"", ""determined_price"": 444.17}",,,normal,PBS listing was present in the previous schedule and is now absent.,2026-08-30 02:00:11.220906+00
5113,1983062564,2092-01-01,delisted,13219R_21831_1189_43963_55425,13219R,2100003000,Yuflyma,"{""pbs_code"": ""13219R"", ""formulary"": ""F2"", ""brand_name"": ""Yuflyma"", ""li_item_id"": ""13219R_21831_1189_43963_55425"", ""determined_price"": 444.17}",,,normal,PBS listing was present in the previous schedule and is now absent.,2026-08-30 02:00:11.220906+00
5114,1983062564,2092-01-01,delisted,13219R_21831_1189_43963_59133,13219R,2100003000,Hadlima,"{""pbs_code"": ""13219R"", ""formulary"": ""F2"", ""brand_name"": ""Hadlima"", ""li_item_id"": ""13219R_21831_1189_43963_59133"", ""determined_price"": 444.17}",,,normal,PBS listing was present in the previous schedule and is now absent.,2026-08-30 02:00:11.220906+00
5115,1983062564,2092-01-01,delisted,13219R_21831_1189_43963_59530,13219R,2100003000,Hyrimoz,"{""pbs_code"": ""13219R"", ""formulary"": ""F2"", ""brand_name"": ""Hyrimoz"", ""li_item_id"": ""13219R_21831_1189_43963_59530"", ""determined_price"": 444.17}",,,normal,PBS listing was present in the previous schedule and is now absent.,2026-08-30 02:00:11.220906+00
5116,1983062564,2092-01-01,delisted,13220T_21831_1189_43963_55425,13220T,2100003000,Yuflyma,"{""pbs_code"": ""13220T"", ""formulary"": ""F2"", ""brand_name"": ""Yuflyma"", ""li_item_id"": ""13220T_21831_1189_43963_55425"", ""determined_price"": 444.17}",,,normal,PBS listing was present in the previous schedule and is now absent.,2026-08-30 02:00:11.220906+00
5117,1983062564,2092-01-01,delisted,13220T_21831_1189_43963_59133,13220T,2100003000,Hadlima,"{""pbs_code"": ""13220T"", ""formulary"": ""F2"", ""brand_name"": ""Hadlima"", ""li_item_id"": ""13220T_21831_1189_43963_59133"", ""determined_price"": 444.17}",,,normal,PBS listing was present in the previous schedule and is now absent.,2026-08-30 02:00:11.220906+00
5118,1983062564,2092-01-01,delisted,13220T_21831_1189_43963_59530,13220T,2100003000,Hyrimoz,"{""pbs_code"": ""13220T"", ""formulary"": ""F2"", ""brand_name"": ""Hyrimoz"", ""li_item_id"": ""13220T_21831_1189_43963_59530"", ""determined_price"": 444.17}",,,normal,PBS listing was present in the previous schedule and is now absent.,2026-08-30 02:00:11.220906+00
5119,1983062564,2092-01-01,delisted,13221W_21832_1189_43971_55426,13221W,2100003000,Yuflyma,"{""pbs_code"": ""13221W"", ""formulary"": ""F2"", ""brand_name"": ""Yuflyma"", ""li_item_id"": ""13221W_21832_1189_43971_55426"", ""determined_price"": 444.17}",,,normal,PBS listing was present in the previous schedule and is now absent.,2026-08-30 02:00:11.220906+00
5120,1983062564,2092-01-01,delisted,13221W_21832_1189_43971_59132,13221W,2100003000,Hadlima,"{""pbs_code"": ""13221W"", ""formulary"": ""F2"", ""brand_name"": ""Hadlima"", ""li_item_id"": ""13221W_21832_1189_43971_59132"", ""determined_price"": 444.17}",,,normal,PBS listing was present in the previous schedule and is now absent.,2026-08-30 02:00:11.220906+00
5121,1983062564,2092-01-01,delisted,13221W_21832_1189_43971_59529,13221W,2100003000,Hyrimoz,"{""pbs_code"": ""13221W"", ""formulary"": ""F2"", ""brand_name"": ""Hyrimoz"", ""li_item_id"": ""13221W_21832_1189_43971_59529"", ""determined_price"": 444.17}",,,normal,PBS listing was present in the previous schedule and is now absent.,2026-08-30 02:00:11.220906+00
5122,1983062564,2092-01-01,delisted,13222X_21831_1189_43963_43965,13222X,2100003000,Humira,"{""pbs_code"": ""13222X"", ""formulary"": ""F2"", ""brand_name"": ""Humira"", ""li_item_id"": ""13222X_21831_1189_43963_43965"", ""determined_price"": 444.17}",,,normal,PBS listing was present in the previous schedule and is now absent.,2026-08-30 02:00:11.220906+00
5123,1983062564,2092-01-01,delisted,13222X_21831_1189_43963_55425,13222X,2100003000,Yuflyma,"{""pbs_code"": ""13222X"", ""formulary"": ""F2"", ""brand_name"": ""Yuflyma"", ""li_item_id"": ""13222X_21831_1189_43963_55425"", ""determined_price"": 444.17}",,,normal,PBS listing was present in the previous schedule and is now absent.,2026-08-30 02:00:11.220906+00
5124,1983062564,2092-01-01,delisted,13222X_21831_1189_43963_59133,13222X,2100003000,Hadlima,"{""pbs_code"": ""13222X"", ""formulary"": ""F2"", ""brand_name"": ""Hadlima"", ""li_item_id"": ""13222X_21831_1189_43963_59133"", ""determined_price"": 444.17}",,,normal,PBS listing was present in the previous schedule and is now absent.,2026-08-30 02:00:11.220906+00
5125,1983062564,2092-01-01,delisted,13222X_21831_1189_43963_59530,13222X,2100003000,Hyrimoz,"{""pbs_code"": ""13222X"", ""formulary"": ""F2"", ""brand_name"": ""Hyrimoz"", ""li_item_id"": ""13222X_21831_1189_43963_59530"", ""determined_price"": 444.17}",,,normal,PBS listing was present in the previous schedule and is now absent.,2026-08-30 02:00:11.220906+00
5126,1983062564,2092-01-01,delisted,13223Y_21832_1189_43971_55426,13223Y,2100003000,Yuflyma,"{""pbs_code"": ""13223Y"", ""formulary"": ""F2"", ""brand_name"": ""Yuflyma"", ""li_item_id"": ""13223Y_21832_1189_43971_55426"", ""determined_price"": 444.17}",,,normal,PBS listing was present in the previous schedule and is now absent.,2026-08-30 02:00:11.220906+00
5127,1983062564,2092-01-01,delisted,13223Y_21832_1189_43971_59132,13223Y,2100003000,Hadlima,"{""pbs_code"": ""13223Y"", ""formulary"": ""F2"", ""brand_name"": ""Hadlima"", ""li_item_id"": ""13223Y_21832_1189_43971_59132"", ""determined_price"": 444.17}",,,normal,PBS listing was present in the previous schedule and is now absent.,2026-08-30 02:00:11.220906+00
5128,1983062564,2092-01-01,delisted,13223Y_21832_1189_43971_59529,13223Y,2100003000,Hyrimoz,"{""pbs_code"": ""13223Y"", ""formulary"": ""F2"", ""brand_name"": ""Hyrimoz"", ""li_item_id"": ""13223Y_21832_1189_43971_59529"", ""determined_price"": 444.17}",,,normal,PBS listing was present in the previous schedule and is now absent.,2026-08-30 02:00:11.220906+00
5129,1983062564,2092-01-01,delisted,13224B_21832_1189_43971_43973,13224B,2100003000,Humira,"{""pbs_code"": ""13224B"", ""formulary"": ""F2"", ""brand_name"": ""Humira"", ""li_item_id"": ""13224B_21832_1189_43971_43973"", ""determined_price"": 444.17}",,,normal,PBS listing was present in the previous schedule and is now absent.,2026-08-30 02:00:11.220906+00
5130,1983062564,2092-01-01,delisted,13224B_21832_1189_43971_55426,13224B,2100003000,Yuflyma,"{""pbs_code"": ""13224B"", ""formulary"": ""F2"", ""brand_name"": ""Yuflyma"", ""li_item_id"": ""13224B_21832_1189_43971_55426"", ""determined_price"": 444.17}",,,normal,PBS listing was present in the previous schedule and is now absent.,2026-08-30 02:00:11.220906+00
5131,1983062564,2092-01-01,delisted,13224B_21832_1189_43971_59132,13224B,2100003000,Hadlima,"{""pbs_code"": ""13224B"", ""formulary"": ""F2"", ""brand_name"": ""Hadlima"", ""li_item_id"": ""13224B_21832_1189_43971_59132"", ""determined_price"": 444.17}",,,normal,PBS listing was present in the previous schedule and is now absent.,2026-08-30 02:00:11.220906+00
5132,1983062564,2092-01-01,delisted,13224B_21832_1189_43971_59529,13224B,2100003000,Hyrimoz,"{""pbs_code"": ""13224B"", ""formulary"": ""F2"", ""brand_name"": ""Hyrimoz"", ""li_item_id"": ""13224B_21832_1189_43971_59529"", ""determined_price"": 444.17}",,,normal,PBS listing was present in the previous schedule and is now absent.,2026-08-30 02:00:11.220906+00
5133,1983062564,2092-01-01,delisted,13225C_21832_1189_43971_55426,13225C,2100003000,Yuflyma,"{""pbs_code"": ""13225C"", ""formulary"": ""F2"", ""brand_name"": ""Yuflyma"", ""li_item_id"": ""13225C_21832_1189_43971_55426"", ""determined_price"": 444.17}",,,normal,PBS listing was present in the previous schedule and is now absent.,2026-08-30 02:00:11.220906+00
5134,1983062564,2092-01-01,delisted,13225C_21832_1189_43971_59132,13225C,2100003000,Hadlima,"{""pbs_code"": ""13225C"", ""formulary"": ""F2"", ""brand_name"": ""Hadlima"", ""li_item_id"": ""13225C_21832_1189_43971_59132"", ""determined_price"": 444.17}",,,normal,PBS listing was present in the previous schedule and is now absent.,2026-08-30 02:00:11.220906+00
5135,1983062564,2092-01-01,delisted,13225C_21832_1189_43971_59529,13225C,2100003000,Hyrimoz,"{""pbs_code"": ""13225C"", ""formulary"": ""F2"", ""brand_name"": ""Hyrimoz"", ""li_item_id"": ""13225C_21832_1189_43971_59529"", ""determined_price"": 444.17}",,,normal,PBS listing was present in the previous schedule and is now absent.,2026-08-30 02:00:11.220906+00
5136,1983062564,2092-01-01,delisted,13226D_21832_1189_43971_55426,13226D,2100003000,Yuflyma,"{""pbs_code"": ""13226D"", ""formulary"": ""F2"", ""brand_name"": ""Yuflyma"", ""li_item_id"": ""13226D_21832_1189_43971_55426"", ""determined_price"": 444.17}",,,normal,PBS listing was present in the previous schedule and is now absent.,2026-08-30 02:00:11.220906+00
5137,1983062564,2092-01-01,delisted,13226D_21832_1189_43971_59132,13226D,2100003000,Hadlima,"{""pbs_code"": ""13226D"", ""formulary"": ""F2"", ""brand_name"": ""Hadlima"", ""li_item_id"": ""13226D_21832_1189_43971_59132"", ""determined_price"": 444.17}",,,normal,PBS listing was present in the previous schedule and is now absent.,2026-08-30 02:00:11.220906+00
5138,1983062564,2092-01-01,delisted,13226D_21832_1189_43971_59529,13226D,2100003000,Hyrimoz,"{""pbs_code"": ""13226D"", ""formulary"": ""F2"", ""brand_name"": ""Hyrimoz"", ""li_item_id"": ""13226D_21832_1189_43971_59529"", ""determined_price"": 444.17}",,,normal,PBS listing was present in the previous schedule and is now absent.,2026-08-30 02:00:11.220906+00
5139,1983062564,2092-01-01,delisted,13227E_21832_1189_43971_43973,13227E,2100003000,Humira,"{""pbs_code"": ""13227E"", ""formulary"": ""F2"", ""brand_name"": ""Humira"", ""li_item_id"": ""13227E_21832_1189_43971_43973"", ""determined_price"": 444.17}",,,normal,PBS listing was present in the previous schedule and is now absent.,2026-08-30 02:00:11.220906+00
5140,1983062564,2092-01-01,delisted,13227E_21832_1189_43971_55426,13227E,2100003000,Yuflyma,"{""pbs_code"": ""13227E"", ""formulary"": ""F2"", ""brand_name"": ""Yuflyma"", ""li_item_id"": ""13227E_21832_1189_43971_55426"", ""determined_price"": 444.17}",,,normal,PBS listing was present in the previous schedule and is now absent.,2026-08-30 02:00:11.220906+00
5141,1983062564,2092-01-01,delisted,13227E_21832_1189_43971_59132,13227E,2100003000,Hadlima,"{""pbs_code"": ""13227E"", ""formulary"": ""F2"", ""brand_name"": ""Hadlima"", ""li_item_id"": ""13227E_21832_1189_43971_59132"", ""determined_price"": 444.17}",,,normal,PBS listing was present in the previous schedule and is now absent.,2026-08-30 02:00:11.220906+00
5142,1983062564,2092-01-01,delisted,13227E_21832_1189_43971_59529,13227E,2100003000,Hyrimoz,"{""pbs_code"": ""13227E"", ""formulary"": ""F2"", ""brand_name"": ""Hyrimoz"", ""li_item_id"": ""13227E_21832_1189_43971_59529"", ""determined_price"": 444.17}",,,normal,PBS listing was present in the previous schedule and is now absent.,2026-08-30 02:00:11.220906+00
5143,1983062564,2092-01-01,delisted,13228F_21831_1189_43963_43965,13228F,2100003000,Humira,"{""pbs_code"": ""13228F"", ""formulary"": ""F2"", ""brand_name"": ""Humira"", ""li_item_id"": ""13228F_21831_1189_43963_43965"", ""determined_price"": 444.17}",,,normal,PBS listing was present in the previous schedule and is now absent.,2026-08-30 02:00:11.220906+00
5144,1983062564,2092-01-01,delisted,13228F_21831_1189_43963_55425,13228F,2100003000,Yuflyma,"{""pbs_code"": ""13228F"", ""formulary"": ""F2"", ""brand_name"": ""Yuflyma"", ""li_item_id"": ""13228F_21831_1189_43963_55425"", ""determined_price"": 444.17}",,,normal,PBS listing was present in the previous schedule and is now absent.,2026-08-30 02:00:11.220906+00
5145,1983062564,2092-01-01,delisted,13228F_21831_1189_43963_59133,13228F,2100003000,Hadlima,"{""pbs_code"": ""13228F"", ""formulary"": ""F2"", ""brand_name"": ""Hadlima"", ""li_item_id"": ""13228F_21831_1189_43963_59133"", ""determined_price"": 444.17}",,,normal,PBS listing was present in the previous schedule and is now absent.,2026-08-30 02:00:11.220906+00
5146,1983062564,2092-01-01,delisted,13228F_21831_1189_43963_59530,13228F,2100003000,Hyrimoz,"{""pbs_code"": ""13228F"", ""formulary"": ""F2"", ""brand_name"": ""Hyrimoz"", ""li_item_id"": ""13228F_21831_1189_43963_59530"", ""determined_price"": 444.17}",,,normal,PBS listing was present in the previous schedule and is now absent.,2026-08-30 02:00:11.220906+00
5147,1983062564,2092-01-01,delisted,13229G_21832_1189_43971_43973,13229G,2100003000,Humira,"{""pbs_code"": ""13229G"", ""formulary"": ""F2"", ""brand_name"": ""Humira"", ""li_item_id"": ""13229G_21832_1189_43971_43973"", ""determined_price"": 444.17}",,,normal,PBS listing was present in the previous schedule and is now absent.,2026-08-30 02:00:11.220906+00
5148,1983062564,2092-01-01,delisted,13229G_21832_1189_43971_55426,13229G,2100003000,Yuflyma,"{""pbs_code"": ""13229G"", ""formulary"": ""F2"", ""brand_name"": ""Yuflyma"", ""li_item_id"": ""13229G_21832_1189_43971_55426"", ""determined_price"": 444.17}",,,normal,PBS listing was present in the previous schedule and is now absent.,2026-08-30 02:00:11.220906+00
5149,1983062564,2092-01-01,delisted,13229G_21832_1189_43971_59132,13229G,2100003000,Hadlima,"{""pbs_code"": ""13229G"", ""formulary"": ""F2"", ""brand_name"": ""Hadlima"", ""li_item_id"": ""13229G_21832_1189_43971_59132"", ""determined_price"": 444.17}",,,normal,PBS listing was present in the previous schedule and is now absent.,2026-08-30 02:00:11.220906+00
5150,1983062564,2092-01-01,delisted,13229G_21832_1189_43971_59529,13229G,2100003000,Hyrimoz,"{""pbs_code"": ""13229G"", ""formulary"": ""F2"", ""brand_name"": ""Hyrimoz"", ""li_item_id"": ""13229G_21832_1189_43971_59529"", ""determined_price"": 444.17}",,,normal,PBS listing was present in the previous schedule and is now absent.,2026-08-30 02:00:11.220906+00
5151,1983062564,2092-01-01,delisted,13230H_21832_1189_43971_55426,13230H,2100003000,Yuflyma,"{""pbs_code"": ""13230H"", ""formulary"": ""F2"", ""brand_name"": ""Yuflyma"", ""li_item_id"": ""13230H_21832_1189_43971_55426"", ""determined_price"": 444.17}",,,normal,PBS listing was present in the previous schedule and is now absent.,2026-08-30 02:00:11.220906+00
5152,1983062564,2092-01-01,delisted,13230H_21832_1189_43971_59132,13230H,2100003000,Hadlima,"{""pbs_code"": ""13230H"", ""formulary"": ""F2"", ""brand_name"": ""Hadlima"", ""li_item_id"": ""13230H_21832_1189_43971_59132"", ""determined_price"": 444.17}",,,normal,PBS listing was present in the previous schedule and is now absent.,2026-08-30 02:00:11.220906+00
5153,1983062564,2092-01-01,delisted,13230H_21832_1189_43971_59529,13230H,2100003000,Hyrimoz,"{""pbs_code"": ""13230H"", ""formulary"": ""F2"", ""brand_name"": ""Hyrimoz"", ""li_item_id"": ""13230H_21832_1189_43971_59529"", ""determined_price"": 444.17}",,,normal,PBS listing was present in the previous schedule and is now absent.,2026-08-30 02:00:11.220906+00
5154,1983062564,2092-01-01,delisted,13292N_22501_1189_45820_45824,13292N,2100003000,Humira,"{""pbs_code"": ""13292N"", ""formulary"": ""F2"", ""brand_name"": ""Humira"", ""li_item_id"": ""13292N_22501_1189_45820_45824"", ""determined_price"": 567.42}",,,normal,PBS listing was present in the previous schedule and is now absent.,2026-08-30 02:00:11.220906+00
5155,1983062564,2092-01-01,delisted,13293P_22501_1189_45820_45824,13293P,2100003000,Humira,"{""pbs_code"": ""13293P"", ""formulary"": ""F2"", ""brand_name"": ""Humira"", ""li_item_id"": ""13293P_22501_1189_45820_45824"", ""determined_price"": 567.42}",,,normal,PBS listing was present in the previous schedule and is now absent.,2026-08-30 02:00:11.220906+00
5156,1983062564,2092-01-01,delisted,13686H_7270_1189_5417_49267,13686H,2100003000,Hyrimoz,"{""pbs_code"": ""13686H"", ""formulary"": ""F2"", ""brand_name"": ""Hyrimoz"", ""li_item_id"": ""13686H_7270_1189_5417_49267"", ""determined_price"": 444.17}",,,normal,PBS listing was present in the previous schedule and is now absent.,2026-08-30 02:00:11.220906+00
5157,1983062564,2092-01-01,delisted,13686H_7270_1189_5417_50918,13686H,2100003000,Hadlima,"{""pbs_code"": ""13686H"", ""formulary"": ""F2"", ""brand_name"": ""Hadlima"", ""li_item_id"": ""13686H_7270_1189_5417_50918"", ""determined_price"": 444.17}",,,normal,PBS listing was present in the previous schedule and is now absent.,2026-08-30 02:00:11.220906+00
5158,1983062564,2092-01-01,delisted,13686H_7270_1189_5417_51588,13686H,2100003000,Amgevita,"{""pbs_code"": ""13686H"", ""formulary"": ""F2"", ""brand_name"": ""Amgevita"", ""li_item_id"": ""13686H_7270_1189_5417_51588"", ""determined_price"": 444.17}",,,normal,PBS listing was present in the previous schedule and is now absent.,2026-08-30 02:00:11.220906+00
5159,1983062564,2092-01-01,delisted,13686H_7270_1189_5417_54286,13686H,2100003000,Abrilada,"{""pbs_code"": ""13686H"", ""formulary"": ""F2"", ""brand_name"": ""Abrilada"", ""li_item_id"": ""13686H_7270_1189_5417_54286"", ""determined_price"": 444.17}",,,normal,PBS listing was present in the previous schedule and is now absent.,2026-08-30 02:00:11.220906+00
5160,1983062564,2092-01-01,delisted,13691N_21832_1189_43971_55426,13691N,2100003000,Yuflyma,"{""pbs_code"": ""13691N"", ""formulary"": ""F2"", ""brand_name"": ""Yuflyma"", ""li_item_id"": ""13691N_21832_1189_43971_55426"", ""determined_price"": 444.17}",,,normal,PBS listing was present in the previous schedule and is now absent.,2026-08-30 02:00:11.220906+00
5161,1983062564,2092-01-01,delisted,13691N_21832_1189_43971_59132,13691N,2100003000,Hadlima,"{""pbs_code"": ""13691N"", ""formulary"": ""F2"", ""brand_name"": ""Hadlima"", ""li_item_id"": ""13691N_21832_1189_43971_59132"", ""determined_price"": 444.17}",,,normal,PBS listing was present in the previous schedule and is now absent.,2026-08-30 02:00:11.220906+00
5162,1983062564,2092-01-01,delisted,13691N_21832_1189_43971_59529,13691N,2100003000,Hyrimoz,"{""pbs_code"": ""13691N"", ""formulary"": ""F2"", ""brand_name"": ""Hyrimoz"", ""li_item_id"": ""13691N_21832_1189_43971_59529"", ""determined_price"": 444.17}",,,normal,PBS listing was present in the previous schedule and is now absent.,2026-08-30 02:00:11.220906+00
5163,1983062564,2092-01-01,delisted,13692P_7270_1189_5417_49267,13692P,2100003000,Hyrimoz,"{""pbs_code"": ""13692P"", ""formulary"": ""F2"", ""brand_name"": ""Hyrimoz"", ""li_item_id"": ""13692P_7270_1189_5417_49267"", ""determined_price"": 444.17}",,,normal,PBS listing was present in the previous schedule and is now absent.,2026-08-30 02:00:11.220906+00
5164,1983062564,2092-01-01,delisted,13692P_7270_1189_5417_50918,13692P,2100003000,Hadlima,"{""pbs_code"": ""13692P"", ""formulary"": ""F2"", ""brand_name"": ""Hadlima"", ""li_item_id"": ""13692P_7270_1189_5417_50918"", ""determined_price"": 444.17}",,,normal,PBS listing was present in the previous schedule and is now absent.,2026-08-30 02:00:11.220906+00
5165,1983062564,2092-01-01,delisted,13692P_7270_1189_5417_51588,13692P,2100003000,Amgevita,"{""pbs_code"": ""13692P"", ""formulary"": ""F2"", ""brand_name"": ""Amgevita"", ""li_item_id"": ""13692P_7270_1189_5417_51588"", ""determined_price"": 444.17}",,,normal,PBS listing was present in the previous schedule and is now absent.,2026-08-30 02:00:11.220906+00
5166,1983062564,2092-01-01,delisted,13692P_7270_1189_5417_54286,13692P,2100003000,Abrilada,"{""pbs_code"": ""13692P"", ""formulary"": ""F2"", ""brand_name"": ""Abrilada"", ""li_item_id"": ""13692P_7270_1189_5417_54286"", ""determined_price"": 444.17}",,,normal,PBS listing was present in the previous schedule and is now absent.,2026-08-30 02:00:11.220906+00
5167,1983062564,2092-01-01,delisted,13703F_21832_1189_43971_55426,13703F,2100003000,Yuflyma,"{""pbs_code"": ""13703F"", ""formulary"": ""F2"", ""brand_name"": ""Yuflyma"", ""li_item_id"": ""13703F_21832_1189_43971_55426"", ""determined_price"": 444.17}",,,normal,PBS listing was present in the previous schedule and is now absent.,2026-08-30 02:00:11.220906+00
5168,1983062564,2092-01-01,delisted,13703F_21832_1189_43971_59132,13703F,2100003000,Hadlima,"{""pbs_code"": ""13703F"", ""formulary"": ""F2"", ""brand_name"": ""Hadlima"", ""li_item_id"": ""13703F_21832_1189_43971_59132"", ""determined_price"": 444.17}",,,normal,PBS listing was present in the previous schedule and is now absent.,2026-08-30 02:00:11.220906+00
5169,1983062564,2092-01-01,delisted,13703F_21832_1189_43971_59529,13703F,2100003000,Hyrimoz,"{""pbs_code"": ""13703F"", ""formulary"": ""F2"", ""brand_name"": ""Hyrimoz"", ""li_item_id"": ""13703F_21832_1189_43971_59529"", ""determined_price"": 444.17}",,,normal,PBS listing was present in the previous schedule and is now absent.,2026-08-30 02:00:11.220906+00
5170,1983062564,2092-01-01,delisted,13704G_21831_1189_43963_55425,13704G,2100003000,Yuflyma,"{""pbs_code"": ""13704G"", ""formulary"": ""F2"", ""brand_name"": ""Yuflyma"", ""li_item_id"": ""13704G_21831_1189_43963_55425"", ""determined_price"": 444.17}",,,normal,PBS listing was present in the previous schedule and is now absent.,2026-08-30 02:00:11.220906+00
5171,1983062564,2092-01-01,delisted,13704G_21831_1189_43963_59133,13704G,2100003000,Hadlima,"{""pbs_code"": ""13704G"", ""formulary"": ""F2"", ""brand_name"": ""Hadlima"", ""li_item_id"": ""13704G_21831_1189_43963_59133"", ""determined_price"": 444.17}",,,normal,PBS listing was present in the previous schedule and is now absent.,2026-08-30 02:00:11.220906+00
5172,1983062564,2092-01-01,delisted,13704G_21831_1189_43963_59530,13704G,2100003000,Hyrimoz,"{""pbs_code"": ""13704G"", ""formulary"": ""F2"", ""brand_name"": ""Hyrimoz"", ""li_item_id"": ""13704G_21831_1189_43963_59530"", ""determined_price"": 444.17}",,,normal,PBS listing was present in the previous schedule and is now absent.,2026-08-30 02:00:11.220906+00
5173,1983062564,2092-01-01,delisted,13721E_10037_1189_5419_45576,13721E,2100003000,Hadlima,"{""pbs_code"": ""13721E"", ""formulary"": ""F2"", ""brand_name"": ""Hadlima"", ""li_item_id"": ""13721E_10037_1189_5419_45576"", ""determined_price"": 444.17}",,,normal,PBS listing was present in the previous schedule and is now absent.,2026-08-30 02:00:11.220906+00
5174,1983062564,2092-01-01,delisted,13721E_10037_1189_5419_45951,13721E,2100003000,Amgevita,"{""pbs_code"": ""13721E"", ""formulary"": ""F2"", ""brand_name"": ""Amgevita"", ""li_item_id"": ""13721E_10037_1189_5419_45951"", ""determined_price"": 444.17}",,,normal,PBS listing was present in the previous schedule and is now absent.,2026-08-30 02:00:11.220906+00
5175,1983062564,2092-01-01,delisted,13721E_10037_1189_5419_49269,13721E,2100003000,Hyrimoz,"{""pbs_code"": ""13721E"", ""formulary"": ""F2"", ""brand_name"": ""Hyrimoz"", ""li_item_id"": ""13721E_10037_1189_5419_49269"", ""determined_price"": 444.17}",,,normal,PBS listing was present in the previous schedule and is now absent.,2026-08-30 02:00:11.220906+00
5176,1983062564,2092-01-01,delisted,13722F_10037_1189_5419_45576,13722F,2100003000,Hadlima,"{""pbs_code"": ""13722F"", ""formulary"": ""F2"", ""brand_name"": ""Hadlima"", ""li_item_id"": ""13722F_10037_1189_5419_45576"", ""determined_price"": 444.17}",,,normal,PBS listing was present in the previous schedule and is now absent.,2026-08-30 02:00:11.220906+00
5177,1983062564,2092-01-01,delisted,13722F_10037_1189_5419_45951,13722F,2100003000,Amgevita,"{""pbs_code"": ""13722F"", ""formulary"": ""F2"", ""brand_name"": ""Amgevita"", ""li_item_id"": ""13722F_10037_1189_5419_45951"", ""determined_price"": 444.17}",,,normal,PBS listing was present in the previous schedule and is now absent.,2026-08-30 02:00:11.220906+00
5178,1983062564,2092-01-01,delisted,13722F_10037_1189_5419_49269,13722F,2100003000,Hyrimoz,"{""pbs_code"": ""13722F"", ""formulary"": ""F2"", ""brand_name"": ""Hyrimoz"", ""li_item_id"": ""13722F_10037_1189_5419_49269"", ""determined_price"": 444.17}",,,normal,PBS listing was present in the previous schedule and is now absent.,2026-08-30 02:00:11.220906+00
5179,1983062564,2092-01-01,delisted,13732R_21831_1189_43963_55425,13732R,2100003000,Yuflyma,"{""pbs_code"": ""13732R"", ""formulary"": ""F2"", ""brand_name"": ""Yuflyma"", ""li_item_id"": ""13732R_21831_1189_43963_55425"", ""determined_price"": 444.17}",,,normal,PBS listing was present in the previous schedule and is now absent.,2026-08-30 02:00:11.220906+00
5180,1983062564,2092-01-01,delisted,13732R_21831_1189_43963_59133,13732R,2100003000,Hadlima,"{""pbs_code"": ""13732R"", ""formulary"": ""F2"", ""brand_name"": ""Hadlima"", ""li_item_id"": ""13732R_21831_1189_43963_59133"", ""determined_price"": 444.17}",,,normal,PBS listing was present in the previous schedule and is now absent.,2026-08-30 02:00:11.220906+00
5181,1983062564,2092-01-01,delisted,13732R_21831_1189_43963_59530,13732R,2100003000,Hyrimoz,"{""pbs_code"": ""13732R"", ""formulary"": ""F2"", ""brand_name"": ""Hyrimoz"", ""li_item_id"": ""13732R_21831_1189_43963_59530"", ""determined_price"": 444.17}",,,normal,PBS listing was present in the previous schedule and is now absent.,2026-08-30 02:00:11.220906+00
5182,1983062564,2092-01-01,delisted,13744J_10037_1189_5419_45576,13744J,2100003000,Hadlima,"{""pbs_code"": ""13744J"", ""formulary"": ""F2"", ""brand_name"": ""Hadlima"", ""li_item_id"": ""13744J_10037_1189_5419_45576"", ""determined_price"": 444.17}",,,normal,PBS listing was present in the previous schedule and is now absent.,2026-08-30 02:00:11.220906+00
5183,1983062564,2092-01-01,delisted,13744J_10037_1189_5419_45951,13744J,2100003000,Amgevita,"{""pbs_code"": ""13744J"", ""formulary"": ""F2"", ""brand_name"": ""Amgevita"", ""li_item_id"": ""13744J_10037_1189_5419_45951"", ""determined_price"": 444.17}",,,normal,PBS listing was present in the previous schedule and is now absent.,2026-08-30 02:00:11.220906+00
5184,1983062564,2092-01-01,delisted,13744J_10037_1189_5419_49269,13744J,2100003000,Hyrimoz,"{""pbs_code"": ""13744J"", ""formulary"": ""F2"", ""brand_name"": ""Hyrimoz"", ""li_item_id"": ""13744J_10037_1189_5419_49269"", ""determined_price"": 444.17}",,,normal,PBS listing was present in the previous schedule and is now absent.,2026-08-30 02:00:11.220906+00
5185,1983062564,2092-01-01,delisted,13754X_7270_1189_5417_49267,13754X,2100003000,Hyrimoz,"{""pbs_code"": ""13754X"", ""formulary"": ""F2"", ""brand_name"": ""Hyrimoz"", ""li_item_id"": ""13754X_7270_1189_5417_49267"", ""determined_price"": 444.17}",,,normal,PBS listing was present in the previous schedule and is now absent.,2026-08-30 02:00:11.220906+00
5186,1983062564,2092-01-01,delisted,13754X_7270_1189_5417_50918,13754X,2100003000,Hadlima,"{""pbs_code"": ""13754X"", ""formulary"": ""F2"", ""brand_name"": ""Hadlima"", ""li_item_id"": ""13754X_7270_1189_5417_50918"", ""determined_price"": 444.17}",,,normal,PBS listing was present in the previous schedule and is now absent.,2026-08-30 02:00:11.220906+00
5187,1983062564,2092-01-01,delisted,13754X_7270_1189_5417_51588,13754X,2100003000,Amgevita,"{""pbs_code"": ""13754X"", ""formulary"": ""F2"", ""brand_name"": ""Amgevita"", ""li_item_id"": ""13754X_7270_1189_5417_51588"", ""determined_price"": 444.17}",,,normal,PBS listing was present in the previous schedule and is now absent.,2026-08-30 02:00:11.220906+00
5188,1983062564,2092-01-01,delisted,13754X_7270_1189_5417_54286,13754X,2100003000,Abrilada,"{""pbs_code"": ""13754X"", ""formulary"": ""F2"", ""brand_name"": ""Abrilada"", ""li_item_id"": ""13754X_7270_1189_5417_54286"", ""determined_price"": 444.17}",,,normal,PBS listing was present in the previous schedule and is now absent.,2026-08-30 02:00:11.220906+00
5189,1983062564,2092-01-01,delisted,13763J_21831_1189_43963_55425,13763J,2100003000,Yuflyma,"{""pbs_code"": ""13763J"", ""formulary"": ""F2"", ""brand_name"": ""Yuflyma"", ""li_item_id"": ""13763J_21831_1189_43963_55425"", ""determined_price"": 444.17}",,,normal,PBS listing was present in the previous schedule and is now absent.,2026-08-30 02:00:11.220906+00
5190,1983062564,2092-01-01,delisted,13763J_21831_1189_43963_59133,13763J,2100003000,Hadlima,"{""pbs_code"": ""13763J"", ""formulary"": ""F2"", ""brand_name"": ""Hadlima"", ""li_item_id"": ""13763J_21831_1189_43963_59133"", ""determined_price"": 444.17}",,,normal,PBS listing was present in the previous schedule and is now absent.,2026-08-30 02:00:11.220906+00
5191,1983062564,2092-01-01,delisted,13763J_21831_1189_43963_59530,13763J,2100003000,Hyrimoz,"{""pbs_code"": ""13763J"", ""formulary"": ""F2"", ""brand_name"": ""Hyrimoz"", ""li_item_id"": ""13763J_21831_1189_43963_59530"", ""determined_price"": 444.17}",,,normal,PBS listing was present in the previous schedule and is now absent.,2026-08-30 02:00:11.220906+00
5192,1983062564,2092-01-01,delisted,13764K_21832_1189_43971_55426,13764K,2100003000,Yuflyma,"{""pbs_code"": ""13764K"", ""formulary"": ""F2"", ""brand_name"": ""Yuflyma"", ""li_item_id"": ""13764K_21832_1189_43971_55426"", ""determined_price"": 444.17}",,,normal,PBS listing was present in the previous schedule and is now absent.,2026-08-30 02:00:11.220906+00
5193,1983062564,2092-01-01,delisted,13764K_21832_1189_43971_59132,13764K,2100003000,Hadlima,"{""pbs_code"": ""13764K"", ""formulary"": ""F2"", ""brand_name"": ""Hadlima"", ""li_item_id"": ""13764K_21832_1189_43971_59132"", ""determined_price"": 444.17}",,,normal,PBS listing was present in the previous schedule and is now absent.,2026-08-30 02:00:11.220906+00
5194,1983062564,2092-01-01,delisted,13764K_21832_1189_43971_59529,13764K,2100003000,Hyrimoz,"{""pbs_code"": ""13764K"", ""formulary"": ""F2"", ""brand_name"": ""Hyrimoz"", ""li_item_id"": ""13764K_21832_1189_43971_59529"", ""determined_price"": 444.17}",,,normal,PBS listing was present in the previous schedule and is now absent.,2026-08-30 02:00:11.220906+00
5195,1983062564,2092-01-01,delisted,14221L_21832_1189_43971_43973,14221L,2100003000,Humira,"{""pbs_code"": ""14221L"", ""formulary"": ""F2"", ""brand_name"": ""Humira"", ""li_item_id"": ""14221L_21832_1189_43971_43973"", ""determined_price"": 444.17}",,,normal,PBS listing was present in the previous schedule and is now absent.,2026-08-30 02:00:11.220906+00
5196,1983062564,2092-01-01,delisted,14221L_21832_1189_43971_55426,14221L,2100003000,Yuflyma,"{""pbs_code"": ""14221L"", ""formulary"": ""F2"", ""brand_name"": ""Yuflyma"", ""li_item_id"": ""14221L_21832_1189_43971_55426"", ""determined_price"": 444.17}",,,normal,PBS listing was present in the previous schedule and is now absent.,2026-08-30 02:00:11.220906+00
5197,1983062564,2092-01-01,delisted,14221L_21832_1189_43971_59132,14221L,2100003000,Hadlima,"{""pbs_code"": ""14221L"", ""formulary"": ""F2"", ""brand_name"": ""Hadlima"", ""li_item_id"": ""14221L_21832_1189_43971_59132"", ""determined_price"": 444.17}",,,normal,PBS listing was present in the previous schedule and is now absent.,2026-08-30 02:00:11.220906+00
5198,1983062564,2092-01-01,delisted,14221L_21832_1189_43971_59529,14221L,2100003000,Hyrimoz,"{""pbs_code"": ""14221L"", ""formulary"": ""F2"", ""brand_name"": ""Hyrimoz"", ""li_item_id"": ""14221L_21832_1189_43971_59529"", ""determined_price"": 444.17}",,,normal,PBS listing was present in the previous schedule and is now absent.,2026-08-30 02:00:11.220906+00
5199,1983062564,2092-01-01,delisted,14222M_10037_1189_5419_45576,14222M,2100003000,Hadlima,"{""pbs_code"": ""14222M"", ""formulary"": ""F2"", ""brand_name"": ""Hadlima"", ""li_item_id"": ""14222M_10037_1189_5419_45576"", ""determined_price"": 444.17}",,,normal,PBS listing was present in the previous schedule and is now absent.,2026-08-30 02:00:11.220906+00
5200,1983062564,2092-01-01,delisted,14222M_10037_1189_5419_45951,14222M,2100003000,Amgevita,"{""pbs_code"": ""14222M"", ""formulary"": ""F2"", ""brand_name"": ""Amgevita"", ""li_item_id"": ""14222M_10037_1189_5419_45951"", ""determined_price"": 444.17}",,,normal,PBS listing was present in the previous schedule and is now absent.,2026-08-30 02:00:11.220906+00
5201,1983062564,2092-01-01,delisted,14222M_10037_1189_5419_49269,14222M,2100003000,Hyrimoz,"{""pbs_code"": ""14222M"", ""formulary"": ""F2"", ""brand_name"": ""Hyrimoz"", ""li_item_id"": ""14222M_10037_1189_5419_49269"", ""determined_price"": 444.17}",,,normal,PBS listing was present in the previous schedule and is now absent.,2026-08-30 02:00:11.220906+00
5202,1983062564,2092-01-01,delisted,14234E_21832_1189_43971_55426,14234E,2100003000,Yuflyma,"{""pbs_code"": ""14234E"", ""formulary"": ""F2"", ""brand_name"": ""Yuflyma"", ""li_item_id"": ""14234E_21832_1189_43971_55426"", ""determined_price"": 444.17}",,,normal,PBS listing was present in the previous schedule and is now absent.,2026-08-30 02:00:11.220906+00
5203,1983062564,2092-01-01,delisted,14234E_21832_1189_43971_59132,14234E,2100003000,Hadlima,"{""pbs_code"": ""14234E"", ""formulary"": ""F2"", ""brand_name"": ""Hadlima"", ""li_item_id"": ""14234E_21832_1189_43971_59132"", ""determined_price"": 444.17}",,,normal,PBS listing was present in the previous schedule and is now absent.,2026-08-30 02:00:11.220906+00
5204,1983062564,2092-01-01,delisted,14234E_21832_1189_43971_59529,14234E,2100003000,Hyrimoz,"{""pbs_code"": ""14234E"", ""formulary"": ""F2"", ""brand_name"": ""Hyrimoz"", ""li_item_id"": ""14234E_21832_1189_43971_59529"", ""determined_price"": 444.17}",,,normal,PBS listing was present in the previous schedule and is now absent.,2026-08-30 02:00:11.220906+00
5205,1983062564,2092-01-01,delisted,14242N_21832_1189_43971_43973,14242N,2100003000,Humira,"{""pbs_code"": ""14242N"", ""formulary"": ""F2"", ""brand_name"": ""Humira"", ""li_item_id"": ""14242N_21832_1189_43971_43973"", ""determined_price"": 444.17}",,,normal,PBS listing was present in the previous schedule and is now absent.,2026-08-30 02:00:11.220906+00
5206,1983062564,2092-01-01,delisted,14242N_21832_1189_43971_55426,14242N,2100003000,Yuflyma,"{""pbs_code"": ""14242N"", ""formulary"": ""F2"", ""brand_name"": ""Yuflyma"", ""li_item_id"": ""14242N_21832_1189_43971_55426"", ""determined_price"": 444.17}",,,normal,PBS listing was present in the previous schedule and is now absent.,2026-08-30 02:00:11.220906+00
5207,1983062564,2092-01-01,delisted,14242N_21832_1189_43971_59132,14242N,2100003000,Hadlima,"{""pbs_code"": ""14242N"", ""formulary"": ""F2"", ""brand_name"": ""Hadlima"", ""li_item_id"": ""14242N_21832_1189_43971_59132"", ""determined_price"": 444.17}",,,normal,PBS listing was present in the previous schedule and is now absent.,2026-08-30 02:00:11.220906+00
5208,1983062564,2092-01-01,delisted,14242N_21832_1189_43971_59529,14242N,2100003000,Hyrimoz,"{""pbs_code"": ""14242N"", ""formulary"": ""F2"", ""brand_name"": ""Hyrimoz"", ""li_item_id"": ""14242N_21832_1189_43971_59529"", ""determined_price"": 444.17}",,,normal,PBS listing was present in the previous schedule and is now absent.,2026-08-30 02:00:11.220906+00
5209,1983062564,2092-01-01,delisted,14243P_10037_1189_5419_45576,14243P,2100003000,Hadlima,"{""pbs_code"": ""14243P"", ""formulary"": ""F2"", ""brand_name"": ""Hadlima"", ""li_item_id"": ""14243P_10037_1189_5419_45576"", ""determined_price"": 444.17}",,,normal,PBS listing was present in the previous schedule and is now absent.,2026-08-30 02:00:11.220906+00
5210,1983062564,2092-01-01,delisted,14243P_10037_1189_5419_45951,14243P,2100003000,Amgevita,"{""pbs_code"": ""14243P"", ""formulary"": ""F2"", ""brand_name"": ""Amgevita"", ""li_item_id"": ""14243P_10037_1189_5419_45951"", ""determined_price"": 444.17}",,,normal,PBS listing was present in the previous schedule and is now absent.,2026-08-30 02:00:11.220906+00
5211,1983062564,2092-01-01,delisted,14243P_10037_1189_5419_49269,14243P,2100003000,Hyrimoz,"{""pbs_code"": ""14243P"", ""formulary"": ""F2"", ""brand_name"": ""Hyrimoz"", ""li_item_id"": ""14243P_10037_1189_5419_49269"", ""determined_price"": 444.17}",,,normal,PBS listing was present in the previous schedule and is now absent.,2026-08-30 02:00:11.220906+00
5212,1983062564,2092-01-01,delisted,14244Q_22501_1189_45820_45824,14244Q,2100003000,Humira,"{""pbs_code"": ""14244Q"", ""formulary"": ""F2"", ""brand_name"": ""Humira"", ""li_item_id"": ""14244Q_22501_1189_45820_45824"", ""determined_price"": 567.42}",,,normal,PBS listing was present in the previous schedule and is now absent.,2026-08-30 02:00:11.220906+00
5213,1983062564,2092-01-01,delisted,14245R_22501_1189_45820_45824,14245R,2100003000,Humira,"{""pbs_code"": ""14245R"", ""formulary"": ""F2"", ""brand_name"": ""Humira"", ""li_item_id"": ""14245R_22501_1189_45820_45824"", ""determined_price"": 567.42}",,,normal,PBS listing was present in the previous schedule and is now absent.,2026-08-30 02:00:11.220906+00
5214,1983062564,2092-01-01,delisted,14251C_10037_1189_5419_45576,14251C,2100003000,Hadlima,"{""pbs_code"": ""14251C"", ""formulary"": ""F2"", ""brand_name"": ""Hadlima"", ""li_item_id"": ""14251C_10037_1189_5419_45576"", ""determined_price"": 444.17}",,,normal,PBS listing was present in the previous schedule and is now absent.,2026-08-30 02:00:11.220906+00
5215,1983062564,2092-01-01,delisted,14251C_10037_1189_5419_45951,14251C,2100003000,Amgevita,"{""pbs_code"": ""14251C"", ""formulary"": ""F2"", ""brand_name"": ""Amgevita"", ""li_item_id"": ""14251C_10037_1189_5419_45951"", ""determined_price"": 444.17}",,,normal,PBS listing was present in the previous schedule and is now absent.,2026-08-30 02:00:11.220906+00
5216,1983062564,2092-01-01,delisted,14251C_10037_1189_5419_49269,14251C,2100003000,Hyrimoz,"{""pbs_code"": ""14251C"", ""formulary"": ""F2"", ""brand_name"": ""Hyrimoz"", ""li_item_id"": ""14251C_10037_1189_5419_49269"", ""determined_price"": 444.17}",,,normal,PBS listing was present in the previous schedule and is now absent.,2026-08-30 02:00:11.220906+00
5217,1983062564,2092-01-01,delisted,14261N_7270_1189_5417_49267,14261N,2100003000,Hyrimoz,"{""pbs_code"": ""14261N"", ""formulary"": ""F2"", ""brand_name"": ""Hyrimoz"", ""li_item_id"": ""14261N_7270_1189_5417_49267"", ""determined_price"": 444.17}",,,normal,PBS listing was present in the previous schedule and is now absent.,2026-08-30 02:00:11.220906+00
5218,1983062564,2092-01-01,delisted,14261N_7270_1189_5417_50918,14261N,2100003000,Hadlima,"{""pbs_code"": ""14261N"", ""formulary"": ""F2"", ""brand_name"": ""Hadlima"", ""li_item_id"": ""14261N_7270_1189_5417_50918"", ""determined_price"": 444.17}",,,normal,PBS listing was present in the previous schedule and is now absent.,2026-08-30 02:00:11.220906+00
5219,1983062564,2092-01-01,delisted,14261N_7270_1189_5417_51588,14261N,2100003000,Amgevita,"{""pbs_code"": ""14261N"", ""formulary"": ""F2"", ""brand_name"": ""Amgevita"", ""li_item_id"": ""14261N_7270_1189_5417_51588"", ""determined_price"": 444.17}",,,normal,PBS listing was present in the previous schedule and is now absent.,2026-08-30 02:00:11.220906+00
5220,1983062564,2092-01-01,delisted,14261N_7270_1189_5417_54286,14261N,2100003000,Abrilada,"{""pbs_code"": ""14261N"", ""formulary"": ""F2"", ""brand_name"": ""Abrilada"", ""li_item_id"": ""14261N_7270_1189_5417_54286"", ""determined_price"": 444.17}",,,normal,PBS listing was present in the previous schedule and is now absent.,2026-08-30 02:00:11.220906+00
5221,1983062564,2092-01-01,delisted,14262P_7270_1189_5417_49267,14262P,2100003000,Hyrimoz,"{""pbs_code"": ""14262P"", ""formulary"": ""F2"", ""brand_name"": ""Hyrimoz"", ""li_item_id"": ""14262P_7270_1189_5417_49267"", ""determined_price"": 444.17}",,,normal,PBS listing was present in the previous schedule and is now absent.,2026-08-30 02:00:11.220906+00
5222,1983062564,2092-01-01,delisted,14262P_7270_1189_5417_50918,14262P,2100003000,Hadlima,"{""pbs_code"": ""14262P"", ""formulary"": ""F2"", ""brand_name"": ""Hadlima"", ""li_item_id"": ""14262P_7270_1189_5417_50918"", ""determined_price"": 444.17}",,,normal,PBS listing was present in the previous schedule and is now absent.,2026-08-30 02:00:11.220906+00
5223,1983062564,2092-01-01,delisted,14262P_7270_1189_5417_51588,14262P,2100003000,Amgevita,"{""pbs_code"": ""14262P"", ""formulary"": ""F2"", ""brand_name"": ""Amgevita"", ""li_item_id"": ""14262P_7270_1189_5417_51588"", ""determined_price"": 444.17}",,,normal,PBS listing was present in the previous schedule and is now absent.,2026-08-30 02:00:11.220906+00
5224,1983062564,2092-01-01,delisted,14262P_7270_1189_5417_54286,14262P,2100003000,Abrilada,"{""pbs_code"": ""14262P"", ""formulary"": ""F2"", ""brand_name"": ""Abrilada"", ""li_item_id"": ""14262P_7270_1189_5417_54286"", ""determined_price"": 444.17}",,,normal,PBS listing was present in the previous schedule and is now absent.,2026-08-30 02:00:11.220906+00
5225,1983062564,2092-01-01,delisted,14263Q_7270_1189_5417_49267,14263Q,2100003000,Hyrimoz,"{""pbs_code"": ""14263Q"", ""formulary"": ""F2"", ""brand_name"": ""Hyrimoz"", ""li_item_id"": ""14263Q_7270_1189_5417_49267"", ""determined_price"": 444.17}",,,normal,PBS listing was present in the previous schedule and is now absent.,2026-08-30 02:00:11.220906+00
5226,1983062564,2092-01-01,delisted,14263Q_7270_1189_5417_50918,14263Q,2100003000,Hadlima,"{""pbs_code"": ""14263Q"", ""formulary"": ""F2"", ""brand_name"": ""Hadlima"", ""li_item_id"": ""14263Q_7270_1189_5417_50918"", ""determined_price"": 444.17}",,,normal,PBS listing was present in the previous schedule and is now absent.,2026-08-30 02:00:11.220906+00
5227,1983062564,2092-01-01,delisted,14263Q_7270_1189_5417_51588,14263Q,2100003000,Amgevita,"{""pbs_code"": ""14263Q"", ""formulary"": ""F2"", ""brand_name"": ""Amgevita"", ""li_item_id"": ""14263Q_7270_1189_5417_51588"", ""determined_price"": 444.17}",,,normal,PBS listing was present in the previous schedule and is now absent.,2026-08-30 02:00:11.220906+00
5228,1983062564,2092-01-01,delisted,14263Q_7270_1189_5417_54286,14263Q,2100003000,Abrilada,"{""pbs_code"": ""14263Q"", ""formulary"": ""F2"", ""brand_name"": ""Abrilada"", ""li_item_id"": ""14263Q_7270_1189_5417_54286"", ""determined_price"": 444.17}",,,normal,PBS listing was present in the previous schedule and is now absent.,2026-08-30 02:00:11.220906+00
5229,1983062564,2092-01-01,delisted,14272E_21832_1189_43971_43973,14272E,2100003000,Humira,"{""pbs_code"": ""14272E"", ""formulary"": ""F2"", ""brand_name"": ""Humira"", ""li_item_id"": ""14272E_21832_1189_43971_43973"", ""determined_price"": 444.17}",,,normal,PBS listing was present in the previous schedule and is now absent.,2026-08-30 02:00:11.220906+00
5230,1983062564,2092-01-01,delisted,14272E_21832_1189_43971_55426,14272E,2100003000,Yuflyma,"{""pbs_code"": ""14272E"", ""formulary"": ""F2"", ""brand_name"": ""Yuflyma"", ""li_item_id"": ""14272E_21832_1189_43971_55426"", ""determined_price"": 444.17}",,,normal,PBS listing was present in the previous schedule and is now absent.,2026-08-30 02:00:11.220906+00
5231,1983062564,2092-01-01,delisted,14272E_21832_1189_43971_59132,14272E,2100003000,Hadlima,"{""pbs_code"": ""14272E"", ""formulary"": ""F2"", ""brand_name"": ""Hadlima"", ""li_item_id"": ""14272E_21832_1189_43971_59132"", ""determined_price"": 444.17}",,,normal,PBS listing was present in the previous schedule and is now absent.,2026-08-30 02:00:11.220906+00
5232,1983062564,2092-01-01,delisted,14272E_21832_1189_43971_59529,14272E,2100003000,Hyrimoz,"{""pbs_code"": ""14272E"", ""formulary"": ""F2"", ""brand_name"": ""Hyrimoz"", ""li_item_id"": ""14272E_21832_1189_43971_59529"", ""determined_price"": 444.17}",,,normal,PBS listing was present in the previous schedule and is now absent.,2026-08-30 02:00:11.220906+00
5233,1983062564,2092-01-01,delisted,14275H_22501_1189_45820_45824,14275H,2100003000,Humira,"{""pbs_code"": ""14275H"", ""formulary"": ""F2"", ""brand_name"": ""Humira"", ""li_item_id"": ""14275H_22501_1189_45820_45824"", ""determined_price"": 567.42}",,,normal,PBS listing was present in the previous schedule and is now absent.,2026-08-30 02:00:11.220906+00
5234,1983062564,2092-01-01,delisted,14283R_10037_1189_5419_45576,14283R,2100003000,Hadlima,"{""pbs_code"": ""14283R"", ""formulary"": ""F2"", ""brand_name"": ""Hadlima"", ""li_item_id"": ""14283R_10037_1189_5419_45576"", ""determined_price"": 444.17}",,,normal,PBS listing was present in the previous schedule and is now absent.,2026-08-30 02:00:11.220906+00
5235,1983062564,2092-01-01,delisted,14283R_10037_1189_5419_45951,14283R,2100003000,Amgevita,"{""pbs_code"": ""14283R"", ""formulary"": ""F2"", ""brand_name"": ""Amgevita"", ""li_item_id"": ""14283R_10037_1189_5419_45951"", ""determined_price"": 444.17}",,,normal,PBS listing was present in the previous schedule and is now absent.,2026-08-30 02:00:11.220906+00
5236,1983062564,2092-01-01,delisted,14283R_10037_1189_5419_49269,14283R,2100003000,Hyrimoz,"{""pbs_code"": ""14283R"", ""formulary"": ""F2"", ""brand_name"": ""Hyrimoz"", ""li_item_id"": ""14283R_10037_1189_5419_49269"", ""determined_price"": 444.17}",,,normal,PBS listing was present in the previous schedule and is now absent.,2026-08-30 02:00:11.220906+00
5237,1983062564,2092-01-01,delisted,14284T_7270_1189_5417_49267,14284T,2100003000,Hyrimoz,"{""pbs_code"": ""14284T"", ""formulary"": ""F2"", ""brand_name"": ""Hyrimoz"", ""li_item_id"": ""14284T_7270_1189_5417_49267"", ""determined_price"": 444.17}",,,normal,PBS listing was present in the previous schedule and is now absent.,2026-08-30 02:00:11.220906+00
5238,1983062564,2092-01-01,delisted,14284T_7270_1189_5417_50918,14284T,2100003000,Hadlima,"{""pbs_code"": ""14284T"", ""formulary"": ""F2"", ""brand_name"": ""Hadlima"", ""li_item_id"": ""14284T_7270_1189_5417_50918"", ""determined_price"": 444.17}",,,normal,PBS listing was present in the previous schedule and is now absent.,2026-08-30 02:00:11.220906+00
5239,1983062564,2092-01-01,delisted,14284T_7270_1189_5417_51588,14284T,2100003000,Amgevita,"{""pbs_code"": ""14284T"", ""formulary"": ""F2"", ""brand_name"": ""Amgevita"", ""li_item_id"": ""14284T_7270_1189_5417_51588"", ""determined_price"": 444.17}",,,normal,PBS listing was present in the previous schedule and is now absent.,2026-08-30 02:00:11.220906+00
5240,1983062564,2092-01-01,delisted,14284T_7270_1189_5417_54286,14284T,2100003000,Abrilada,"{""pbs_code"": ""14284T"", ""formulary"": ""F2"", ""brand_name"": ""Abrilada"", ""li_item_id"": ""14284T_7270_1189_5417_54286"", ""determined_price"": 444.17}",,,normal,PBS listing was present in the previous schedule and is now absent.,2026-08-30 02:00:11.220906+00
5241,1983062564,2092-01-01,delisted,14586Q_21831_1189_43963_43965,14586Q,2100003000,Humira,"{""pbs_code"": ""14586Q"", ""formulary"": ""F2"", ""brand_name"": ""Humira"", ""li_item_id"": ""14586Q_21831_1189_43963_43965"", ""determined_price"": 444.17}",,,normal,PBS listing was present in the previous schedule and is now absent.,2026-08-30 02:00:11.220906+00
5242,1983062564,2092-01-01,delisted,14586Q_21831_1189_43963_55425,14586Q,2100003000,Yuflyma,"{""pbs_code"": ""14586Q"", ""formulary"": ""F2"", ""brand_name"": ""Yuflyma"", ""li_item_id"": ""14586Q_21831_1189_43963_55425"", ""determined_price"": 444.17}",,,normal,PBS listing was present in the previous schedule and is now absent.,2026-08-30 02:00:11.220906+00
5243,1983062564,2092-01-01,delisted,14586Q_21831_1189_43963_59133,14586Q,2100003000,Hadlima,"{""pbs_code"": ""14586Q"", ""formulary"": ""F2"", ""brand_name"": ""Hadlima"", ""li_item_id"": ""14586Q_21831_1189_43963_59133"", ""determined_price"": 444.17}",,,normal,PBS listing was present in the previous schedule and is now absent.,2026-08-30 02:00:11.220906+00
5244,1983062564,2092-01-01,delisted,14586Q_21831_1189_43963_59530,14586Q,2100003000,Hyrimoz,"{""pbs_code"": ""14586Q"", ""formulary"": ""F2"", ""brand_name"": ""Hyrimoz"", ""li_item_id"": ""14586Q_21831_1189_43963_59530"", ""determined_price"": 444.17}",,,normal,PBS listing was present in the previous schedule and is now absent.,2026-08-30 02:00:11.220906+00
5245,1983062564,2092-01-01,delisted,14587R_22502_1189_45825_59140,14587R,2100003000,Yuflyma,"{""pbs_code"": ""14587R"", ""formulary"": ""F2"", ""brand_name"": ""Yuflyma"", ""li_item_id"": ""14587R_22502_1189_45825_59140"", ""determined_price"": 618.9}",,,normal,PBS listing was present in the previous schedule and is now absent.,2026-08-30 02:00:11.220906+00
5246,1983062564,2092-01-01,delisted,14587R_22502_1189_45825_59531,14587R,2100003000,Hyrimoz,"{""pbs_code"": ""14587R"", ""formulary"": ""F2"", ""brand_name"": ""Hyrimoz"", ""li_item_id"": ""14587R_22502_1189_45825_59531"", ""determined_price"": 618.9}",,,normal,PBS listing was present in the previous schedule and is now absent.,2026-08-30 02:00:11.220906+00
5247,1983062564,2092-01-01,delisted,14591Y_21831_1189_43963_43965,14591Y,2100003000,Humira,"{""pbs_code"": ""14591Y"", ""formulary"": ""F2"", ""brand_name"": ""Humira"", ""li_item_id"": ""14591Y_21831_1189_43963_43965"", ""determined_price"": 444.17}",,,normal,PBS listing was present in the previous schedule and is now absent.,2026-08-30 02:00:11.220906+00
5248,1983062564,2092-01-01,delisted,14591Y_21831_1189_43963_55425,14591Y,2100003000,Yuflyma,"{""pbs_code"": ""14591Y"", ""formulary"": ""F2"", ""brand_name"": ""Yuflyma"", ""li_item_id"": ""14591Y_21831_1189_43963_55425"", ""determined_price"": 444.17}",,,normal,PBS listing was present in the previous schedule and is now absent.,2026-08-30 02:00:11.220906+00
5249,1983062564,2092-01-01,delisted,14591Y_21831_1189_43963_59133,14591Y,2100003000,Hadlima,"{""pbs_code"": ""14591Y"", ""formulary"": ""F2"", ""brand_name"": ""Hadlima"", ""li_item_id"": ""14591Y_21831_1189_43963_59133"", ""determined_price"": 444.17}",,,normal,PBS listing was present in the previous schedule and is now absent.,2026-08-30 02:00:11.220906+00
5250,1983062564,2092-01-01,delisted,14591Y_21831_1189_43963_59530,14591Y,2100003000,Hyrimoz,"{""pbs_code"": ""14591Y"", ""formulary"": ""F2"", ""brand_name"": ""Hyrimoz"", ""li_item_id"": ""14591Y_21831_1189_43963_59530"", ""determined_price"": 444.17}",,,normal,PBS listing was present in the previous schedule and is now absent.,2026-08-30 02:00:11.220906+00
5251,1983062564,2092-01-01,delisted,14622N_22503_1189_45830_59141,14622N,2100003000,Yuflyma,"{""pbs_code"": ""14622N"", ""formulary"": ""F2"", ""brand_name"": ""Yuflyma"", ""li_item_id"": ""14622N_22503_1189_45830_59141"", ""determined_price"": 618.9}",,,normal,PBS listing was present in the previous schedule and is now absent.,2026-08-30 02:00:11.220906+00
5252,1983062564,2092-01-01,delisted,14628X_21831_1189_43963_43965,14628X,2100003000,Humira,"{""pbs_code"": ""14628X"", ""formulary"": ""F2"", ""brand_name"": ""Humira"", ""li_item_id"": ""14628X_21831_1189_43963_43965"", ""determined_price"": 444.17}",,,normal,PBS listing was present in the previous schedule and is now absent.,2026-08-30 02:00:11.220906+00
5253,1983062564,2092-01-01,delisted,14628X_21831_1189_43963_55425,14628X,2100003000,Yuflyma,"{""pbs_code"": ""14628X"", ""formulary"": ""F2"", ""brand_name"": ""Yuflyma"", ""li_item_id"": ""14628X_21831_1189_43963_55425"", ""determined_price"": 444.17}",,,normal,PBS listing was present in the previous schedule and is now absent.,2026-08-30 02:00:11.220906+00
5254,1983062564,2092-01-01,delisted,14628X_21831_1189_43963_59133,14628X,2100003000,Hadlima,"{""pbs_code"": ""14628X"", ""formulary"": ""F2"", ""brand_name"": ""Hadlima"", ""li_item_id"": ""14628X_21831_1189_43963_59133"", ""determined_price"": 444.17}",,,normal,PBS listing was present in the previous schedule and is now absent.,2026-08-30 02:00:11.220906+00
5255,1983062564,2092-01-01,delisted,14628X_21831_1189_43963_59530,14628X,2100003000,Hyrimoz,"{""pbs_code"": ""14628X"", ""formulary"": ""F2"", ""brand_name"": ""Hyrimoz"", ""li_item_id"": ""14628X_21831_1189_43963_59530"", ""determined_price"": 444.17}",,,normal,PBS listing was present in the previous schedule and is now absent.,2026-08-30 02:00:11.220906+00
5256,1983062564,2092-01-01,delisted,14629Y_21831_1189_43963_55425,14629Y,2100003000,Yuflyma,"{""pbs_code"": ""14629Y"", ""formulary"": ""F2"", ""brand_name"": ""Yuflyma"", ""li_item_id"": ""14629Y_21831_1189_43963_55425"", ""determined_price"": 444.17}",,,normal,PBS listing was present in the previous schedule and is now absent.,2026-08-30 02:00:11.220906+00
5257,1983062564,2092-01-01,delisted,14629Y_21831_1189_43963_59133,14629Y,2100003000,Hadlima,"{""pbs_code"": ""14629Y"", ""formulary"": ""F2"", ""brand_name"": ""Hadlima"", ""li_item_id"": ""14629Y_21831_1189_43963_59133"", ""determined_price"": 444.17}",,,normal,PBS listing was present in the previous schedule and is now absent.,2026-08-30 02:00:11.220906+00
5258,1983062564,2092-01-01,delisted,14629Y_21831_1189_43963_59530,14629Y,2100003000,Hyrimoz,"{""pbs_code"": ""14629Y"", ""formulary"": ""F2"", ""brand_name"": ""Hyrimoz"", ""li_item_id"": ""14629Y_21831_1189_43963_59530"", ""determined_price"": 444.17}",,,normal,PBS listing was present in the previous schedule and is now absent.,2026-08-30 02:00:11.220906+00
5259,1983062564,2092-01-01,delisted,14747E_7444_1189_51604_51606,14747E,2100003000,Amgevita,"{""pbs_code"": ""14747E"", ""formulary"": ""F2"", ""brand_name"": ""Amgevita"", ""li_item_id"": ""14747E_7444_1189_51604_51606"", ""determined_price"": 272.84}",,,normal,PBS listing was present in the previous schedule and is now absent.,2026-08-30 02:00:11.220906+00
5260,1983062564,2092-01-01,delisted,14748F_7444_1189_51604_51606,14748F,2100003000,Amgevita,"{""pbs_code"": ""14748F"", ""formulary"": ""F2"", ""brand_name"": ""Amgevita"", ""li_item_id"": ""14748F_7444_1189_51604_51606"", ""determined_price"": 272.84}",,,normal,PBS listing was present in the previous schedule and is now absent.,2026-08-30 02:00:11.220906+00
5261,1983062564,2092-01-01,delisted,14749G_7444_1189_51604_51606,14749G,2100003000,Amgevita,"{""pbs_code"": ""14749G"", ""formulary"": ""F2"", ""brand_name"": ""Amgevita"", ""li_item_id"": ""14749G_7444_1189_51604_51606"", ""determined_price"": 272.84}",,,normal,PBS listing was present in the previous schedule and is now absent.,2026-08-30 02:00:11.220906+00
5262,1983062564,2092-01-01,delisted,14772L_7444_1189_51604_51606,14772L,2100003000,Amgevita,"{""pbs_code"": ""14772L"", ""formulary"": ""F2"", ""brand_name"": ""Amgevita"", ""li_item_id"": ""14772L_7444_1189_51604_51606"", ""determined_price"": 272.84}",,,normal,PBS listing was present in the previous schedule and is now absent.,2026-08-30 02:00:11.220906+00
5263,1983062564,2092-01-01,delisted,14958G_10037_1189_5419_45576,14958G,2100003000,Hadlima,"{""pbs_code"": ""14958G"", ""formulary"": ""F2"", ""brand_name"": ""Hadlima"", ""li_item_id"": ""14958G_10037_1189_5419_45576"", ""determined_price"": 444.17}",,,normal,PBS listing was present in the previous schedule and is now absent.,2026-08-30 02:00:11.220906+00
5264,1983062564,2092-01-01,delisted,14958G_10037_1189_5419_45951,14958G,2100003000,Amgevita,"{""pbs_code"": ""14958G"", ""formulary"": ""F2"", ""brand_name"": ""Amgevita"", ""li_item_id"": ""14958G_10037_1189_5419_45951"", ""determined_price"": 444.17}",,,normal,PBS listing was present in the previous schedule and is now absent.,2026-08-30 02:00:11.220906+00
5265,1983062564,2092-01-01,delisted,14958G_10037_1189_5419_49269,14958G,2100003000,Hyrimoz,"{""pbs_code"": ""14958G"", ""formulary"": ""F2"", ""brand_name"": ""Hyrimoz"", ""li_item_id"": ""14958G_10037_1189_5419_49269"", ""determined_price"": 444.17}",,,normal,PBS listing was present in the previous schedule and is now absent.,2026-08-30 02:00:11.220906+00
5266,1983062564,2092-01-01,delisted,14973C_21832_1189_43971_43973,14973C,2100003000,Humira,"{""pbs_code"": ""14973C"", ""formulary"": ""F2"", ""brand_name"": ""Humira"", ""li_item_id"": ""14973C_21832_1189_43971_43973"", ""determined_price"": 444.17}",,,normal,PBS listing was present in the previous schedule and is now absent.,2026-08-30 02:00:11.220906+00
5267,1983062564,2092-01-01,delisted,14973C_21832_1189_43971_55426,14973C,2100003000,Yuflyma,"{""pbs_code"": ""14973C"", ""formulary"": ""F2"", ""brand_name"": ""Yuflyma"", ""li_item_id"": ""14973C_21832_1189_43971_55426"", ""determined_price"": 444.17}",,,normal,PBS listing was present in the previous schedule and is now absent.,2026-08-30 02:00:11.220906+00
5268,1983062564,2092-01-01,delisted,14973C_21832_1189_43971_59132,14973C,2100003000,Hadlima,"{""pbs_code"": ""14973C"", ""formulary"": ""F2"", ""brand_name"": ""Hadlima"", ""li_item_id"": ""14973C_21832_1189_43971_59132"", ""determined_price"": 444.17}",,,normal,PBS listing was present in the previous schedule and is now absent.,2026-08-30 02:00:11.220906+00
5269,1983062564,2092-01-01,delisted,14973C_21832_1189_43971_59529,14973C,2100003000,Hyrimoz,"{""pbs_code"": ""14973C"", ""formulary"": ""F2"", ""brand_name"": ""Hyrimoz"", ""li_item_id"": ""14973C_21832_1189_43971_59529"", ""determined_price"": 444.17}",,,normal,PBS listing was present in the previous schedule and is now absent.,2026-08-30 02:00:11.220906+00
5270,1983062564,2092-01-01,delisted,14975E_7444_1189_51604_51606,14975E,2100003000,Amgevita,"{""pbs_code"": ""14975E"", ""formulary"": ""F2"", ""brand_name"": ""Amgevita"", ""li_item_id"": ""14975E_7444_1189_51604_51606"", ""determined_price"": 272.84}",,,normal,PBS listing was present in the previous schedule and is now absent.,2026-08-30 02:00:11.220906+00
5271,1983062564,2092-01-01,delisted,14976F_22501_1189_45820_45824,14976F,2100003000,Humira,"{""pbs_code"": ""14976F"", ""formulary"": ""F2"", ""brand_name"": ""Humira"", ""li_item_id"": ""14976F_22501_1189_45820_45824"", ""determined_price"": 567.42}",,,normal,PBS listing was present in the previous schedule and is now absent.,2026-08-30 02:00:11.220906+00
5272,1983062564,2092-01-01,delisted,14985Q_7270_1189_5417_49267,14985Q,2100003000,Hyrimoz,"{""pbs_code"": ""14985Q"", ""formulary"": ""F2"", ""brand_name"": ""Hyrimoz"", ""li_item_id"": ""14985Q_7270_1189_5417_49267"", ""determined_price"": 444.17}",,,normal,PBS listing was present in the previous schedule and is now absent.,2026-08-30 02:00:11.220906+00
5273,1983062564,2092-01-01,delisted,14985Q_7270_1189_5417_50918,14985Q,2100003000,Hadlima,"{""pbs_code"": ""14985Q"", ""formulary"": ""F2"", ""brand_name"": ""Hadlima"", ""li_item_id"": ""14985Q_7270_1189_5417_50918"", ""determined_price"": 444.17}",,,normal,PBS listing was present in the previous schedule and is now absent.,2026-08-30 02:00:11.220906+00
5274,1983062564,2092-01-01,delisted,14985Q_7270_1189_5417_51588,14985Q,2100003000,Amgevita,"{""pbs_code"": ""14985Q"", ""formulary"": ""F2"", ""brand_name"": ""Amgevita"", ""li_item_id"": ""14985Q_7270_1189_5417_51588"", ""determined_price"": 444.17}",,,normal,PBS listing was present in the previous schedule and is now absent.,2026-08-30 02:00:11.220906+00
5275,1983062564,2092-01-01,delisted,14985Q_7270_1189_5417_54286,14985Q,2100003000,Abrilada,"{""pbs_code"": ""14985Q"", ""formulary"": ""F2"", ""brand_name"": ""Abrilada"", ""li_item_id"": ""14985Q_7270_1189_5417_54286"", ""determined_price"": 444.17}",,,normal,PBS listing was present in the previous schedule and is now absent.,2026-08-30 02:00:11.220906+00
5276,1983062564,2092-01-01,delisted,14995F_22501_1189_45820_45824,14995F,2100003000,Humira,"{""pbs_code"": ""14995F"", ""formulary"": ""F2"", ""brand_name"": ""Humira"", ""li_item_id"": ""14995F_22501_1189_45820_45824"", ""determined_price"": 567.42}",,,normal,PBS listing was present in the previous schedule and is now absent.,2026-08-30 02:00:11.220906+00
5277,1983062564,2092-01-01,delisted,14996G_22501_1189_45820_45824,14996G,2100003000,Humira,"{""pbs_code"": ""14996G"", ""formulary"": ""F2"", ""brand_name"": ""Humira"", ""li_item_id"": ""14996G_22501_1189_45820_45824"", ""determined_price"": 567.42}",,,normal,PBS listing was present in the previous schedule and is now absent.,2026-08-30 02:00:11.220906+00
5278,1983062564,2092-01-01,delisted,14997H_22501_1189_45820_45824,14997H,2100003000,Humira,"{""pbs_code"": ""14997H"", ""formulary"": ""F2"", ""brand_name"": ""Humira"", ""li_item_id"": ""14997H_22501_1189_45820_45824"", ""determined_price"": 567.42}",,,normal,PBS listing was present in the previous schedule and is now absent.,2026-08-30 02:00:11.220906+00
5279,1983062564,2092-01-01,delisted,14998J_7444_1189_51604_51606,14998J,2100003000,Amgevita,"{""pbs_code"": ""14998J"", ""formulary"": ""F2"", ""brand_name"": ""Amgevita"", ""li_item_id"": ""14998J_7444_1189_51604_51606"", ""determined_price"": 272.84}",,,normal,PBS listing was present in the previous schedule and is now absent.,2026-08-30 02:00:11.220906+00
5280,1983062564,2092-01-01,delisted,15005R_7444_1189_51604_51606,15005R,2100003000,Amgevita,"{""pbs_code"": ""15005R"", ""formulary"": ""F2"", ""brand_name"": ""Amgevita"", ""li_item_id"": ""15005R_7444_1189_51604_51606"", ""determined_price"": 272.84}",,,normal,PBS listing was present in the previous schedule and is now absent.,2026-08-30 02:00:11.220906+00
5281,1983062564,2092-01-01,delisted,15006T_7270_1189_5417_49267,15006T,2100003000,Hyrimoz,"{""pbs_code"": ""15006T"", ""formulary"": ""F2"", ""brand_name"": ""Hyrimoz"", ""li_item_id"": ""15006T_7270_1189_5417_49267"", ""determined_price"": 444.17}",,,normal,PBS listing was present in the previous schedule and is now absent.,2026-08-30 02:00:11.220906+00
5282,1983062564,2092-01-01,delisted,15006T_7270_1189_5417_50918,15006T,2100003000,Hadlima,"{""pbs_code"": ""15006T"", ""formulary"": ""F2"", ""brand_name"": ""Hadlima"", ""li_item_id"": ""15006T_7270_1189_5417_50918"", ""determined_price"": 444.17}",,,normal,PBS listing was present in the previous schedule and is now absent.,2026-08-30 02:00:11.220906+00
5283,1983062564,2092-01-01,delisted,15006T_7270_1189_5417_51588,15006T,2100003000,Amgevita,"{""pbs_code"": ""15006T"", ""formulary"": ""F2"", ""brand_name"": ""Amgevita"", ""li_item_id"": ""15006T_7270_1189_5417_51588"", ""determined_price"": 444.17}",,,normal,PBS listing was present in the previous schedule and is now absent.,2026-08-30 02:00:11.220906+00
5284,1983062564,2092-01-01,delisted,15006T_7270_1189_5417_54286,15006T,2100003000,Abrilada,"{""pbs_code"": ""15006T"", ""formulary"": ""F2"", ""brand_name"": ""Abrilada"", ""li_item_id"": ""15006T_7270_1189_5417_54286"", ""determined_price"": 444.17}",,,normal,PBS listing was present in the previous schedule and is now absent.,2026-08-30 02:00:11.220906+00
5285,1983062564,2092-01-01,delisted,15007W_21831_1189_43963_43965,15007W,2100003000,Humira,"{""pbs_code"": ""15007W"", ""formulary"": ""F2"", ""brand_name"": ""Humira"", ""li_item_id"": ""15007W_21831_1189_43963_43965"", ""determined_price"": 444.17}",,,normal,PBS listing was present in the previous schedule and is now absent.,2026-08-30 02:00:11.220906+00
5286,1983062564,2092-01-01,delisted,15007W_21831_1189_43963_55425,15007W,2100003000,Yuflyma,"{""pbs_code"": ""15007W"", ""formulary"": ""F2"", ""brand_name"": ""Yuflyma"", ""li_item_id"": ""15007W_21831_1189_43963_55425"", ""determined_price"": 444.17}",,,normal,PBS listing was present in the previous schedule and is now absent.,2026-08-30 02:00:11.220906+00
5287,1983062564,2092-01-01,delisted,15007W_21831_1189_43963_59133,15007W,2100003000,Hadlima,"{""pbs_code"": ""15007W"", ""formulary"": ""F2"", ""brand_name"": ""Hadlima"", ""li_item_id"": ""15007W_21831_1189_43963_59133"", ""determined_price"": 444.17}",,,normal,PBS listing was present in the previous schedule and is now absent.,2026-08-30 02:00:11.220906+00
5288,1983062564,2092-01-01,delisted,15007W_21831_1189_43963_59530,15007W,2100003000,Hyrimoz,"{""pbs_code"": ""15007W"", ""formulary"": ""F2"", ""brand_name"": ""Hyrimoz"", ""li_item_id"": ""15007W_21831_1189_43963_59530"", ""determined_price"": 444.17}",,,normal,PBS listing was present in the previous schedule and is now absent.,2026-08-30 02:00:11.220906+00
5289,1983062564,2092-01-01,delisted,15008X_10037_1189_5419_45576,15008X,2100003000,Hadlima,"{""pbs_code"": ""15008X"", ""formulary"": ""F2"", ""brand_name"": ""Hadlima"", ""li_item_id"": ""15008X_10037_1189_5419_45576"", ""determined_price"": 444.17}",,,normal,PBS listing was present in the previous schedule and is now absent.,2026-08-30 02:00:11.220906+00
5290,1983062564,2092-01-01,delisted,15008X_10037_1189_5419_45951,15008X,2100003000,Amgevita,"{""pbs_code"": ""15008X"", ""formulary"": ""F2"", ""brand_name"": ""Amgevita"", ""li_item_id"": ""15008X_10037_1189_5419_45951"", ""determined_price"": 444.17}",,,normal,PBS listing was present in the previous schedule and is now absent.,2026-08-30 02:00:11.220906+00
5291,1983062564,2092-01-01,delisted,15008X_10037_1189_5419_49269,15008X,2100003000,Hyrimoz,"{""pbs_code"": ""15008X"", ""formulary"": ""F2"", ""brand_name"": ""Hyrimoz"", ""li_item_id"": ""15008X_10037_1189_5419_49269"", ""determined_price"": 444.17}",,,normal,PBS listing was present in the previous schedule and is now absent.,2026-08-30 02:00:11.220906+00
5292,1983062564,2092-01-01,delisted,15009Y_21831_1189_43963_43965,15009Y,2100003000,Humira,"{""pbs_code"": ""15009Y"", ""formulary"": ""F2"", ""brand_name"": ""Humira"", ""li_item_id"": ""15009Y_21831_1189_43963_43965"", ""determined_price"": 444.17}",,,normal,PBS listing was present in the previous schedule and is now absent.,2026-08-30 02:00:11.220906+00
5293,1983062564,2092-01-01,delisted,15009Y_21831_1189_43963_55425,15009Y,2100003000,Yuflyma,"{""pbs_code"": ""15009Y"", ""formulary"": ""F2"", ""brand_name"": ""Yuflyma"", ""li_item_id"": ""15009Y_21831_1189_43963_55425"", ""determined_price"": 444.17}",,,normal,PBS listing was present in the previous schedule and is now absent.,2026-08-30 02:00:11.220906+00
5294,1983062564,2092-01-01,delisted,15009Y_21831_1189_43963_59133,15009Y,2100003000,Hadlima,"{""pbs_code"": ""15009Y"", ""formulary"": ""F2"", ""brand_name"": ""Hadlima"", ""li_item_id"": ""15009Y_21831_1189_43963_59133"", ""determined_price"": 444.17}",,,normal,PBS listing was present in the previous schedule and is now absent.,2026-08-30 02:00:11.220906+00
5295,1983062564,2092-01-01,delisted,15009Y_21831_1189_43963_59530,15009Y,2100003000,Hyrimoz,"{""pbs_code"": ""15009Y"", ""formulary"": ""F2"", ""brand_name"": ""Hyrimoz"", ""li_item_id"": ""15009Y_21831_1189_43963_59530"", ""determined_price"": 444.17}",,,normal,PBS listing was present in the previous schedule and is now absent.,2026-08-30 02:00:11.220906+00
5296,1983062564,2092-01-01,delisted,15010B_21831_1189_43963_43965,15010B,2100003000,Humira,"{""pbs_code"": ""15010B"", ""formulary"": ""F2"", ""brand_name"": ""Humira"", ""li_item_id"": ""15010B_21831_1189_43963_43965"", ""determined_price"": 444.17}",,,normal,PBS listing was present in the previous schedule and is now absent.,2026-08-30 02:00:11.220906+00
5297,1983062564,2092-01-01,delisted,15010B_21831_1189_43963_55425,15010B,2100003000,Yuflyma,"{""pbs_code"": ""15010B"", ""formulary"": ""F2"", ""brand_name"": ""Yuflyma"", ""li_item_id"": ""15010B_21831_1189_43963_55425"", ""determined_price"": 444.17}",,,normal,PBS listing was present in the previous schedule and is now absent.,2026-08-30 02:00:11.220906+00
5298,1983062564,2092-01-01,delisted,15010B_21831_1189_43963_59133,15010B,2100003000,Hadlima,"{""pbs_code"": ""15010B"", ""formulary"": ""F2"", ""brand_name"": ""Hadlima"", ""li_item_id"": ""15010B_21831_1189_43963_59133"", ""determined_price"": 444.17}",,,normal,PBS listing was present in the previous schedule and is now absent.,2026-08-30 02:00:11.220906+00
5299,1983062564,2092-01-01,delisted,15010B_21831_1189_43963_59530,15010B,2100003000,Hyrimoz,"{""pbs_code"": ""15010B"", ""formulary"": ""F2"", ""brand_name"": ""Hyrimoz"", ""li_item_id"": ""15010B_21831_1189_43963_59530"", ""determined_price"": 444.17}",,,normal,PBS listing was present in the previous schedule and is now absent.,2026-08-30 02:00:11.220906+00
5300,1983062564,2092-01-01,delisted,15019L_7270_1189_5417_49267,15019L,2100003000,Hyrimoz,"{""pbs_code"": ""15019L"", ""formulary"": ""F2"", ""brand_name"": ""Hyrimoz"", ""li_item_id"": ""15019L_7270_1189_5417_49267"", ""determined_price"": 444.17}",,,normal,PBS listing was present in the previous schedule and is now absent.,2026-08-30 02:00:11.220906+00
5301,1983062564,2092-01-01,delisted,15019L_7270_1189_5417_50918,15019L,2100003000,Hadlima,"{""pbs_code"": ""15019L"", ""formulary"": ""F2"", ""brand_name"": ""Hadlima"", ""li_item_id"": ""15019L_7270_1189_5417_50918"", ""determined_price"": 444.17}",,,normal,PBS listing was present in the previous schedule and is now absent.,2026-08-30 02:00:11.220906+00
5302,1983062564,2092-01-01,delisted,15019L_7270_1189_5417_51588,15019L,2100003000,Amgevita,"{""pbs_code"": ""15019L"", ""formulary"": ""F2"", ""brand_name"": ""Amgevita"", ""li_item_id"": ""15019L_7270_1189_5417_51588"", ""determined_price"": 444.17}",,,normal,PBS listing was present in the previous schedule and is now absent.,2026-08-30 02:00:11.220906+00
5303,1983062564,2092-01-01,delisted,15019L_7270_1189_5417_54286,15019L,2100003000,Abrilada,"{""pbs_code"": ""15019L"", ""formulary"": ""F2"", ""brand_name"": ""Abrilada"", ""li_item_id"": ""15019L_7270_1189_5417_54286"", ""determined_price"": 444.17}",,,normal,PBS listing was present in the previous schedule and is now absent.,2026-08-30 02:00:11.220906+00
5304,1983062564,2092-01-01,delisted,15020M_10037_1189_5419_45576,15020M,2100003000,Hadlima,"{""pbs_code"": ""15020M"", ""formulary"": ""F2"", ""brand_name"": ""Hadlima"", ""li_item_id"": ""15020M_10037_1189_5419_45576"", ""determined_price"": 444.17}",,,normal,PBS listing was present in the previous schedule and is now absent.,2026-08-30 02:00:11.220906+00
5305,1983062564,2092-01-01,delisted,15020M_10037_1189_5419_45951,15020M,2100003000,Amgevita,"{""pbs_code"": ""15020M"", ""formulary"": ""F2"", ""brand_name"": ""Amgevita"", ""li_item_id"": ""15020M_10037_1189_5419_45951"", ""determined_price"": 444.17}",,,normal,PBS listing was present in the previous schedule and is now absent.,2026-08-30 02:00:11.220906+00
5306,1983062564,2092-01-01,delisted,15020M_10037_1189_5419_49269,15020M,2100003000,Hyrimoz,"{""pbs_code"": ""15020M"", ""formulary"": ""F2"", ""brand_name"": ""Hyrimoz"", ""li_item_id"": ""15020M_10037_1189_5419_49269"", ""determined_price"": 444.17}",,,normal,PBS listing was present in the previous schedule and is now absent.,2026-08-30 02:00:11.220906+00
5307,1983062564,2092-01-01,delisted,15031D_21832_1189_43971_43973,15031D,2100003000,Humira,"{""pbs_code"": ""15031D"", ""formulary"": ""F2"", ""brand_name"": ""Humira"", ""li_item_id"": ""15031D_21832_1189_43971_43973"", ""determined_price"": 444.17}",,,normal,PBS listing was present in the previous schedule and is now absent.,2026-08-30 02:00:11.220906+00
5308,1983062564,2092-01-01,delisted,15031D_21832_1189_43971_55426,15031D,2100003000,Yuflyma,"{""pbs_code"": ""15031D"", ""formulary"": ""F2"", ""brand_name"": ""Yuflyma"", ""li_item_id"": ""15031D_21832_1189_43971_55426"", ""determined_price"": 444.17}",,,normal,PBS listing was present in the previous schedule and is now absent.,2026-08-30 02:00:11.220906+00
5309,1983062564,2092-01-01,delisted,15031D_21832_1189_43971_59132,15031D,2100003000,Hadlima,"{""pbs_code"": ""15031D"", ""formulary"": ""F2"", ""brand_name"": ""Hadlima"", ""li_item_id"": ""15031D_21832_1189_43971_59132"", ""determined_price"": 444.17}",,,normal,PBS listing was present in the previous schedule and is now absent.,2026-08-30 02:00:11.220906+00
5310,1983062564,2092-01-01,delisted,15031D_21832_1189_43971_59529,15031D,2100003000,Hyrimoz,"{""pbs_code"": ""15031D"", ""formulary"": ""F2"", ""brand_name"": ""Hyrimoz"", ""li_item_id"": ""15031D_21832_1189_43971_59529"", ""determined_price"": 444.17}",,,normal,PBS listing was present in the previous schedule and is now absent.,2026-08-30 02:00:11.220906+00
5311,1983062564,2092-01-01,delisted,15038L_21832_1189_43971_43973,15038L,2100003000,Humira,"{""pbs_code"": ""15038L"", ""formulary"": ""F2"", ""brand_name"": ""Humira"", ""li_item_id"": ""15038L_21832_1189_43971_43973"", ""determined_price"": 444.17}",,,normal,PBS listing was present in the previous schedule and is now absent.,2026-08-30 02:00:11.220906+00
5312,1983062564,2092-01-01,delisted,15038L_21832_1189_43971_55426,15038L,2100003000,Yuflyma,"{""pbs_code"": ""15038L"", ""formulary"": ""F2"", ""brand_name"": ""Yuflyma"", ""li_item_id"": ""15038L_21832_1189_43971_55426"", ""determined_price"": 444.17}",,,normal,PBS listing was present in the previous schedule and is now absent.,2026-08-30 02:00:11.220906+00
5313,1983062564,2092-01-01,delisted,15038L_21832_1189_43971_59132,15038L,2100003000,Hadlima,"{""pbs_code"": ""15038L"", ""formulary"": ""F2"", ""brand_name"": ""Hadlima"", ""li_item_id"": ""15038L_21832_1189_43971_59132"", ""determined_price"": 444.17}",,,normal,PBS listing was present in the previous schedule and is now absent.,2026-08-30 02:00:11.220906+00
5314,1983062564,2092-01-01,delisted,15038L_21832_1189_43971_59529,15038L,2100003000,Hyrimoz,"{""pbs_code"": ""15038L"", ""formulary"": ""F2"", ""brand_name"": ""Hyrimoz"", ""li_item_id"": ""15038L_21832_1189_43971_59529"", ""determined_price"": 444.17}",,,normal,PBS listing was present in the previous schedule and is now absent.,2026-08-30 02:00:11.220906+00
5315,1983062564,2092-01-01,delisted,15039M_22501_1189_45820_45824,15039M,2100003000,Humira,"{""pbs_code"": ""15039M"", ""formulary"": ""F2"", ""brand_name"": ""Humira"", ""li_item_id"": ""15039M_22501_1189_45820_45824"", ""determined_price"": 567.42}",,,normal,PBS listing was present in the previous schedule and is now absent.,2026-08-30 02:00:11.220906+00
5316,1983062564,2092-01-01,delisted,15137Q_10037_1189_5419_45576,15137Q,2100003000,Hadlima,"{""pbs_code"": ""15137Q"", ""formulary"": ""F2"", ""brand_name"": ""Hadlima"", ""li_item_id"": ""15137Q_10037_1189_5419_45576"", ""determined_price"": 444.17}",,,normal,PBS listing was present in the previous schedule and is now absent.,2026-08-30 02:00:11.220906+00
5317,1983062564,2092-01-01,delisted,15137Q_10037_1189_5419_45951,15137Q,2100003000,Amgevita,"{""pbs_code"": ""15137Q"", ""formulary"": ""F2"", ""brand_name"": ""Amgevita"", ""li_item_id"": ""15137Q_10037_1189_5419_45951"", ""determined_price"": 444.17}",,,normal,PBS listing was present in the previous schedule and is now absent.,2026-08-30 02:00:11.220906+00
5318,1983062564,2092-01-01,delisted,15137Q_10037_1189_5419_49269,15137Q,2100003000,Hyrimoz,"{""pbs_code"": ""15137Q"", ""formulary"": ""F2"", ""brand_name"": ""Hyrimoz"", ""li_item_id"": ""15137Q_10037_1189_5419_49269"", ""determined_price"": 444.17}",,,normal,PBS listing was present in the previous schedule and is now absent.,2026-08-30 02:00:11.220906+00
5319,1983062564,2092-01-01,delisted,15138R_21832_1189_43971_43973,15138R,2100003000,Humira,"{""pbs_code"": ""15138R"", ""formulary"": ""F2"", ""brand_name"": ""Humira"", ""li_item_id"": ""15138R_21832_1189_43971_43973"", ""determined_price"": 444.17}",,,normal,PBS listing was present in the previous schedule and is now absent.,2026-08-30 02:00:11.220906+00
5320,1983062564,2092-01-01,delisted,15138R_21832_1189_43971_55426,15138R,2100003000,Yuflyma,"{""pbs_code"": ""15138R"", ""formulary"": ""F2"", ""brand_name"": ""Yuflyma"", ""li_item_id"": ""15138R_21832_1189_43971_55426"", ""determined_price"": 444.17}",,,normal,PBS listing was present in the previous schedule and is now absent.,2026-08-30 02:00:11.220906+00
5321,1983062564,2092-01-01,delisted,15138R_21832_1189_43971_59132,15138R,2100003000,Hadlima,"{""pbs_code"": ""15138R"", ""formulary"": ""F2"", ""brand_name"": ""Hadlima"", ""li_item_id"": ""15138R_21832_1189_43971_59132"", ""determined_price"": 444.17}",,,normal,PBS listing was present in the previous schedule and is now absent.,2026-08-30 02:00:11.220906+00
5322,1983062564,2092-01-01,delisted,15138R_21832_1189_43971_59529,15138R,2100003000,Hyrimoz,"{""pbs_code"": ""15138R"", ""formulary"": ""F2"", ""brand_name"": ""Hyrimoz"", ""li_item_id"": ""15138R_21832_1189_43971_59529"", ""determined_price"": 444.17}",,,normal,PBS listing was present in the previous schedule and is now absent.,2026-08-30 02:00:11.220906+00
5323,1983062564,2092-01-01,delisted,15139T_7270_1189_5417_49267,15139T,2100003000,Hyrimoz,"{""pbs_code"": ""15139T"", ""formulary"": ""F2"", ""brand_name"": ""Hyrimoz"", ""li_item_id"": ""15139T_7270_1189_5417_49267"", ""determined_price"": 444.17}",,,normal,PBS listing was present in the previous schedule and is now absent.,2026-08-30 02:00:11.220906+00
5324,1983062564,2092-01-01,delisted,15139T_7270_1189_5417_50918,15139T,2100003000,Hadlima,"{""pbs_code"": ""15139T"", ""formulary"": ""F2"", ""brand_name"": ""Hadlima"", ""li_item_id"": ""15139T_7270_1189_5417_50918"", ""determined_price"": 444.17}",,,normal,PBS listing was present in the previous schedule and is now absent.,2026-08-30 02:00:11.220906+00
5325,1983062564,2092-01-01,delisted,15139T_7270_1189_5417_51588,15139T,2100003000,Amgevita,"{""pbs_code"": ""15139T"", ""formulary"": ""F2"", ""brand_name"": ""Amgevita"", ""li_item_id"": ""15139T_7270_1189_5417_51588"", ""determined_price"": 444.17}",,,normal,PBS listing was present in the previous schedule and is now absent.,2026-08-30 02:00:11.220906+00
5326,1983062564,2092-01-01,delisted,15139T_7270_1189_5417_54286,15139T,2100003000,Abrilada,"{""pbs_code"": ""15139T"", ""formulary"": ""F2"", ""brand_name"": ""Abrilada"", ""li_item_id"": ""15139T_7270_1189_5417_54286"", ""determined_price"": 444.17}",,,normal,PBS listing was present in the previous schedule and is now absent.,2026-08-30 02:00:11.220906+00
5327,1983062564,2092-01-01,delisted,15140W_7270_1189_5417_49267,15140W,2100003000,Hyrimoz,"{""pbs_code"": ""15140W"", ""formulary"": ""F2"", ""brand_name"": ""Hyrimoz"", ""li_item_id"": ""15140W_7270_1189_5417_49267"", ""determined_price"": 444.17}",,,normal,PBS listing was present in the previous schedule and is now absent.,2026-08-30 02:00:11.220906+00
5328,1983062564,2092-01-01,delisted,15140W_7270_1189_5417_50918,15140W,2100003000,Hadlima,"{""pbs_code"": ""15140W"", ""formulary"": ""F2"", ""brand_name"": ""Hadlima"", ""li_item_id"": ""15140W_7270_1189_5417_50918"", ""determined_price"": 444.17}",,,normal,PBS listing was present in the previous schedule and is now absent.,2026-08-30 02:00:11.220906+00
5329,1983062564,2092-01-01,delisted,15140W_7270_1189_5417_51588,15140W,2100003000,Amgevita,"{""pbs_code"": ""15140W"", ""formulary"": ""F2"", ""brand_name"": ""Amgevita"", ""li_item_id"": ""15140W_7270_1189_5417_51588"", ""determined_price"": 444.17}",,,normal,PBS listing was present in the previous schedule and is now absent.,2026-08-30 02:00:11.220906+00
5330,1983062564,2092-01-01,delisted,15140W_7270_1189_5417_54286,15140W,2100003000,Abrilada,"{""pbs_code"": ""15140W"", ""formulary"": ""F2"", ""brand_name"": ""Abrilada"", ""li_item_id"": ""15140W_7270_1189_5417_54286"", ""determined_price"": 444.17}",,,normal,PBS listing was present in the previous schedule and is now absent.,2026-08-30 02:00:11.220906+00
5331,1983062564,2092-01-01,delisted,15141X_10037_1189_5419_45576,15141X,2100003000,Hadlima,"{""pbs_code"": ""15141X"", ""formulary"": ""F2"", ""brand_name"": ""Hadlima"", ""li_item_id"": ""15141X_10037_1189_5419_45576"", ""determined_price"": 444.17}",,,normal,PBS listing was present in the previous schedule and is now absent.,2026-08-30 02:00:11.220906+00
5332,1983062564,2092-01-01,delisted,15141X_10037_1189_5419_45951,15141X,2100003000,Amgevita,"{""pbs_code"": ""15141X"", ""formulary"": ""F2"", ""brand_name"": ""Amgevita"", ""li_item_id"": ""15141X_10037_1189_5419_45951"", ""determined_price"": 444.17}",,,normal,PBS listing was present in the previous schedule and is now absent.,2026-08-30 02:00:11.220906+00
5333,1983062564,2092-01-01,delisted,15141X_10037_1189_5419_49269,15141X,2100003000,Hyrimoz,"{""pbs_code"": ""15141X"", ""formulary"": ""F2"", ""brand_name"": ""Hyrimoz"", ""li_item_id"": ""15141X_10037_1189_5419_49269"", ""determined_price"": 444.17}",,,normal,PBS listing was present in the previous schedule and is now absent.,2026-08-30 02:00:11.220906+00
5334,1983062564,2092-01-01,delisted,15142Y_21832_1189_43971_43973,15142Y,2100003000,Humira,"{""pbs_code"": ""15142Y"", ""formulary"": ""F2"", ""brand_name"": ""Humira"", ""li_item_id"": ""15142Y_21832_1189_43971_43973"", ""determined_price"": 444.17}",,,normal,PBS listing was present in the previous schedule and is now absent.,2026-08-30 02:00:11.220906+00
5335,1983062564,2092-01-01,delisted,15142Y_21832_1189_43971_55426,15142Y,2100003000,Yuflyma,"{""pbs_code"": ""15142Y"", ""formulary"": ""F2"", ""brand_name"": ""Yuflyma"", ""li_item_id"": ""15142Y_21832_1189_43971_55426"", ""determined_price"": 444.17}",,,normal,PBS listing was present in the previous schedule and is now absent.,2026-08-30 02:00:11.220906+00
5336,1983062564,2092-01-01,delisted,15142Y_21832_1189_43971_59132,15142Y,2100003000,Hadlima,"{""pbs_code"": ""15142Y"", ""formulary"": ""F2"", ""brand_name"": ""Hadlima"", ""li_item_id"": ""15142Y_21832_1189_43971_59132"", ""determined_price"": 444.17}",,,normal,PBS listing was present in the previous schedule and is now absent.,2026-08-30 02:00:11.220906+00
5337,1983062564,2092-01-01,delisted,15142Y_21832_1189_43971_59529,15142Y,2100003000,Hyrimoz,"{""pbs_code"": ""15142Y"", ""formulary"": ""F2"", ""brand_name"": ""Hyrimoz"", ""li_item_id"": ""15142Y_21832_1189_43971_59529"", ""determined_price"": 444.17}",,,normal,PBS listing was present in the previous schedule and is now absent.,2026-08-30 02:00:11.220906+00
5338,1983062564,2092-01-01,delisted,15143B_7444_1189_51604_51606,15143B,2100003000,Amgevita,"{""pbs_code"": ""15143B"", ""formulary"": ""F2"", ""brand_name"": ""Amgevita"", ""li_item_id"": ""15143B_7444_1189_51604_51606"", ""determined_price"": 272.84}",,,normal,PBS listing was present in the previous schedule and is now absent.,2026-08-30 02:00:11.220906+00
5339,1983062564,2092-01-01,delisted,15146E_21832_1189_43971_43973,15146E,2100003000,Humira,"{""pbs_code"": ""15146E"", ""formulary"": ""F2"", ""brand_name"": ""Humira"", ""li_item_id"": ""15146E_21832_1189_43971_43973"", ""determined_price"": 444.17}",,,normal,PBS listing was present in the previous schedule and is now absent.,2026-08-30 02:00:11.220906+00
5340,1983062564,2092-01-01,delisted,15146E_21832_1189_43971_55426,15146E,2100003000,Yuflyma,"{""pbs_code"": ""15146E"", ""formulary"": ""F2"", ""brand_name"": ""Yuflyma"", ""li_item_id"": ""15146E_21832_1189_43971_55426"", ""determined_price"": 444.17}",,,normal,PBS listing was present in the previous schedule and is now absent.,2026-08-30 02:00:11.220906+00
5341,1983062564,2092-01-01,delisted,15146E_21832_1189_43971_59132,15146E,2100003000,Hadlima,"{""pbs_code"": ""15146E"", ""formulary"": ""F2"", ""brand_name"": ""Hadlima"", ""li_item_id"": ""15146E_21832_1189_43971_59132"", ""determined_price"": 444.17}",,,normal,PBS listing was present in the previous schedule and is now absent.,2026-08-30 02:00:11.220906+00
5342,1983062564,2092-01-01,delisted,15146E_21832_1189_43971_59529,15146E,2100003000,Hyrimoz,"{""pbs_code"": ""15146E"", ""formulary"": ""F2"", ""brand_name"": ""Hyrimoz"", ""li_item_id"": ""15146E_21832_1189_43971_59529"", ""determined_price"": 444.17}",,,normal,PBS listing was present in the previous schedule and is now absent.,2026-08-30 02:00:11.220906+00
5343,1983062564,2092-01-01,delisted,15147F_7270_1189_5417_49267,15147F,2100003000,Hyrimoz,"{""pbs_code"": ""15147F"", ""formulary"": ""F2"", ""brand_name"": ""Hyrimoz"", ""li_item_id"": ""15147F_7270_1189_5417_49267"", ""determined_price"": 444.17}",,,normal,PBS listing was present in the previous schedule and is now absent.,2026-08-30 02:00:11.220906+00
5344,1983062564,2092-01-01,delisted,15147F_7270_1189_5417_50918,15147F,2100003000,Hadlima,"{""pbs_code"": ""15147F"", ""formulary"": ""F2"", ""brand_name"": ""Hadlima"", ""li_item_id"": ""15147F_7270_1189_5417_50918"", ""determined_price"": 444.17}",,,normal,PBS listing was present in the previous schedule and is now absent.,2026-08-30 02:00:11.220906+00
5345,1983062564,2092-01-01,delisted,15147F_7270_1189_5417_51588,15147F,2100003000,Amgevita,"{""pbs_code"": ""15147F"", ""formulary"": ""F2"", ""brand_name"": ""Amgevita"", ""li_item_id"": ""15147F_7270_1189_5417_51588"", ""determined_price"": 444.17}",,,normal,PBS listing was present in the previous schedule and is now absent.,2026-08-30 02:00:11.220906+00
5346,1983062564,2092-01-01,delisted,15147F_7270_1189_5417_54286,15147F,2100003000,Abrilada,"{""pbs_code"": ""15147F"", ""formulary"": ""F2"", ""brand_name"": ""Abrilada"", ""li_item_id"": ""15147F_7270_1189_5417_54286"", ""determined_price"": 444.17}",,,normal,PBS listing was present in the previous schedule and is now absent.,2026-08-30 02:00:11.220906+00
5347,1983062564,2092-01-01,delisted,15148G_22501_1189_45820_45824,15148G,2100003000,Humira,"{""pbs_code"": ""15148G"", ""formulary"": ""F2"", ""brand_name"": ""Humira"", ""li_item_id"": ""15148G_22501_1189_45820_45824"", ""determined_price"": 567.42}",,,normal,PBS listing was present in the previous schedule and is now absent.,2026-08-30 02:00:11.220906+00
5348,1983062564,2092-01-01,delisted,15149H_22501_1189_45820_45824,15149H,2100003000,Humira,"{""pbs_code"": ""15149H"", ""formulary"": ""F2"", ""brand_name"": ""Humira"", ""li_item_id"": ""15149H_22501_1189_45820_45824"", ""determined_price"": 567.42}",,,normal,PBS listing was present in the previous schedule and is now absent.,2026-08-30 02:00:11.220906+00
5349,1983062564,2092-01-01,delisted,15153M_21832_1189_43971_43973,15153M,2100003000,Humira,"{""pbs_code"": ""15153M"", ""formulary"": ""F2"", ""brand_name"": ""Humira"", ""li_item_id"": ""15153M_21832_1189_43971_43973"", ""determined_price"": 444.17}",,,normal,PBS listing was present in the previous schedule and is now absent.,2026-08-30 02:00:11.220906+00
5350,1983062564,2092-01-01,delisted,15153M_21832_1189_43971_55426,15153M,2100003000,Yuflyma,"{""pbs_code"": ""15153M"", ""formulary"": ""F2"", ""brand_name"": ""Yuflyma"", ""li_item_id"": ""15153M_21832_1189_43971_55426"", ""determined_price"": 444.17}",,,normal,PBS listing was present in the previous schedule and is now absent.,2026-08-30 02:00:11.220906+00
5351,1983062564,2092-01-01,delisted,15153M_21832_1189_43971_59132,15153M,2100003000,Hadlima,"{""pbs_code"": ""15153M"", ""formulary"": ""F2"", ""brand_name"": ""Hadlima"", ""li_item_id"": ""15153M_21832_1189_43971_59132"", ""determined_price"": 444.17}",,,normal,PBS listing was present in the previous schedule and is now absent.,2026-08-30 02:00:11.220906+00
5352,1983062564,2092-01-01,delisted,15153M_21832_1189_43971_59529,15153M,2100003000,Hyrimoz,"{""pbs_code"": ""15153M"", ""formulary"": ""F2"", ""brand_name"": ""Hyrimoz"", ""li_item_id"": ""15153M_21832_1189_43971_59529"", ""determined_price"": 444.17}",,,normal,PBS listing was present in the previous schedule and is now absent.,2026-08-30 02:00:11.220906+00
5353,1983062564,2092-01-01,delisted,15154N_10037_1189_5419_45576,15154N,2100003000,Hadlima,"{""pbs_code"": ""15154N"", ""formulary"": ""F2"", ""brand_name"": ""Hadlima"", ""li_item_id"": ""15154N_10037_1189_5419_45576"", ""determined_price"": 444.17}",,,normal,PBS listing was present in the previous schedule and is now absent.,2026-08-30 02:00:11.220906+00
5354,1983062564,2092-01-01,delisted,15154N_10037_1189_5419_45951,15154N,2100003000,Amgevita,"{""pbs_code"": ""15154N"", ""formulary"": ""F2"", ""brand_name"": ""Amgevita"", ""li_item_id"": ""15154N_10037_1189_5419_45951"", ""determined_price"": 444.17}",,,normal,PBS listing was present in the previous schedule and is now absent.,2026-08-30 02:00:11.220906+00
5355,1983062564,2092-01-01,delisted,15154N_10037_1189_5419_49269,15154N,2100003000,Hyrimoz,"{""pbs_code"": ""15154N"", ""formulary"": ""F2"", ""brand_name"": ""Hyrimoz"", ""li_item_id"": ""15154N_10037_1189_5419_49269"", ""determined_price"": 444.17}",,,normal,PBS listing was present in the previous schedule and is now absent.,2026-08-30 02:00:11.220906+00
5356,1983062564,2092-01-01,delisted,15155P_7444_1189_51604_51606,15155P,2100003000,Amgevita,"{""pbs_code"": ""15155P"", ""formulary"": ""F2"", ""brand_name"": ""Amgevita"", ""li_item_id"": ""15155P_7444_1189_51604_51606"", ""determined_price"": 272.84}",,,normal,PBS listing was present in the previous schedule and is now absent.,2026-08-30 02:00:11.220906+00
5357,1983062564,2092-01-01,delisted,15156Q_22501_1189_45820_45824,15156Q,2100003000,Humira,"{""pbs_code"": ""15156Q"", ""formulary"": ""F2"", ""brand_name"": ""Humira"", ""li_item_id"": ""15156Q_22501_1189_45820_45824"", ""determined_price"": 567.42}",,,normal,PBS listing was present in the previous schedule and is now absent.,2026-08-30 02:00:11.220906+00
5358,1983062564,2092-01-01,delisted,15159W_21832_1189_43971_43973,15159W,2100003000,Humira,"{""pbs_code"": ""15159W"", ""formulary"": ""F2"", ""brand_name"": ""Humira"", ""li_item_id"": ""15159W_21832_1189_43971_43973"", ""determined_price"": 444.17}",,,normal,PBS listing was present in the previous schedule and is now absent.,2026-08-30 02:00:11.220906+00
5359,1983062564,2092-01-01,delisted,15159W_21832_1189_43971_55426,15159W,2100003000,Yuflyma,"{""pbs_code"": ""15159W"", ""formulary"": ""F2"", ""brand_name"": ""Yuflyma"", ""li_item_id"": ""15159W_21832_1189_43971_55426"", ""determined_price"": 444.17}",,,normal,PBS listing was present in the previous schedule and is now absent.,2026-08-30 02:00:11.220906+00
5360,1983062564,2092-01-01,delisted,15159W_21832_1189_43971_59132,15159W,2100003000,Hadlima,"{""pbs_code"": ""15159W"", ""formulary"": ""F2"", ""brand_name"": ""Hadlima"", ""li_item_id"": ""15159W_21832_1189_43971_59132"", ""determined_price"": 444.17}",,,normal,PBS listing was present in the previous schedule and is now absent.,2026-08-30 02:00:11.220906+00
5361,1983062564,2092-01-01,delisted,15159W_21832_1189_43971_59529,15159W,2100003000,Hyrimoz,"{""pbs_code"": ""15159W"", ""formulary"": ""F2"", ""brand_name"": ""Hyrimoz"", ""li_item_id"": ""15159W_21832_1189_43971_59529"", ""determined_price"": 444.17}",,,normal,PBS listing was present in the previous schedule and is now absent.,2026-08-30 02:00:11.220906+00
5362,1983062564,2092-01-01,delisted,15160X_7270_1189_5417_49267,15160X,2100003000,Hyrimoz,"{""pbs_code"": ""15160X"", ""formulary"": ""F2"", ""brand_name"": ""Hyrimoz"", ""li_item_id"": ""15160X_7270_1189_5417_49267"", ""determined_price"": 444.17}",,,normal,PBS listing was present in the previous schedule and is now absent.,2026-08-30 02:00:11.220906+00
5363,1983062564,2092-01-01,delisted,15160X_7270_1189_5417_50918,15160X,2100003000,Hadlima,"{""pbs_code"": ""15160X"", ""formulary"": ""F2"", ""brand_name"": ""Hadlima"", ""li_item_id"": ""15160X_7270_1189_5417_50918"", ""determined_price"": 444.17}",,,normal,PBS listing was present in the previous schedule and is now absent.,2026-08-30 02:00:11.220906+00
5364,1983062564,2092-01-01,delisted,15160X_7270_1189_5417_51588,15160X,2100003000,Amgevita,"{""pbs_code"": ""15160X"", ""formulary"": ""F2"", ""brand_name"": ""Amgevita"", ""li_item_id"": ""15160X_7270_1189_5417_51588"", ""determined_price"": 444.17}",,,normal,PBS listing was present in the previous schedule and is now absent.,2026-08-30 02:00:11.220906+00
5365,1983062564,2092-01-01,delisted,15160X_7270_1189_5417_54286,15160X,2100003000,Abrilada,"{""pbs_code"": ""15160X"", ""formulary"": ""F2"", ""brand_name"": ""Abrilada"", ""li_item_id"": ""15160X_7270_1189_5417_54286"", ""determined_price"": 444.17}",,,normal,PBS listing was present in the previous schedule and is now absent.,2026-08-30 02:00:11.220906+00
5366,1983062564,2092-01-01,delisted,15161Y_10037_1189_5419_45576,15161Y,2100003000,Hadlima,"{""pbs_code"": ""15161Y"", ""formulary"": ""F2"", ""brand_name"": ""Hadlima"", ""li_item_id"": ""15161Y_10037_1189_5419_45576"", ""determined_price"": 444.17}",,,normal,PBS listing was present in the previous schedule and is now absent.,2026-08-30 02:00:11.220906+00
5367,1983062564,2092-01-01,delisted,15161Y_10037_1189_5419_45951,15161Y,2100003000,Amgevita,"{""pbs_code"": ""15161Y"", ""formulary"": ""F2"", ""brand_name"": ""Amgevita"", ""li_item_id"": ""15161Y_10037_1189_5419_45951"", ""determined_price"": 444.17}",,,normal,PBS listing was present in the previous schedule and is now absent.,2026-08-30 02:00:11.220906+00
5368,1983062564,2092-01-01,delisted,15161Y_10037_1189_5419_49269,15161Y,2100003000,Hyrimoz,"{""pbs_code"": ""15161Y"", ""formulary"": ""F2"", ""brand_name"": ""Hyrimoz"", ""li_item_id"": ""15161Y_10037_1189_5419_49269"", ""determined_price"": 444.17}",,,normal,PBS listing was present in the previous schedule and is now absent.,2026-08-30 02:00:11.220906+00
5369,1983062564,2092-01-01,delisted,15162B_10037_1189_5419_45576,15162B,2100003000,Hadlima,"{""pbs_code"": ""15162B"", ""formulary"": ""F2"", ""brand_name"": ""Hadlima"", ""li_item_id"": ""15162B_10037_1189_5419_45576"", ""determined_price"": 444.17}",,,normal,PBS listing was present in the previous schedule and is now absent.,2026-08-30 02:00:11.220906+00
5370,1983062564,2092-01-01,delisted,15162B_10037_1189_5419_45951,15162B,2100003000,Amgevita,"{""pbs_code"": ""15162B"", ""formulary"": ""F2"", ""brand_name"": ""Amgevita"", ""li_item_id"": ""15162B_10037_1189_5419_45951"", ""determined_price"": 444.17}",,,normal,PBS listing was present in the previous schedule and is now absent.,2026-08-30 02:00:11.220906+00
5371,1983062564,2092-01-01,delisted,15162B_10037_1189_5419_49269,15162B,2100003000,Hyrimoz,"{""pbs_code"": ""15162B"", ""formulary"": ""F2"", ""brand_name"": ""Hyrimoz"", ""li_item_id"": ""15162B_10037_1189_5419_49269"", ""determined_price"": 444.17}",,,normal,PBS listing was present in the previous schedule and is now absent.,2026-08-30 02:00:11.220906+00
5372,1983062564,2092-01-01,delisted,15170K_21831_1189_43963_43965,15170K,2100003000,Humira,"{""pbs_code"": ""15170K"", ""formulary"": ""F2"", ""brand_name"": ""Humira"", ""li_item_id"": ""15170K_21831_1189_43963_43965"", ""determined_price"": 444.17}",,,normal,PBS listing was present in the previous schedule and is now absent.,2026-08-30 02:00:11.220906+00
5373,1983062564,2092-01-01,delisted,15170K_21831_1189_43963_55425,15170K,2100003000,Yuflyma,"{""pbs_code"": ""15170K"", ""formulary"": ""F2"", ""brand_name"": ""Yuflyma"", ""li_item_id"": ""15170K_21831_1189_43963_55425"", ""determined_price"": 444.17}",,,normal,PBS listing was present in the previous schedule and is now absent.,2026-08-30 02:00:11.220906+00
5374,1983062564,2092-01-01,delisted,15170K_21831_1189_43963_59133,15170K,2100003000,Hadlima,"{""pbs_code"": ""15170K"", ""formulary"": ""F2"", ""brand_name"": ""Hadlima"", ""li_item_id"": ""15170K_21831_1189_43963_59133"", ""determined_price"": 444.17}",,,normal,PBS listing was present in the previous schedule and is now absent.,2026-08-30 02:00:11.220906+00
5375,1983062564,2092-01-01,delisted,15170K_21831_1189_43963_59530,15170K,2100003000,Hyrimoz,"{""pbs_code"": ""15170K"", ""formulary"": ""F2"", ""brand_name"": ""Hyrimoz"", ""li_item_id"": ""15170K_21831_1189_43963_59530"", ""determined_price"": 444.17}",,,normal,PBS listing was present in the previous schedule and is now absent.,2026-08-30 02:00:11.220906+00
5376,1983062564,2092-01-01,delisted,15172M_7444_1189_51604_51606,15172M,2100003000,Amgevita,"{""pbs_code"": ""15172M"", ""formulary"": ""F2"", ""brand_name"": ""Amgevita"", ""li_item_id"": ""15172M_7444_1189_51604_51606"", ""determined_price"": 272.84}",,,normal,PBS listing was present in the previous schedule and is now absent.,2026-08-30 02:00:11.220906+00
5377,1983062564,2092-01-01,delisted,15173N_22501_1189_45820_45824,15173N,2100003000,Humira,"{""pbs_code"": ""15173N"", ""formulary"": ""F2"", ""brand_name"": ""Humira"", ""li_item_id"": ""15173N_22501_1189_45820_45824"", ""determined_price"": 567.42}",,,normal,PBS listing was present in the previous schedule and is now absent.,2026-08-30 02:00:11.220906+00
5378,1983062564,2092-01-01,delisted,15177T_21831_1189_43963_43965,15177T,2100003000,Humira,"{""pbs_code"": ""15177T"", ""formulary"": ""F2"", ""brand_name"": ""Humira"", ""li_item_id"": ""15177T_21831_1189_43963_43965"", ""determined_price"": 444.17}",,,normal,PBS listing was present in the previous schedule and is now absent.,2026-08-30 02:00:11.220906+00
5379,1983062564,2092-01-01,delisted,15177T_21831_1189_43963_55425,15177T,2100003000,Yuflyma,"{""pbs_code"": ""15177T"", ""formulary"": ""F2"", ""brand_name"": ""Yuflyma"", ""li_item_id"": ""15177T_21831_1189_43963_55425"", ""determined_price"": 444.17}",,,normal,PBS listing was present in the previous schedule and is now absent.,2026-08-30 02:00:11.220906+00
5380,1983062564,2092-01-01,delisted,15177T_21831_1189_43963_59133,15177T,2100003000,Hadlima,"{""pbs_code"": ""15177T"", ""formulary"": ""F2"", ""brand_name"": ""Hadlima"", ""li_item_id"": ""15177T_21831_1189_43963_59133"", ""determined_price"": 444.17}",,,normal,PBS listing was present in the previous schedule and is now absent.,2026-08-30 02:00:11.220906+00
5381,1983062564,2092-01-01,delisted,15177T_21831_1189_43963_59530,15177T,2100003000,Hyrimoz,"{""pbs_code"": ""15177T"", ""formulary"": ""F2"", ""brand_name"": ""Hyrimoz"", ""li_item_id"": ""15177T_21831_1189_43963_59530"", ""determined_price"": 444.17}",,,normal,PBS listing was present in the previous schedule and is now absent.,2026-08-30 02:00:11.220906+00
5382,1983062564,2092-01-01,delisted,15178W_21831_1189_43963_43965,15178W,2100003000,Humira,"{""pbs_code"": ""15178W"", ""formulary"": ""F2"", ""brand_name"": ""Humira"", ""li_item_id"": ""15178W_21831_1189_43963_43965"", ""determined_price"": 444.17}",,,normal,PBS listing was present in the previous schedule and is now absent.,2026-08-30 02:00:11.220906+00
5383,1983062564,2092-01-01,delisted,15178W_21831_1189_43963_55425,15178W,2100003000,Yuflyma,"{""pbs_code"": ""15178W"", ""formulary"": ""F2"", ""brand_name"": ""Yuflyma"", ""li_item_id"": ""15178W_21831_1189_43963_55425"", ""determined_price"": 444.17}",,,normal,PBS listing was present in the previous schedule and is now absent.,2026-08-30 02:00:11.220906+00
5384,1983062564,2092-01-01,delisted,15178W_21831_1189_43963_59133,15178W,2100003000,Hadlima,"{""pbs_code"": ""15178W"", ""formulary"": ""F2"", ""brand_name"": ""Hadlima"", ""li_item_id"": ""15178W_21831_1189_43963_59133"", ""determined_price"": 444.17}",,,normal,PBS listing was present in the previous schedule and is now absent.,2026-08-30 02:00:11.220906+00
5385,1983062564,2092-01-01,delisted,15178W_21831_1189_43963_59530,15178W,2100003000,Hyrimoz,"{""pbs_code"": ""15178W"", ""formulary"": ""F2"", ""brand_name"": ""Hyrimoz"", ""li_item_id"": ""15178W_21831_1189_43963_59530"", ""determined_price"": 444.17}",,,normal,PBS listing was present in the previous schedule and is now absent.,2026-08-30 02:00:11.220906+00
5386,1983062564,2092-01-01,delisted,15180Y_7444_1189_51604_51606,15180Y,2100003000,Amgevita,"{""pbs_code"": ""15180Y"", ""formulary"": ""F2"", ""brand_name"": ""Amgevita"", ""li_item_id"": ""15180Y_7444_1189_51604_51606"", ""determined_price"": 272.84}",,,normal,PBS listing was present in the previous schedule and is now absent.,2026-08-30 02:00:11.220906+00
5387,1983062564,2092-01-01,delisted,15189K_21831_1189_43963_43965,15189K,2100003000,Humira,"{""pbs_code"": ""15189K"", ""formulary"": ""F2"", ""brand_name"": ""Humira"", ""li_item_id"": ""15189K_21831_1189_43963_43965"", ""determined_price"": 444.17}",,,normal,PBS listing was present in the previous schedule and is now absent.,2026-08-30 02:00:11.220906+00
5388,1983062564,2092-01-01,delisted,15189K_21831_1189_43963_55425,15189K,2100003000,Yuflyma,"{""pbs_code"": ""15189K"", ""formulary"": ""F2"", ""brand_name"": ""Yuflyma"", ""li_item_id"": ""15189K_21831_1189_43963_55425"", ""determined_price"": 444.17}",,,normal,PBS listing was present in the previous schedule and is now absent.,2026-08-30 02:00:11.220906+00
5389,1983062564,2092-01-01,delisted,15189K_21831_1189_43963_59133,15189K,2100003000,Hadlima,"{""pbs_code"": ""15189K"", ""formulary"": ""F2"", ""brand_name"": ""Hadlima"", ""li_item_id"": ""15189K_21831_1189_43963_59133"", ""determined_price"": 444.17}",,,normal,PBS listing was present in the previous schedule and is now absent.,2026-08-30 02:00:11.220906+00
5390,1983062564,2092-01-01,delisted,15189K_21831_1189_43963_59530,15189K,2100003000,Hyrimoz,"{""pbs_code"": ""15189K"", ""formulary"": ""F2"", ""brand_name"": ""Hyrimoz"", ""li_item_id"": ""15189K_21831_1189_43963_59530"", ""determined_price"": 444.17}",,,normal,PBS listing was present in the previous schedule and is now absent.,2026-08-30 02:00:11.220906+00
5391,1983062564,2092-01-01,delisted,15190L_22501_1189_45820_45824,15190L,2100003000,Humira,"{""pbs_code"": ""15190L"", ""formulary"": ""F2"", ""brand_name"": ""Humira"", ""li_item_id"": ""15190L_22501_1189_45820_45824"", ""determined_price"": 567.42}",,,normal,PBS listing was present in the previous schedule and is now absent.,2026-08-30 02:00:11.220906+00
5392,1983062564,2092-01-01,delisted,15200B_7270_1189_5417_49267,15200B,2100003000,Hyrimoz,"{""pbs_code"": ""15200B"", ""formulary"": ""F2"", ""brand_name"": ""Hyrimoz"", ""li_item_id"": ""15200B_7270_1189_5417_49267"", ""determined_price"": 444.17}",,,normal,PBS listing was present in the previous schedule and is now absent.,2026-08-30 02:00:11.220906+00
5393,1983062564,2092-01-01,delisted,15200B_7270_1189_5417_50918,15200B,2100003000,Hadlima,"{""pbs_code"": ""15200B"", ""formulary"": ""F2"", ""brand_name"": ""Hadlima"", ""li_item_id"": ""15200B_7270_1189_5417_50918"", ""determined_price"": 444.17}",,,normal,PBS listing was present in the previous schedule and is now absent.,2026-08-30 02:00:11.220906+00
5394,1983062564,2092-01-01,delisted,15200B_7270_1189_5417_51588,15200B,2100003000,Amgevita,"{""pbs_code"": ""15200B"", ""formulary"": ""F2"", ""brand_name"": ""Amgevita"", ""li_item_id"": ""15200B_7270_1189_5417_51588"", ""determined_price"": 444.17}",,,normal,PBS listing was present in the previous schedule and is now absent.,2026-08-30 02:00:11.220906+00
5395,1983062564,2092-01-01,delisted,15200B_7270_1189_5417_54286,15200B,2100003000,Abrilada,"{""pbs_code"": ""15200B"", ""formulary"": ""F2"", ""brand_name"": ""Abrilada"", ""li_item_id"": ""15200B_7270_1189_5417_54286"", ""determined_price"": 444.17}",,,normal,PBS listing was present in the previous schedule and is now absent.,2026-08-30 02:00:11.220906+00
5396,1983062564,2092-01-01,delisted,15201C_21831_1189_43963_43965,15201C,2100003000,Humira,"{""pbs_code"": ""15201C"", ""formulary"": ""F2"", ""brand_name"": ""Humira"", ""li_item_id"": ""15201C_21831_1189_43963_43965"", ""determined_price"": 444.17}",,,normal,PBS listing was present in the previous schedule and is now absent.,2026-08-30 02:00:11.220906+00
5397,1983062564,2092-01-01,delisted,15201C_21831_1189_43963_55425,15201C,2100003000,Yuflyma,"{""pbs_code"": ""15201C"", ""formulary"": ""F2"", ""brand_name"": ""Yuflyma"", ""li_item_id"": ""15201C_21831_1189_43963_55425"", ""determined_price"": 444.17}",,,normal,PBS listing was present in the previous schedule and is now absent.,2026-08-30 02:00:11.220906+00
5398,1983062564,2092-01-01,delisted,15201C_21831_1189_43963_59133,15201C,2100003000,Hadlima,"{""pbs_code"": ""15201C"", ""formulary"": ""F2"", ""brand_name"": ""Hadlima"", ""li_item_id"": ""15201C_21831_1189_43963_59133"", ""determined_price"": 444.17}",,,normal,PBS listing was present in the previous schedule and is now absent.,2026-08-30 02:00:11.220906+00
5399,1983062564,2092-01-01,delisted,15201C_21831_1189_43963_59530,15201C,2100003000,Hyrimoz,"{""pbs_code"": ""15201C"", ""formulary"": ""F2"", ""brand_name"": ""Hyrimoz"", ""li_item_id"": ""15201C_21831_1189_43963_59530"", ""determined_price"": 444.17}",,,normal,PBS listing was present in the previous schedule and is now absent.,2026-08-30 02:00:11.220906+00
5400,1983062564,2092-01-01,delisted,15202D_7444_1189_51604_51606,15202D,2100003000,Amgevita,"{""pbs_code"": ""15202D"", ""formulary"": ""F2"", ""brand_name"": ""Amgevita"", ""li_item_id"": ""15202D_7444_1189_51604_51606"", ""determined_price"": 272.84}",,,normal,PBS listing was present in the previous schedule and is now absent.,2026-08-30 02:00:11.220906+00
5401,1983062564,2092-01-01,delisted,5281Y_10037_1189_5419_45576,5281Y,2100003000,Hadlima,"{""pbs_code"": ""5281Y"", ""formulary"": ""F2"", ""brand_name"": ""Hadlima"", ""li_item_id"": ""5281Y_10037_1189_5419_45576"", ""determined_price"": 444.17}",,,normal,PBS listing was present in the previous schedule and is now absent.,2026-08-30 02:00:11.220906+00
5402,1983062564,2092-01-01,delisted,5281Y_10037_1189_5419_45951,5281Y,2100003000,Amgevita,"{""pbs_code"": ""5281Y"", ""formulary"": ""F2"", ""brand_name"": ""Amgevita"", ""li_item_id"": ""5281Y_10037_1189_5419_45951"", ""determined_price"": 444.17}",,,normal,PBS listing was present in the previous schedule and is now absent.,2026-08-30 02:00:11.220906+00
5403,1983062564,2092-01-01,delisted,5281Y_10037_1189_5419_49269,5281Y,2100003000,Hyrimoz,"{""pbs_code"": ""5281Y"", ""formulary"": ""F2"", ""brand_name"": ""Hyrimoz"", ""li_item_id"": ""5281Y_10037_1189_5419_49269"", ""determined_price"": 444.17}",,,normal,PBS listing was present in the previous schedule and is now absent.,2026-08-30 02:00:11.220906+00
5404,1983062564,2092-01-01,delisted,5282B_7270_1189_5417_49267,5282B,2100003000,Hyrimoz,"{""pbs_code"": ""5282B"", ""formulary"": ""F2"", ""brand_name"": ""Hyrimoz"", ""li_item_id"": ""5282B_7270_1189_5417_49267"", ""determined_price"": 444.17}",,,normal,PBS listing was present in the previous schedule and is now absent.,2026-08-30 02:00:11.220906+00
5405,1983062564,2092-01-01,delisted,5282B_7270_1189_5417_50918,5282B,2100003000,Hadlima,"{""pbs_code"": ""5282B"", ""formulary"": ""F2"", ""brand_name"": ""Hadlima"", ""li_item_id"": ""5282B_7270_1189_5417_50918"", ""determined_price"": 444.17}",,,normal,PBS listing was present in the previous schedule and is now absent.,2026-08-30 02:00:11.220906+00
5406,1983062564,2092-01-01,delisted,5282B_7270_1189_5417_51588,5282B,2100003000,Amgevita,"{""pbs_code"": ""5282B"", ""formulary"": ""F2"", ""brand_name"": ""Amgevita"", ""li_item_id"": ""5282B_7270_1189_5417_51588"", ""determined_price"": 444.17}",,,normal,PBS listing was present in the previous schedule and is now absent.,2026-08-30 02:00:11.220906+00
5407,1983062564,2092-01-01,delisted,5282B_7270_1189_5417_54286,5282B,2100003000,Abrilada,"{""pbs_code"": ""5282B"", ""formulary"": ""F2"", ""brand_name"": ""Abrilada"", ""li_item_id"": ""5282B_7270_1189_5417_54286"", ""determined_price"": 444.17}",,,normal,PBS listing was present in the previous schedule and is now absent.,2026-08-30 02:00:11.220906+00
5408,1983062564,2092-01-01,delisted,5283C_10037_1189_5419_45576,5283C,2100003000,Hadlima,"{""pbs_code"": ""5283C"", ""formulary"": ""F2"", ""brand_name"": ""Hadlima"", ""li_item_id"": ""5283C_10037_1189_5419_45576"", ""determined_price"": 444.17}",,,normal,PBS listing was present in the previous schedule and is now absent.,2026-08-30 02:00:11.220906+00
5409,1983062564,2092-01-01,delisted,5283C_10037_1189_5419_45951,5283C,2100003000,Amgevita,"{""pbs_code"": ""5283C"", ""formulary"": ""F2"", ""brand_name"": ""Amgevita"", ""li_item_id"": ""5283C_10037_1189_5419_45951"", ""determined_price"": 444.17}",,,normal,PBS listing was present in the previous schedule and is now absent.,2026-08-30 02:00:11.220906+00
5410,1983062564,2092-01-01,delisted,5283C_10037_1189_5419_49269,5283C,2100003000,Hyrimoz,"{""pbs_code"": ""5283C"", ""formulary"": ""F2"", ""brand_name"": ""Hyrimoz"", ""li_item_id"": ""5283C_10037_1189_5419_49269"", ""determined_price"": 444.17}",,,normal,PBS listing was present in the previous schedule and is now absent.,2026-08-30 02:00:11.220906+00
5411,1983062564,2092-01-01,delisted,5284D_7270_1189_5417_49267,5284D,2100003000,Hyrimoz,"{""pbs_code"": ""5284D"", ""formulary"": ""F2"", ""brand_name"": ""Hyrimoz"", ""li_item_id"": ""5284D_7270_1189_5417_49267"", ""determined_price"": 444.17}",,,normal,PBS listing was present in the previous schedule and is now absent.,2026-08-30 02:00:11.220906+00
5412,1983062564,2092-01-01,delisted,5284D_7270_1189_5417_50918,5284D,2100003000,Hadlima,"{""pbs_code"": ""5284D"", ""formulary"": ""F2"", ""brand_name"": ""Hadlima"", ""li_item_id"": ""5284D_7270_1189_5417_50918"", ""determined_price"": 444.17}",,,normal,PBS listing was present in the previous schedule and is now absent.,2026-08-30 02:00:11.220906+00
5413,1983062564,2092-01-01,delisted,5284D_7270_1189_5417_51588,5284D,2100003000,Amgevita,"{""pbs_code"": ""5284D"", ""formulary"": ""F2"", ""brand_name"": ""Amgevita"", ""li_item_id"": ""5284D_7270_1189_5417_51588"", ""determined_price"": 444.17}",,,normal,PBS listing was present in the previous schedule and is now absent.,2026-08-30 02:00:11.220906+00
5414,1983062564,2092-01-01,delisted,5284D_7270_1189_5417_54286,5284D,2100003000,Abrilada,"{""pbs_code"": ""5284D"", ""formulary"": ""F2"", ""brand_name"": ""Abrilada"", ""li_item_id"": ""5284D_7270_1189_5417_54286"", ""determined_price"": 444.17}",,,normal,PBS listing was present in the previous schedule and is now absent.,2026-08-30 02:00:11.220906+00
5415,1983062564,2092-01-01,delisted,8737W_10037_1189_5419_45576,8737W,2100003000,Hadlima,"{""pbs_code"": ""8737W"", ""formulary"": ""F2"", ""brand_name"": ""Hadlima"", ""li_item_id"": ""8737W_10037_1189_5419_45576"", ""determined_price"": 444.17}",,,normal,PBS listing was present in the previous schedule and is now absent.,2026-08-30 02:00:11.220906+00
5416,1983062564,2092-01-01,delisted,8737W_10037_1189_5419_45951,8737W,2100003000,Amgevita,"{""pbs_code"": ""8737W"", ""formulary"": ""F2"", ""brand_name"": ""Amgevita"", ""li_item_id"": ""8737W_10037_1189_5419_45951"", ""determined_price"": 444.17}",,,normal,PBS listing was present in the previous schedule and is now absent.,2026-08-30 02:00:11.220906+00
5417,1983062564,2092-01-01,delisted,8737W_10037_1189_5419_49269,8737W,2100003000,Hyrimoz,"{""pbs_code"": ""8737W"", ""formulary"": ""F2"", ""brand_name"": ""Hyrimoz"", ""li_item_id"": ""8737W_10037_1189_5419_49269"", ""determined_price"": 444.17}",,,normal,PBS listing was present in the previous schedule and is now absent.,2026-08-30 02:00:11.220906+00
5418,1983062564,2092-01-01,delisted,8741C_10037_1189_5419_45576,8741C,2100003000,Hadlima,"{""pbs_code"": ""8741C"", ""formulary"": ""F2"", ""brand_name"": ""Hadlima"", ""li_item_id"": ""8741C_10037_1189_5419_45576"", ""determined_price"": 444.17}",,,normal,PBS listing was present in the previous schedule and is now absent.,2026-08-30 02:00:11.220906+00
5419,1983062564,2092-01-01,delisted,8741C_10037_1189_5419_45951,8741C,2100003000,Amgevita,"{""pbs_code"": ""8741C"", ""formulary"": ""F2"", ""brand_name"": ""Amgevita"", ""li_item_id"": ""8741C_10037_1189_5419_45951"", ""determined_price"": 444.17}",,,normal,PBS listing was present in the previous schedule and is now absent.,2026-08-30 02:00:11.220906+00
5420,1983062564,2092-01-01,delisted,8741C_10037_1189_5419_49269,8741C,2100003000,Hyrimoz,"{""pbs_code"": ""8741C"", ""formulary"": ""F2"", ""brand_name"": ""Hyrimoz"", ""li_item_id"": ""8741C_10037_1189_5419_49269"", ""determined_price"": 444.17}",,,normal,PBS listing was present in the previous schedule and is now absent.,2026-08-30 02:00:11.220906+00
5421,1983062564,2092-01-01,delisted,8963R_10037_1189_5419_45576,8963R,2100003000,Hadlima,"{""pbs_code"": ""8963R"", ""formulary"": ""F2"", ""brand_name"": ""Hadlima"", ""li_item_id"": ""8963R_10037_1189_5419_45576"", ""determined_price"": 444.17}",,,normal,PBS listing was present in the previous schedule and is now absent.,2026-08-30 02:00:11.220906+00
5422,1983062564,2092-01-01,delisted,8963R_10037_1189_5419_45951,8963R,2100003000,Amgevita,"{""pbs_code"": ""8963R"", ""formulary"": ""F2"", ""brand_name"": ""Amgevita"", ""li_item_id"": ""8963R_10037_1189_5419_45951"", ""determined_price"": 444.17}",,,normal,PBS listing was present in the previous schedule and is now absent.,2026-08-30 02:00:11.220906+00
5423,1983062564,2092-01-01,delisted,8963R_10037_1189_5419_49269,8963R,2100003000,Hyrimoz,"{""pbs_code"": ""8963R"", ""formulary"": ""F2"", ""brand_name"": ""Hyrimoz"", ""li_item_id"": ""8963R_10037_1189_5419_49269"", ""determined_price"": 444.17}",,,normal,PBS listing was present in the previous schedule and is now absent.,2026-08-30 02:00:11.220906+00
5424,1983062564,2092-01-01,delisted,8964T_10037_1189_5419_45576,8964T,2100003000,Hadlima,"{""pbs_code"": ""8964T"", ""formulary"": ""F2"", ""brand_name"": ""Hadlima"", ""li_item_id"": ""8964T_10037_1189_5419_45576"", ""determined_price"": 444.17}",,,normal,PBS listing was present in the previous schedule and is now absent.,2026-08-30 02:00:11.220906+00
5425,1983062564,2092-01-01,delisted,8964T_10037_1189_5419_45951,8964T,2100003000,Amgevita,"{""pbs_code"": ""8964T"", ""formulary"": ""F2"", ""brand_name"": ""Amgevita"", ""li_item_id"": ""8964T_10037_1189_5419_45951"", ""determined_price"": 444.17}",,,normal,PBS listing was present in the previous schedule and is now absent.,2026-08-30 02:00:11.220906+00
5426,1983062564,2092-01-01,delisted,8964T_10037_1189_5419_49269,8964T,2100003000,Hyrimoz,"{""pbs_code"": ""8964T"", ""formulary"": ""F2"", ""brand_name"": ""Hyrimoz"", ""li_item_id"": ""8964T_10037_1189_5419_49269"", ""determined_price"": 444.17}",,,normal,PBS listing was present in the previous schedule and is now absent.,2026-08-30 02:00:11.220906+00
5427,1983062564,2092-01-01,delisted,8965W_7270_1189_5417_49267,8965W,2100003000,Hyrimoz,"{""pbs_code"": ""8965W"", ""formulary"": ""F2"", ""brand_name"": ""Hyrimoz"", ""li_item_id"": ""8965W_7270_1189_5417_49267"", ""determined_price"": 444.17}",,,normal,PBS listing was present in the previous schedule and is now absent.,2026-08-30 02:00:11.220906+00
5428,1983062564,2092-01-01,delisted,8965W_7270_1189_5417_50918,8965W,2100003000,Hadlima,"{""pbs_code"": ""8965W"", ""formulary"": ""F2"", ""brand_name"": ""Hadlima"", ""li_item_id"": ""8965W_7270_1189_5417_50918"", ""determined_price"": 444.17}",,,normal,PBS listing was present in the previous schedule and is now absent.,2026-08-30 02:00:11.220906+00
5429,1983062564,2092-01-01,delisted,8965W_7270_1189_5417_51588,8965W,2100003000,Amgevita,"{""pbs_code"": ""8965W"", ""formulary"": ""F2"", ""brand_name"": ""Amgevita"", ""li_item_id"": ""8965W_7270_1189_5417_51588"", ""determined_price"": 444.17}",,,normal,PBS listing was present in the previous schedule and is now absent.,2026-08-30 02:00:11.220906+00
5430,1983062564,2092-01-01,delisted,8965W_7270_1189_5417_54286,8965W,2100003000,Abrilada,"{""pbs_code"": ""8965W"", ""formulary"": ""F2"", ""brand_name"": ""Abrilada"", ""li_item_id"": ""8965W_7270_1189_5417_54286"", ""determined_price"": 444.17}",,,normal,PBS listing was present in the previous schedule and is now absent.,2026-08-30 02:00:11.220906+00
5431,1983062564,2092-01-01,delisted,8966X_7270_1189_5417_49267,8966X,2100003000,Hyrimoz,"{""pbs_code"": ""8966X"", ""formulary"": ""F2"", ""brand_name"": ""Hyrimoz"", ""li_item_id"": ""8966X_7270_1189_5417_49267"", ""determined_price"": 444.17}",,,normal,PBS listing was present in the previous schedule and is now absent.,2026-08-30 02:00:11.220906+00
5432,1983062564,2092-01-01,delisted,8966X_7270_1189_5417_50918,8966X,2100003000,Hadlima,"{""pbs_code"": ""8966X"", ""formulary"": ""F2"", ""brand_name"": ""Hadlima"", ""li_item_id"": ""8966X_7270_1189_5417_50918"", ""determined_price"": 444.17}",,,normal,PBS listing was present in the previous schedule and is now absent.,2026-08-30 02:00:11.220906+00
5433,1983062564,2092-01-01,delisted,8966X_7270_1189_5417_51588,8966X,2100003000,Amgevita,"{""pbs_code"": ""8966X"", ""formulary"": ""F2"", ""brand_name"": ""Amgevita"", ""li_item_id"": ""8966X_7270_1189_5417_51588"", ""determined_price"": 444.17}",,,normal,PBS listing was present in the previous schedule and is now absent.,2026-08-30 02:00:11.220906+00
5434,1983062564,2092-01-01,delisted,8966X_7270_1189_5417_54286,8966X,2100003000,Abrilada,"{""pbs_code"": ""8966X"", ""formulary"": ""F2"", ""brand_name"": ""Abrilada"", ""li_item_id"": ""8966X_7270_1189_5417_54286"", ""determined_price"": 444.17}",,,normal,PBS listing was present in the previous schedule and is now absent.,2026-08-30 02:00:11.220906+00
5435,1983062564,2092-01-01,delisted,9033K_10037_1189_5419_45576,9033K,2100003000,Hadlima,"{""pbs_code"": ""9033K"", ""formulary"": ""F2"", ""brand_name"": ""Hadlima"", ""li_item_id"": ""9033K_10037_1189_5419_45576"", ""determined_price"": 444.17}",,,normal,PBS listing was present in the previous schedule and is now absent.,2026-08-30 02:00:11.220906+00
5436,1983062564,2092-01-01,delisted,9033K_10037_1189_5419_45951,9033K,2100003000,Amgevita,"{""pbs_code"": ""9033K"", ""formulary"": ""F2"", ""brand_name"": ""Amgevita"", ""li_item_id"": ""9033K_10037_1189_5419_45951"", ""determined_price"": 444.17}",,,normal,PBS listing was present in the previous schedule and is now absent.,2026-08-30 02:00:11.220906+00
5437,1983062564,2092-01-01,delisted,9033K_10037_1189_5419_49269,9033K,2100003000,Hyrimoz,"{""pbs_code"": ""9033K"", ""formulary"": ""F2"", ""brand_name"": ""Hyrimoz"", ""li_item_id"": ""9033K_10037_1189_5419_49269"", ""determined_price"": 444.17}",,,normal,PBS listing was present in the previous schedule and is now absent.,2026-08-30 02:00:11.220906+00
5438,1983062564,2092-01-01,delisted,9034L_10037_1189_5419_45576,9034L,2100003000,Hadlima,"{""pbs_code"": ""9034L"", ""formulary"": ""F2"", ""brand_name"": ""Hadlima"", ""li_item_id"": ""9034L_10037_1189_5419_45576"", ""determined_price"": 444.17}",,,normal,PBS listing was present in the previous schedule and is now absent.,2026-08-30 02:00:11.220906+00
5439,1983062564,2092-01-01,delisted,9034L_10037_1189_5419_45951,9034L,2100003000,Amgevita,"{""pbs_code"": ""9034L"", ""formulary"": ""F2"", ""brand_name"": ""Amgevita"", ""li_item_id"": ""9034L_10037_1189_5419_45951"", ""determined_price"": 444.17}",,,normal,PBS listing was present in the previous schedule and is now absent.,2026-08-30 02:00:11.220906+00
5440,1983062564,2092-01-01,delisted,9034L_10037_1189_5419_49269,9034L,2100003000,Hyrimoz,"{""pbs_code"": ""9034L"", ""formulary"": ""F2"", ""brand_name"": ""Hyrimoz"", ""li_item_id"": ""9034L_10037_1189_5419_49269"", ""determined_price"": 444.17}",,,normal,PBS listing was present in the previous schedule and is now absent.,2026-08-30 02:00:11.220906+00
5441,1983062564,2092-01-01,delisted,9077R_10037_1189_5419_45576,9077R,2100003000,Hadlima,"{""pbs_code"": ""9077R"", ""formulary"": ""F2"", ""brand_name"": ""Hadlima"", ""li_item_id"": ""9077R_10037_1189_5419_45576"", ""determined_price"": 444.17}",,,normal,PBS listing was present in the previous schedule and is now absent.,2026-08-30 02:00:11.220906+00
5442,1983062564,2092-01-01,delisted,9077R_10037_1189_5419_45951,9077R,2100003000,Amgevita,"{""pbs_code"": ""9077R"", ""formulary"": ""F2"", ""brand_name"": ""Amgevita"", ""li_item_id"": ""9077R_10037_1189_5419_45951"", ""determined_price"": 444.17}",,,normal,PBS listing was present in the previous schedule and is now absent.,2026-08-30 02:00:11.220906+00
5443,1983062564,2092-01-01,delisted,9077R_10037_1189_5419_49269,9077R,2100003000,Hyrimoz,"{""pbs_code"": ""9077R"", ""formulary"": ""F2"", ""brand_name"": ""Hyrimoz"", ""li_item_id"": ""9077R_10037_1189_5419_49269"", ""determined_price"": 444.17}",,,normal,PBS listing was present in the previous schedule and is now absent.,2026-08-30 02:00:11.220906+00
5444,1983062564,2092-01-01,delisted,9078T_10037_1189_5419_45576,9078T,2100003000,Hadlima,"{""pbs_code"": ""9078T"", ""formulary"": ""F2"", ""brand_name"": ""Hadlima"", ""li_item_id"": ""9078T_10037_1189_5419_45576"", ""determined_price"": 444.17}",,,normal,PBS listing was present in the previous schedule and is now absent.,2026-08-30 02:00:11.220906+00
5445,1983062564,2092-01-01,delisted,9078T_10037_1189_5419_45951,9078T,2100003000,Amgevita,"{""pbs_code"": ""9078T"", ""formulary"": ""F2"", ""brand_name"": ""Amgevita"", ""li_item_id"": ""9078T_10037_1189_5419_45951"", ""determined_price"": 444.17}",,,normal,PBS listing was present in the previous schedule and is now absent.,2026-08-30 02:00:11.220906+00
5446,1983062564,2092-01-01,delisted,9078T_10037_1189_5419_49269,9078T,2100003000,Hyrimoz,"{""pbs_code"": ""9078T"", ""formulary"": ""F2"", ""brand_name"": ""Hyrimoz"", ""li_item_id"": ""9078T_10037_1189_5419_49269"", ""determined_price"": 444.17}",,,normal,PBS listing was present in the previous schedule and is now absent.,2026-08-30 02:00:11.220906+00
5447,1983062564,2092-01-01,delisted,9099X_7270_1189_5417_49267,9099X,2100003000,Hyrimoz,"{""pbs_code"": ""9099X"", ""formulary"": ""F2"", ""brand_name"": ""Hyrimoz"", ""li_item_id"": ""9099X_7270_1189_5417_49267"", ""determined_price"": 444.17}",,,normal,PBS listing was present in the previous schedule and is now absent.,2026-08-30 02:00:11.220906+00
5448,1983062564,2092-01-01,delisted,9099X_7270_1189_5417_50918,9099X,2100003000,Hadlima,"{""pbs_code"": ""9099X"", ""formulary"": ""F2"", ""brand_name"": ""Hadlima"", ""li_item_id"": ""9099X_7270_1189_5417_50918"", ""determined_price"": 444.17}",,,normal,PBS listing was present in the previous schedule and is now absent.,2026-08-30 02:00:11.220906+00
5449,1983062564,2092-01-01,delisted,9099X_7270_1189_5417_51588,9099X,2100003000,Amgevita,"{""pbs_code"": ""9099X"", ""formulary"": ""F2"", ""brand_name"": ""Amgevita"", ""li_item_id"": ""9099X_7270_1189_5417_51588"", ""determined_price"": 444.17}",,,normal,PBS listing was present in the previous schedule and is now absent.,2026-08-30 02:00:11.220906+00
5450,1983062564,2092-01-01,delisted,9099X_7270_1189_5417_54286,9099X,2100003000,Abrilada,"{""pbs_code"": ""9099X"", ""formulary"": ""F2"", ""brand_name"": ""Abrilada"", ""li_item_id"": ""9099X_7270_1189_5417_54286"", ""determined_price"": 444.17}",,,normal,PBS listing was present in the previous schedule and is now absent.,2026-08-30 02:00:11.220906+00
5451,1983062564,2092-01-01,delisted,9100Y_7270_1189_5417_49267,9100Y,2100003000,Hyrimoz,"{""pbs_code"": ""9100Y"", ""formulary"": ""F2"", ""brand_name"": ""Hyrimoz"", ""li_item_id"": ""9100Y_7270_1189_5417_49267"", ""determined_price"": 444.17}",,,normal,PBS listing was present in the previous schedule and is now absent.,2026-08-30 02:00:11.220906+00
5452,1983062564,2092-01-01,delisted,9100Y_7270_1189_5417_50918,9100Y,2100003000,Hadlima,"{""pbs_code"": ""9100Y"", ""formulary"": ""F2"", ""brand_name"": ""Hadlima"", ""li_item_id"": ""9100Y_7270_1189_5417_50918"", ""determined_price"": 444.17}",,,normal,PBS listing was present in the previous schedule and is now absent.,2026-08-30 02:00:11.220906+00
5453,1983062564,2092-01-01,delisted,9100Y_7270_1189_5417_51588,9100Y,2100003000,Amgevita,"{""pbs_code"": ""9100Y"", ""formulary"": ""F2"", ""brand_name"": ""Amgevita"", ""li_item_id"": ""9100Y_7270_1189_5417_51588"", ""determined_price"": 444.17}",,,normal,PBS listing was present in the previous schedule and is now absent.,2026-08-30 02:00:11.220906+00
5454,1983062564,2092-01-01,delisted,9100Y_7270_1189_5417_54286,9100Y,2100003000,Abrilada,"{""pbs_code"": ""9100Y"", ""formulary"": ""F2"", ""brand_name"": ""Abrilada"", ""li_item_id"": ""9100Y_7270_1189_5417_54286"", ""determined_price"": 444.17}",,,normal,PBS listing was present in the previous schedule and is now absent.,2026-08-30 02:00:11.220906+00
5455,1983062564,2092-01-01,delisted,9101B_7270_1189_5417_49267,9101B,2100003000,Hyrimoz,"{""pbs_code"": ""9101B"", ""formulary"": ""F2"", ""brand_name"": ""Hyrimoz"", ""li_item_id"": ""9101B_7270_1189_5417_49267"", ""determined_price"": 444.17}",,,normal,PBS listing was present in the previous schedule and is now absent.,2026-08-30 02:00:11.220906+00
5456,1983062564,2092-01-01,delisted,9101B_7270_1189_5417_50918,9101B,2100003000,Hadlima,"{""pbs_code"": ""9101B"", ""formulary"": ""F2"", ""brand_name"": ""Hadlima"", ""li_item_id"": ""9101B_7270_1189_5417_50918"", ""determined_price"": 444.17}",,,normal,PBS listing was present in the previous schedule and is now absent.,2026-08-30 02:00:11.220906+00
5457,1983062564,2092-01-01,delisted,9101B_7270_1189_5417_51588,9101B,2100003000,Amgevita,"{""pbs_code"": ""9101B"", ""formulary"": ""F2"", ""brand_name"": ""Amgevita"", ""li_item_id"": ""9101B_7270_1189_5417_51588"", ""determined_price"": 444.17}",,,normal,PBS listing was present in the previous schedule and is now absent.,2026-08-30 02:00:11.220906+00
5458,1983062564,2092-01-01,delisted,9101B_7270_1189_5417_54286,9101B,2100003000,Abrilada,"{""pbs_code"": ""9101B"", ""formulary"": ""F2"", ""brand_name"": ""Abrilada"", ""li_item_id"": ""9101B_7270_1189_5417_54286"", ""determined_price"": 444.17}",,,normal,PBS listing was present in the previous schedule and is now absent.,2026-08-30 02:00:11.220906+00
5459,1983062564,2092-01-01,delisted,9102C_7270_1189_5417_49267,9102C,2100003000,Hyrimoz,"{""pbs_code"": ""9102C"", ""formulary"": ""F2"", ""brand_name"": ""Hyrimoz"", ""li_item_id"": ""9102C_7270_1189_5417_49267"", ""determined_price"": 444.17}",,,normal,PBS listing was present in the previous schedule and is now absent.,2026-08-30 02:00:11.220906+00
5460,1983062564,2092-01-01,delisted,9102C_7270_1189_5417_50918,9102C,2100003000,Hadlima,"{""pbs_code"": ""9102C"", ""formulary"": ""F2"", ""brand_name"": ""Hadlima"", ""li_item_id"": ""9102C_7270_1189_5417_50918"", ""determined_price"": 444.17}",,,normal,PBS listing was present in the previous schedule and is now absent.,2026-08-30 02:00:11.220906+00
5461,1983062564,2092-01-01,delisted,9102C_7270_1189_5417_51588,9102C,2100003000,Amgevita,"{""pbs_code"": ""9102C"", ""formulary"": ""F2"", ""brand_name"": ""Amgevita"", ""li_item_id"": ""9102C_7270_1189_5417_51588"", ""determined_price"": 444.17}",,,normal,PBS listing was present in the previous schedule and is now absent.,2026-08-30 02:00:11.220906+00
5462,1983062564,2092-01-01,delisted,9102C_7270_1189_5417_54286,9102C,2100003000,Abrilada,"{""pbs_code"": ""9102C"", ""formulary"": ""F2"", ""brand_name"": ""Abrilada"", ""li_item_id"": ""9102C_7270_1189_5417_54286"", ""determined_price"": 444.17}",,,normal,PBS listing was present in the previous schedule and is now absent.,2026-08-30 02:00:11.220906+00
5463,1983062564,2092-01-01,delisted,9103D_7270_1189_5417_49267,9103D,2100003000,Hyrimoz,"{""pbs_code"": ""9103D"", ""formulary"": ""F2"", ""brand_name"": ""Hyrimoz"", ""li_item_id"": ""9103D_7270_1189_5417_49267"", ""determined_price"": 444.17}",,,normal,PBS listing was present in the previous schedule and is now absent.,2026-08-30 02:00:11.220906+00
5464,1983062564,2092-01-01,delisted,9103D_7270_1189_5417_50918,9103D,2100003000,Hadlima,"{""pbs_code"": ""9103D"", ""formulary"": ""F2"", ""brand_name"": ""Hadlima"", ""li_item_id"": ""9103D_7270_1189_5417_50918"", ""determined_price"": 444.17}",,,normal,PBS listing was present in the previous schedule and is now absent.,2026-08-30 02:00:11.220906+00
5465,1983062564,2092-01-01,delisted,9103D_7270_1189_5417_51588,9103D,2100003000,Amgevita,"{""pbs_code"": ""9103D"", ""formulary"": ""F2"", ""brand_name"": ""Amgevita"", ""li_item_id"": ""9103D_7270_1189_5417_51588"", ""determined_price"": 444.17}",,,normal,PBS listing was present in the previous schedule and is now absent.,2026-08-30 02:00:11.220906+00
5466,1983062564,2092-01-01,delisted,9103D_7270_1189_5417_54286,9103D,2100003000,Abrilada,"{""pbs_code"": ""9103D"", ""formulary"": ""F2"", ""brand_name"": ""Abrilada"", ""li_item_id"": ""9103D_7270_1189_5417_54286"", ""determined_price"": 444.17}",,,normal,PBS listing was present in the previous schedule and is now absent.,2026-08-30 02:00:11.220906+00
5467,1983062564,2092-01-01,delisted,9104E_7270_1189_5417_49267,9104E,2100003000,Hyrimoz,"{""pbs_code"": ""9104E"", ""formulary"": ""F2"", ""brand_name"": ""Hyrimoz"", ""li_item_id"": ""9104E_7270_1189_5417_49267"", ""determined_price"": 444.17}",,,normal,PBS listing was present in the previous schedule and is now absent.,2026-08-30 02:00:11.220906+00
5468,1983062564,2092-01-01,delisted,9104E_7270_1189_5417_50918,9104E,2100003000,Hadlima,"{""pbs_code"": ""9104E"", ""formulary"": ""F2"", ""brand_name"": ""Hadlima"", ""li_item_id"": ""9104E_7270_1189_5417_50918"", ""determined_price"": 444.17}",,,normal,PBS listing was present in the previous schedule and is now absent.,2026-08-30 02:00:11.220906+00
5469,1983062564,2092-01-01,delisted,9104E_7270_1189_5417_51588,9104E,2100003000,Amgevita,"{""pbs_code"": ""9104E"", ""formulary"": ""F2"", ""brand_name"": ""Amgevita"", ""li_item_id"": ""9104E_7270_1189_5417_51588"", ""determined_price"": 444.17}",,,normal,PBS listing was present in the previous schedule and is now absent.,2026-08-30 02:00:11.220906+00
5470,1983062564,2092-01-01,delisted,9104E_7270_1189_5417_54286,9104E,2100003000,Abrilada,"{""pbs_code"": ""9104E"", ""formulary"": ""F2"", ""brand_name"": ""Abrilada"", ""li_item_id"": ""9104E_7270_1189_5417_54286"", ""determined_price"": 444.17}",,,normal,PBS listing was present in the previous schedule and is now absent.,2026-08-30 02:00:11.220906+00
5471,1983062564,2092-01-01,delisted,9188N_10037_1189_5419_45576,9188N,2100003000,Hadlima,"{""pbs_code"": ""9188N"", ""formulary"": ""F2"", ""brand_name"": ""Hadlima"", ""li_item_id"": ""9188N_10037_1189_5419_45576"", ""determined_price"": 444.17}",,,normal,PBS listing was present in the previous schedule and is now absent.,2026-08-30 02:00:11.220906+00
5472,1983062564,2092-01-01,delisted,9188N_10037_1189_5419_45951,9188N,2100003000,Amgevita,"{""pbs_code"": ""9188N"", ""formulary"": ""F2"", ""brand_name"": ""Amgevita"", ""li_item_id"": ""9188N_10037_1189_5419_45951"", ""determined_price"": 444.17}",,,normal,PBS listing was present in the previous schedule and is now absent.,2026-08-30 02:00:11.220906+00
5473,1983062564,2092-01-01,delisted,9188N_10037_1189_5419_49269,9188N,2100003000,Hyrimoz,"{""pbs_code"": ""9188N"", ""formulary"": ""F2"", ""brand_name"": ""Hyrimoz"", ""li_item_id"": ""9188N_10037_1189_5419_49269"", ""determined_price"": 444.17}",,,normal,PBS listing was present in the previous schedule and is now absent.,2026-08-30 02:00:11.220906+00
5474,1983062564,2092-01-01,delisted,9189P_10037_1189_5419_45576,9189P,2100003000,Hadlima,"{""pbs_code"": ""9189P"", ""formulary"": ""F2"", ""brand_name"": ""Hadlima"", ""li_item_id"": ""9189P_10037_1189_5419_45576"", ""determined_price"": 444.17}",,,normal,PBS listing was present in the previous schedule and is now absent.,2026-08-30 02:00:11.220906+00
5475,1983062564,2092-01-01,delisted,9189P_10037_1189_5419_45951,9189P,2100003000,Amgevita,"{""pbs_code"": ""9189P"", ""formulary"": ""F2"", ""brand_name"": ""Amgevita"", ""li_item_id"": ""9189P_10037_1189_5419_45951"", ""determined_price"": 444.17}",,,normal,PBS listing was present in the previous schedule and is now absent.,2026-08-30 02:00:11.220906+00
5476,1983062564,2092-01-01,delisted,9189P_10037_1189_5419_49269,9189P,2100003000,Hyrimoz,"{""pbs_code"": ""9189P"", ""formulary"": ""F2"", ""brand_name"": ""Hyrimoz"", ""li_item_id"": ""9189P_10037_1189_5419_49269"", ""determined_price"": 444.17}",,,normal,PBS listing was present in the previous schedule and is now absent.,2026-08-30 02:00:11.220906+00
5477,1983062564,2092-01-01,delisted,9190Q_7270_1189_5417_49267,9190Q,2100003000,Hyrimoz,"{""pbs_code"": ""9190Q"", ""formulary"": ""F2"", ""brand_name"": ""Hyrimoz"", ""li_item_id"": ""9190Q_7270_1189_5417_49267"", ""determined_price"": 444.17}",,,normal,PBS listing was present in the previous schedule and is now absent.,2026-08-30 02:00:11.220906+00
5478,1983062564,2092-01-01,delisted,9190Q_7270_1189_5417_50918,9190Q,2100003000,Hadlima,"{""pbs_code"": ""9190Q"", ""formulary"": ""F2"", ""brand_name"": ""Hadlima"", ""li_item_id"": ""9190Q_7270_1189_5417_50918"", ""determined_price"": 444.17}",,,normal,PBS listing was present in the previous schedule and is now absent.,2026-08-30 02:00:11.220906+00
5479,1983062564,2092-01-01,delisted,9190Q_7270_1189_5417_51588,9190Q,2100003000,Amgevita,"{""pbs_code"": ""9190Q"", ""formulary"": ""F2"", ""brand_name"": ""Amgevita"", ""li_item_id"": ""9190Q_7270_1189_5417_51588"", ""determined_price"": 444.17}",,,normal,PBS listing was present in the previous schedule and is now absent.,2026-08-30 02:00:11.220906+00
5480,1983062564,2092-01-01,delisted,9190Q_7270_1189_5417_54286,9190Q,2100003000,Abrilada,"{""pbs_code"": ""9190Q"", ""formulary"": ""F2"", ""brand_name"": ""Abrilada"", ""li_item_id"": ""9190Q_7270_1189_5417_54286"", ""determined_price"": 444.17}",,,normal,PBS listing was present in the previous schedule and is now absent.,2026-08-30 02:00:11.220906+00
5481,1983062564,2092-01-01,delisted,9191R_7270_1189_5417_49267,9191R,2100003000,Hyrimoz,"{""pbs_code"": ""9191R"", ""formulary"": ""F2"", ""brand_name"": ""Hyrimoz"", ""li_item_id"": ""9191R_7270_1189_5417_49267"", ""determined_price"": 444.17}",,,normal,PBS listing was present in the previous schedule and is now absent.,2026-08-30 02:00:11.220906+00
5482,1983062564,2092-01-01,delisted,9191R_7270_1189_5417_50918,9191R,2100003000,Hadlima,"{""pbs_code"": ""9191R"", ""formulary"": ""F2"", ""brand_name"": ""Hadlima"", ""li_item_id"": ""9191R_7270_1189_5417_50918"", ""determined_price"": 444.17}",,,normal,PBS listing was present in the previous schedule and is now absent.,2026-08-30 02:00:11.220906+00
5483,1983062564,2092-01-01,delisted,9191R_7270_1189_5417_51588,9191R,2100003000,Amgevita,"{""pbs_code"": ""9191R"", ""formulary"": ""F2"", ""brand_name"": ""Amgevita"", ""li_item_id"": ""9191R_7270_1189_5417_51588"", ""determined_price"": 444.17}",,,normal,PBS listing was present in the previous schedule and is now absent.,2026-08-30 02:00:11.220906+00
5484,1983062564,2092-01-01,delisted,9191R_7270_1189_5417_54286,9191R,2100003000,Abrilada,"{""pbs_code"": ""9191R"", ""formulary"": ""F2"", ""brand_name"": ""Abrilada"", ""li_item_id"": ""9191R_7270_1189_5417_54286"", ""determined_price"": 444.17}",,,normal,PBS listing was present in the previous schedule and is now absent.,2026-08-30 02:00:11.220906+00
5485,1983062564,2092-01-01,delisted,9425C_10037_1189_5419_45576,9425C,2100003000,Hadlima,"{""pbs_code"": ""9425C"", ""formulary"": ""F2"", ""brand_name"": ""Hadlima"", ""li_item_id"": ""9425C_10037_1189_5419_45576"", ""determined_price"": 444.17}",,,normal,PBS listing was present in the previous schedule and is now absent.,2026-08-30 02:00:11.220906+00
5486,1983062564,2092-01-01,delisted,9425C_10037_1189_5419_45951,9425C,2100003000,Amgevita,"{""pbs_code"": ""9425C"", ""formulary"": ""F2"", ""brand_name"": ""Amgevita"", ""li_item_id"": ""9425C_10037_1189_5419_45951"", ""determined_price"": 444.17}",,,normal,PBS listing was present in the previous schedule and is now absent.,2026-08-30 02:00:11.220906+00
5487,1983062564,2092-01-01,delisted,9425C_10037_1189_5419_49269,9425C,2100003000,Hyrimoz,"{""pbs_code"": ""9425C"", ""formulary"": ""F2"", ""brand_name"": ""Hyrimoz"", ""li_item_id"": ""9425C_10037_1189_5419_49269"", ""determined_price"": 444.17}",,,normal,PBS listing was present in the previous schedule and is now absent.,2026-08-30 02:00:11.220906+00
5488,1983062564,2092-01-01,delisted,9426D_7270_1189_5417_49267,9426D,2100003000,Hyrimoz,"{""pbs_code"": ""9426D"", ""formulary"": ""F2"", ""brand_name"": ""Hyrimoz"", ""li_item_id"": ""9426D_7270_1189_5417_49267"", ""determined_price"": 444.17}",,,normal,PBS listing was present in the previous schedule and is now absent.,2026-08-30 02:00:11.220906+00
5489,1983062564,2092-01-01,delisted,9426D_7270_1189_5417_50918,9426D,2100003000,Hadlima,"{""pbs_code"": ""9426D"", ""formulary"": ""F2"", ""brand_name"": ""Hadlima"", ""li_item_id"": ""9426D_7270_1189_5417_50918"", ""determined_price"": 444.17}",,,normal,PBS listing was present in the previous schedule and is now absent.,2026-08-30 02:00:11.220906+00
5490,1983062564,2092-01-01,delisted,9426D_7270_1189_5417_51588,9426D,2100003000,Amgevita,"{""pbs_code"": ""9426D"", ""formulary"": ""F2"", ""brand_name"": ""Amgevita"", ""li_item_id"": ""9426D_7270_1189_5417_51588"", ""determined_price"": 444.17}",,,normal,PBS listing was present in the previous schedule and is now absent.,2026-08-30 02:00:11.220906+00
5491,1983062564,2092-01-01,delisted,9426D_7270_1189_5417_54286,9426D,2100003000,Abrilada,"{""pbs_code"": ""9426D"", ""formulary"": ""F2"", ""brand_name"": ""Abrilada"", ""li_item_id"": ""9426D_7270_1189_5417_54286"", ""determined_price"": 444.17}",,,normal,PBS listing was present in the previous schedule and is now absent.,2026-08-30 02:00:11.220906+00
5492,1983062564,2092-01-01,delisted,9427E_10037_1189_5419_45576,9427E,2100003000,Hadlima,"{""pbs_code"": ""9427E"", ""formulary"": ""F2"", ""brand_name"": ""Hadlima"", ""li_item_id"": ""9427E_10037_1189_5419_45576"", ""determined_price"": 444.17}",,,normal,PBS listing was present in the previous schedule and is now absent.,2026-08-30 02:00:11.220906+00
5493,1983062564,2092-01-01,delisted,9427E_10037_1189_5419_45951,9427E,2100003000,Amgevita,"{""pbs_code"": ""9427E"", ""formulary"": ""F2"", ""brand_name"": ""Amgevita"", ""li_item_id"": ""9427E_10037_1189_5419_45951"", ""determined_price"": 444.17}",,,normal,PBS listing was present in the previous schedule and is now absent.,2026-08-30 02:00:11.220906+00
5494,1983062564,2092-01-01,delisted,9427E_10037_1189_5419_49269,9427E,2100003000,Hyrimoz,"{""pbs_code"": ""9427E"", ""formulary"": ""F2"", ""brand_name"": ""Hyrimoz"", ""li_item_id"": ""9427E_10037_1189_5419_49269"", ""determined_price"": 444.17}",,,normal,PBS listing was present in the previous schedule and is now absent.,2026-08-30 02:00:11.220906+00
5495,1983062564,2092-01-01,delisted,9428F_7270_1189_5417_49267,9428F,2100003000,Hyrimoz,"{""pbs_code"": ""9428F"", ""formulary"": ""F2"", ""brand_name"": ""Hyrimoz"", ""li_item_id"": ""9428F_7270_1189_5417_49267"", ""determined_price"": 444.17}",,,normal,PBS listing was present in the previous schedule and is now absent.,2026-08-30 02:00:11.220906+00
5496,1983062564,2092-01-01,delisted,9428F_7270_1189_5417_50918,9428F,2100003000,Hadlima,"{""pbs_code"": ""9428F"", ""formulary"": ""F2"", ""brand_name"": ""Hadlima"", ""li_item_id"": ""9428F_7270_1189_5417_50918"", ""determined_price"": 444.17}",,,normal,PBS listing was present in the previous schedule and is now absent.,2026-08-30 02:00:11.220906+00
5497,1983062564,2092-01-01,delisted,9428F_7270_1189_5417_51588,9428F,2100003000,Amgevita,"{""pbs_code"": ""9428F"", ""formulary"": ""F2"", ""brand_name"": ""Amgevita"", ""li_item_id"": ""9428F_7270_1189_5417_51588"", ""determined_price"": 444.17}",,,normal,PBS listing was present in the previous schedule and is now absent.,2026-08-30 02:00:11.220906+00
5498,1983062564,2092-01-01,delisted,9428F_7270_1189_5417_54286,9428F,2100003000,Abrilada,"{""pbs_code"": ""9428F"", ""formulary"": ""F2"", ""brand_name"": ""Abrilada"", ""li_item_id"": ""9428F_7270_1189_5417_54286"", ""determined_price"": 444.17}",,,normal,PBS listing was present in the previous schedule and is now absent.,2026-08-30 02:00:11.220906+00
5499,1983062564,2092-01-01,delisted,9662M_10037_1189_5419_45576,9662M,2100003000,Hadlima,"{""pbs_code"": ""9662M"", ""formulary"": ""F2"", ""brand_name"": ""Hadlima"", ""li_item_id"": ""9662M_10037_1189_5419_45576"", ""determined_price"": 444.17}",,,normal,PBS listing was present in the previous schedule and is now absent.,2026-08-30 02:00:11.220906+00
5500,1983062564,2092-01-01,delisted,9662M_10037_1189_5419_45951,9662M,2100003000,Amgevita,"{""pbs_code"": ""9662M"", ""formulary"": ""F2"", ""brand_name"": ""Amgevita"", ""li_item_id"": ""9662M_10037_1189_5419_45951"", ""determined_price"": 444.17}",,,normal,PBS listing was present in the previous schedule and is now absent.,2026-08-30 02:00:11.220906+00
5501,1983062564,2092-01-01,delisted,9662M_10037_1189_5419_49269,9662M,2100003000,Hyrimoz,"{""pbs_code"": ""9662M"", ""formulary"": ""F2"", ""brand_name"": ""Hyrimoz"", ""li_item_id"": ""9662M_10037_1189_5419_49269"", ""determined_price"": 444.17}",,,normal,PBS listing was present in the previous schedule and is now absent.,2026-08-30 02:00:11.220906+00
5502,1983062564,2092-01-01,delisted,9663N_7270_1189_5417_49267,9663N,2100003000,Hyrimoz,"{""pbs_code"": ""9663N"", ""formulary"": ""F2"", ""brand_name"": ""Hyrimoz"", ""li_item_id"": ""9663N_7270_1189_5417_49267"", ""determined_price"": 444.17}",,,normal,PBS listing was present in the previous schedule and is now absent.,2026-08-30 02:00:11.220906+00
5503,1983062564,2092-01-01,delisted,9663N_7270_1189_5417_50918,9663N,2100003000,Hadlima,"{""pbs_code"": ""9663N"", ""formulary"": ""F2"", ""brand_name"": ""Hadlima"", ""li_item_id"": ""9663N_7270_1189_5417_50918"", ""determined_price"": 444.17}",,,normal,PBS listing was present in the previous schedule and is now absent.,2026-08-30 02:00:11.220906+00
5504,1983062564,2092-01-01,delisted,9663N_7270_1189_5417_51588,9663N,2100003000,Amgevita,"{""pbs_code"": ""9663N"", ""formulary"": ""F2"", ""brand_name"": ""Amgevita"", ""li_item_id"": ""9663N_7270_1189_5417_51588"", ""determined_price"": 444.17}",,,normal,PBS listing was present in the previous schedule and is now absent.,2026-08-30 02:00:11.220906+00
5505,1983062564,2092-01-01,delisted,9663N_7270_1189_5417_54286,9663N,2100003000,Abrilada,"{""pbs_code"": ""9663N"", ""formulary"": ""F2"", ""brand_name"": ""Abrilada"", ""li_item_id"": ""9663N_7270_1189_5417_54286"", ""determined_price"": 444.17}",,,normal,PBS listing was present in the previous schedule and is now absent.,2026-08-30 02:00:11.220906+00
5506,1983062564,2092-01-01,delisted,9679K_10037_1189_5419_45576,9679K,2100003000,Hadlima,"{""pbs_code"": ""9679K"", ""formulary"": ""F2"", ""brand_name"": ""Hadlima"", ""li_item_id"": ""9679K_10037_1189_5419_45576"", ""determined_price"": 444.17}",,,normal,PBS listing was present in the previous schedule and is now absent.,2026-08-30 02:00:11.220906+00
5507,1983062564,2092-01-01,delisted,9679K_10037_1189_5419_45951,9679K,2100003000,Amgevita,"{""pbs_code"": ""9679K"", ""formulary"": ""F2"", ""brand_name"": ""Amgevita"", ""li_item_id"": ""9679K_10037_1189_5419_45951"", ""determined_price"": 444.17}",,,normal,PBS listing was present in the previous schedule and is now absent.,2026-08-30 02:00:11.220906+00
5508,1983062564,2092-01-01,delisted,9679K_10037_1189_5419_49269,9679K,2100003000,Hyrimoz,"{""pbs_code"": ""9679K"", ""formulary"": ""F2"", ""brand_name"": ""Hyrimoz"", ""li_item_id"": ""9679K_10037_1189_5419_49269"", ""determined_price"": 444.17}",,,normal,PBS listing was present in the previous schedule and is now absent.,2026-08-30 02:00:11.220906+00
5509,1983062564,2092-01-01,delisted,9680L_7270_1189_5417_49267,9680L,2100003000,Hyrimoz,"{""pbs_code"": ""9680L"", ""formulary"": ""F2"", ""brand_name"": ""Hyrimoz"", ""li_item_id"": ""9680L_7270_1189_5417_49267"", ""determined_price"": 444.17}",,,normal,PBS listing was present in the previous schedule and is now absent.,2026-08-30 02:00:11.220906+00
5510,1983062564,2092-01-01,delisted,9680L_7270_1189_5417_50918,9680L,2100003000,Hadlima,"{""pbs_code"": ""9680L"", ""formulary"": ""F2"", ""brand_name"": ""Hadlima"", ""li_item_id"": ""9680L_7270_1189_5417_50918"", ""determined_price"": 444.17}",,,normal,PBS listing was present in the previous schedule and is now absent.,2026-08-30 02:00:11.220906+00
5511,1983062564,2092-01-01,delisted,9680L_7270_1189_5417_51588,9680L,2100003000,Amgevita,"{""pbs_code"": ""9680L"", ""formulary"": ""F2"", ""brand_name"": ""Amgevita"", ""li_item_id"": ""9680L_7270_1189_5417_51588"", ""determined_price"": 444.17}",,,normal,PBS listing was present in the previous schedule and is now absent.,2026-08-30 02:00:11.220906+00
5512,1983062564,2092-01-01,delisted,9680L_7270_1189_5417_54286,9680L,2100003000,Abrilada,"{""pbs_code"": ""9680L"", ""formulary"": ""F2"", ""brand_name"": ""Abrilada"", ""li_item_id"": ""9680L_7270_1189_5417_54286"", ""determined_price"": 444.17}",,,normal,PBS listing was present in the previous schedule and is now absent.,2026-08-30 02:00:11.220906+00
5513,1983062564,2092-01-01,delisted,10474G_13026_29090_29103_29105,10474G,1000000,Vyvanse,"{""pbs_code"": ""10474G"", ""formulary"": ""F1"", ""brand_name"": ""Vyvanse"", ""li_item_id"": ""10474G_13026_29090_29103_29105"", ""determined_price"": 24.94}",,,normal,PBS listing was present in the previous schedule and is now absent.,2026-08-30 02:00:11.220906+00
5514,1983062564,2092-01-01,delisted,10486X_13006_29090_29093_33251,10486X,1000000,Vyvanse,"{""pbs_code"": ""10486X"", ""formulary"": ""F1"", ""brand_name"": ""Vyvanse"", ""li_item_id"": ""10486X_13006_29090_29093_33251"", ""determined_price"": 24.94}",,,normal,PBS listing was present in the previous schedule and is now absent.,2026-08-30 02:00:11.220906+00
5515,1983062564,2092-01-01,delisted,10492F_13046_29090_29098_29100,10492F,1000000,Vyvanse,"{""pbs_code"": ""10492F"", ""formulary"": ""F1"", ""brand_name"": ""Vyvanse"", ""li_item_id"": ""10492F_13046_29090_29098_29100"", ""determined_price"": 24.94}",,,normal,PBS listing was present in the previous schedule and is now absent.,2026-08-30 02:00:11.220906+00
5516,1983062564,2092-01-01,delisted,11884L_23246_29090_47911_48113,11884L,1000000,Vyvanse,"{""pbs_code"": ""11884L"", ""formulary"": ""F1"", ""brand_name"": ""Vyvanse"", ""li_item_id"": ""11884L_23246_29090_47911_48113"", ""determined_price"": 24.94}",,,normal,PBS listing was present in the previous schedule and is now absent.,2026-08-30 02:00:11.220906+00
5517,1983062564,2092-01-01,delisted,11897E_23248_29090_47922_48115,11897E,1000000,Vyvanse,"{""pbs_code"": ""11897E"", ""formulary"": ""F1"", ""brand_name"": ""Vyvanse"", ""li_item_id"": ""11897E_23248_29090_47922_48115"", ""determined_price"": 24.94}",,,normal,PBS listing was present in the previous schedule and is now absent.,2026-08-30 02:00:11.220906+00
5518,1983062564,2092-01-01,delisted,11898F_23247_29090_47917_48114,11898F,1000000,Vyvanse,"{""pbs_code"": ""11898F"", ""formulary"": ""F1"", ""brand_name"": ""Vyvanse"", ""li_item_id"": ""11898F_23247_29090_47917_48114"", ""determined_price"": 24.94}",,,normal,PBS listing was present in the previous schedule and is now absent.,2026-08-30 02:00:11.220906+00
5519,1983062564,2092-01-01,delisted,11440D_21571_42658_42671_42677,11440D,2100002978,Intuniv,"{""pbs_code"": ""11440D"", ""formulary"": ""F2"", ""brand_name"": ""Intuniv"", ""li_item_id"": ""11440D_21571_42658_42671_42677"", ""determined_price"": 24.1}",,,normal,PBS listing was present in the previous schedule and is now absent.,2026-08-30 02:00:11.220906+00
5520,1983062564,2092-01-01,delisted,11440D_21571_42658_42671_68890,11440D,2100002978,Guanfacine Sandoz,"{""pbs_code"": ""11440D"", ""formulary"": ""F2"", ""brand_name"": ""Guanfacine Sandoz"", ""li_item_id"": ""11440D_21571_42658_42671_68890"", ""determined_price"": 24.1}",,,normal,PBS listing was present in the previous schedule and is now absent.,2026-08-30 02:00:11.220906+00
5521,1983062564,2092-01-01,delisted,11440D_21571_42658_42671_68891,11440D,2100002978,Guanfacine Viatris,"{""pbs_code"": ""11440D"", ""formulary"": ""F2"", ""brand_name"": ""Guanfacine Viatris"", ""li_item_id"": ""11440D_21571_42658_42671_68891"", ""determined_price"": 24.1}",,,normal,PBS listing was present in the previous schedule and is now absent.,2026-08-30 02:00:11.220906+00
5522,1983062564,2092-01-01,delisted,11441E_21572_42658_42673_42680,11441E,2100002978,Intuniv,"{""pbs_code"": ""11441E"", ""formulary"": ""F2"", ""brand_name"": ""Intuniv"", ""li_item_id"": ""11441E_21572_42658_42673_42680"", ""determined_price"": 24.1}",,,normal,PBS listing was present in the previous schedule and is now absent.,2026-08-30 02:00:11.220906+00
5523,1983062564,2092-01-01,delisted,11441E_21572_42658_42673_68892,11441E,2100002978,Guanfacine Sandoz,"{""pbs_code"": ""11441E"", ""formulary"": ""F2"", ""brand_name"": ""Guanfacine Sandoz"", ""li_item_id"": ""11441E_21572_42658_42673_68892"", ""determined_price"": 24.1}",,,normal,PBS listing was present in the previous schedule and is now absent.,2026-08-30 02:00:11.220906+00
5524,1983062564,2092-01-01,delisted,11441E_21572_42658_42673_68893,11441E,2100002978,Guanfacine Viatris,"{""pbs_code"": ""11441E"", ""formulary"": ""F2"", ""brand_name"": ""Guanfacine Viatris"", ""li_item_id"": ""11441E_21572_42658_42673_68893"", ""determined_price"": 24.1}",,,normal,PBS listing was present in the previous schedule and is now absent.,2026-08-30 02:00:11.220906+00
5525,1983062564,2092-01-01,delisted,11451Q_21570_42658_42669_42676,11451Q,2100002978,Intuniv,"{""pbs_code"": ""11451Q"", ""formulary"": ""F2"", ""brand_name"": ""Intuniv"", ""li_item_id"": ""11451Q_21570_42658_42669_42676"", ""determined_price"": 24.1}",,,normal,PBS listing was present in the previous schedule and is now absent.,2026-08-30 02:00:11.220906+00
5526,1983062564,2092-01-01,delisted,11451Q_21570_42658_42669_68888,11451Q,2100002978,Guanfacine Sandoz,"{""pbs_code"": ""11451Q"", ""formulary"": ""F2"", ""brand_name"": ""Guanfacine Sandoz"", ""li_item_id"": ""11451Q_21570_42658_42669_68888"", ""determined_price"": 24.1}",,,normal,PBS listing was present in the previous schedule and is now absent.,2026-08-30 02:00:11.220906+00
5527,1983062564,2092-01-01,delisted,11451Q_21570_42658_42669_68889,11451Q,2100002978,Guanfacine Viatris,"{""pbs_code"": ""11451Q"", ""formulary"": ""F2"", ""brand_name"": ""Guanfacine Viatris"", ""li_item_id"": ""11451Q_21570_42658_42669_68889"", ""determined_price"": 24.1}",,,normal,PBS listing was present in the previous schedule and is now absent.,2026-08-30 02:00:11.220906+00
5528,1983062564,2092-01-01,delisted,11452R_22513_42658_42667_42675,11452R,2100002978,Intuniv,"{""pbs_code"": ""11452R"", ""formulary"": ""F2"", ""brand_name"": ""Intuniv"", ""li_item_id"": ""11452R_22513_42658_42667_42675"", ""determined_price"": 24.1}",,,normal,PBS listing was present in the previous schedule and is now absent.,2026-08-30 02:00:11.220906+00
5529,1983062564,2092-01-01,delisted,11452R_22513_42658_42667_68886,11452R,2100002978,Guanfacine Sandoz,"{""pbs_code"": ""11452R"", ""formulary"": ""F2"", ""brand_name"": ""Guanfacine Sandoz"", ""li_item_id"": ""11452R_22513_42658_42667_68886"", ""determined_price"": 24.1}",,,normal,PBS listing was present in the previous schedule and is now absent.,2026-08-30 02:00:11.220906+00
5530,1983062564,2092-01-01,delisted,11452R_22513_42658_42667_68887,11452R,2100002978,Guanfacine Viatris,"{""pbs_code"": ""11452R"", ""formulary"": ""F2"", ""brand_name"": ""Guanfacine Viatris"", ""li_item_id"": ""11452R_22513_42658_42667_68887"", ""determined_price"": 24.1}",,,normal,PBS listing was present in the previous schedule and is now absent.,2026-08-30 02:00:11.220906+00
5531,1983062564,2092-01-01,delisted,11633G_10940_1341_5810_57133,11633G,1000003,Rivaroxaban Dr.Reddy's,"{""pbs_code"": ""11633G"", ""formulary"": ""F2"", ""brand_name"": ""Rivaroxaban Dr.Reddy's"", ""li_item_id"": ""11633G_10940_1341_5810_57133"", ""determined_price"": 11.39}",,,normal,PBS listing was present in the previous schedule and is now absent.,2026-08-30 02:00:11.220906+00
5532,1983062564,2092-01-01,delisted,11633G_10940_1341_5810_57142,11633G,1000003,iXarola,"{""pbs_code"": ""11633G"", ""formulary"": ""F2"", ""brand_name"": ""iXarola"", ""li_item_id"": ""11633G_10940_1341_5810_57142"", ""determined_price"": 11.39}",,,normal,PBS listing was present in the previous schedule and is now absent.,2026-08-30 02:00:11.220906+00
5533,1983062564,2092-01-01,delisted,11633G_10940_1341_5810_57148,11633G,1000003,Rivaroxaban Sandoz,"{""pbs_code"": ""11633G"", ""formulary"": ""F2"", ""brand_name"": ""Rivaroxaban Sandoz"", ""li_item_id"": ""11633G_10940_1341_5810_57148"", ""determined_price"": 11.39}",,,normal,PBS listing was present in the previous schedule and is now absent.,2026-08-30 02:00:11.220906+00
5534,1983062564,2092-01-01,delisted,11633G_10940_1341_5810_58524,11633G,1000003,Rivoxa,"{""pbs_code"": ""11633G"", ""formulary"": ""F2"", ""brand_name"": ""Rivoxa"", ""li_item_id"": ""11633G_10940_1341_5810_58524"", ""determined_price"": 11.39}",,,normal,PBS listing was present in the previous schedule and is now absent.,2026-08-30 02:00:11.220906+00
5535,1983062564,2092-01-01,delisted,11633G_10940_1341_5810_59086,11633G,1000003,Rivaroxaban-Teva,"{""pbs_code"": ""11633G"", ""formulary"": ""F2"", ""brand_name"": ""Rivaroxaban-Teva"", ""li_item_id"": ""11633G_10940_1341_5810_59086"", ""determined_price"": 11.39}",,,normal,PBS listing was present in the previous schedule and is now absent.,2026-08-30 02:00:11.220906+00
5536,1983062564,2092-01-01,delisted,11633G_10940_1341_5810_59294,11633G,1000003,ARX-Rivaroxaban 10,"{""pbs_code"": ""11633G"", ""formulary"": ""F2"", ""brand_name"": ""ARX-Rivaroxaban 10"", ""li_item_id"": ""11633G_10940_1341_5810_59294"", ""determined_price"": 11.39}",,,normal,PBS listing was present in the previous schedule and is now absent.,2026-08-30 02:00:11.220906+00
5537,1983062564,2092-01-01,delisted,11633G_10940_1341_5810_65899,11633G,1000003,Rivaroxaban Lupin,"{""pbs_code"": ""11633G"", ""formulary"": ""F2"", ""brand_name"": ""Rivaroxaban Lupin"", ""li_item_id"": ""11633G_10940_1341_5810_65899"", ""determined_price"": 11.39}",,,normal,PBS listing was present in the previous schedule and is now absent.,2026-08-30 02:00:11.220906+00
5538,1983062564,2092-01-01,delisted,11633G_10940_1341_5810_66068,11633G,1000003,RIVAXIB,"{""pbs_code"": ""11633G"", ""formulary"": ""F2"", ""brand_name"": ""RIVAXIB"", ""li_item_id"": ""11633G_10940_1341_5810_66068"", ""determined_price"": 11.39}",,,normal,PBS listing was present in the previous schedule and is now absent.,2026-08-30 02:00:11.220906+00
5539,1983062564,2092-01-01,delisted,11633G_10940_1341_5810_66285,11633G,1000003,APO-Rivaroxaban,"{""pbs_code"": ""11633G"", ""formulary"": ""F2"", ""brand_name"": ""APO-Rivaroxaban"", ""li_item_id"": ""11633G_10940_1341_5810_66285"", ""determined_price"": 11.39}",,,normal,PBS listing was present in the previous schedule and is now absent.,2026-08-30 02:00:11.220906+00
5540,1983062564,2092-01-01,delisted,11633G_10940_1341_5810_66289,11633G,1000003,Rivarelto,"{""pbs_code"": ""11633G"", ""formulary"": ""F2"", ""brand_name"": ""Rivarelto"", ""li_item_id"": ""11633G_10940_1341_5810_66289"", ""determined_price"": 11.39}",,,normal,PBS listing was present in the previous schedule and is now absent.,2026-08-30 02:00:11.220906+00
5541,1983062564,2092-01-01,delisted,11633G_10940_1341_5810_67867,11633G,1000003,XAREMED,"{""pbs_code"": ""11633G"", ""formulary"": ""F2"", ""brand_name"": ""XAREMED"", ""li_item_id"": ""11633G_10940_1341_5810_67867"", ""determined_price"": 11.39}",,,normal,PBS listing was present in the previous schedule and is now absent.,2026-08-30 02:00:11.220906+00
5542,1983062564,2092-01-01,delisted,11633G_10940_1341_5810_68915,11633G,1000003,TROXA,"{""pbs_code"": ""11633G"", ""formulary"": ""F2"", ""brand_name"": ""TROXA"", ""li_item_id"": ""11633G_10940_1341_5810_68915"", ""determined_price"": 11.39}",,,normal,PBS listing was present in the previous schedule and is now absent.,2026-08-30 02:00:11.220906+00
5543,1983062564,2092-01-01,delisted,11633G_10940_1341_5810_7079,11633G,1000003,Xarelto,"{""pbs_code"": ""11633G"", ""formulary"": ""F2"", ""brand_name"": ""Xarelto"", ""li_item_id"": ""11633G_10940_1341_5810_7079"", ""determined_price"": 11.39}",,,normal,PBS listing was present in the previous schedule and is now absent.,2026-08-30 02:00:11.220906+00
5544,1983062564,2092-01-01,delisted,12192Q_22877_1341_47000_47009,12192Q,1000003,Xarelto,"{""pbs_code"": ""12192Q"", ""formulary"": ""F2"", ""brand_name"": ""Xarelto"", ""li_item_id"": ""12192Q_22877_1341_47000_47009"", ""determined_price"": 20.11}",,,normal,PBS listing was present in the previous schedule and is now absent.,2026-08-30 02:00:11.220906+00
5545,1983062564,2092-01-01,delisted,12192Q_22877_1341_47000_58527,12192Q,1000003,RIVOXA,"{""pbs_code"": ""12192Q"", ""formulary"": ""F2"", ""brand_name"": ""RIVOXA"", ""li_item_id"": ""12192Q_22877_1341_47000_58527"", ""determined_price"": 20.11}",,,normal,PBS listing was present in the previous schedule and is now absent.,2026-08-30 02:00:11.220906+00
5546,1983062564,2092-01-01,delisted,12192Q_22877_1341_47000_59089,12192Q,1000003,Rivaroxaban-Teva,"{""pbs_code"": ""12192Q"", ""formulary"": ""F2"", ""brand_name"": ""Rivaroxaban-Teva"", ""li_item_id"": ""12192Q_22877_1341_47000_59089"", ""determined_price"": 20.11}",,,normal,PBS listing was present in the previous schedule and is now absent.,2026-08-30 02:00:11.220906+00
5547,1983062564,2092-01-01,delisted,12192Q_22877_1341_47000_59318,12192Q,1000003,Rivaroxaban Lupin,"{""pbs_code"": ""12192Q"", ""formulary"": ""F2"", ""brand_name"": ""Rivaroxaban Lupin"", ""li_item_id"": ""12192Q_22877_1341_47000_59318"", ""determined_price"": 20.11}",,,normal,PBS listing was present in the previous schedule and is now absent.,2026-08-30 02:00:11.220906+00
5548,1983062564,2092-01-01,delisted,12192Q_22877_1341_47000_66293,12192Q,1000003,APO-Rivaroxaban,"{""pbs_code"": ""12192Q"", ""formulary"": ""F2"", ""brand_name"": ""APO-Rivaroxaban"", ""li_item_id"": ""12192Q_22877_1341_47000_66293"", ""determined_price"": 20.11}",,,normal,PBS listing was present in the previous schedule and is now absent.,2026-08-30 02:00:11.220906+00
5549,1983062564,2092-01-01,delisted,12197Y_22877_1341_47000_47009,12197Y,1000003,Xarelto,"{""pbs_code"": ""12197Y"", ""formulary"": ""F2"", ""brand_name"": ""Xarelto"", ""li_item_id"": ""12197Y_22877_1341_47000_47009"", ""determined_price"": 20.11}",,,normal,PBS listing was present in the previous schedule and is now absent.,2026-08-30 02:00:11.220906+00
5550,1983062564,2092-01-01,delisted,12197Y_22877_1341_47000_58527,12197Y,1000003,RIVOXA,"{""pbs_code"": ""12197Y"", ""formulary"": ""F2"", ""brand_name"": ""RIVOXA"", ""li_item_id"": ""12197Y_22877_1341_47000_58527"", ""determined_price"": 20.11}",,,normal,PBS listing was present in the previous schedule and is now absent.,2026-08-30 02:00:11.220906+00
5551,1983062564,2092-01-01,delisted,12197Y_22877_1341_47000_59089,12197Y,1000003,Rivaroxaban-Teva,"{""pbs_code"": ""12197Y"", ""formulary"": ""F2"", ""brand_name"": ""Rivaroxaban-Teva"", ""li_item_id"": ""12197Y_22877_1341_47000_59089"", ""determined_price"": 20.11}",,,normal,PBS listing was present in the previous schedule and is now absent.,2026-08-30 02:00:11.220906+00
5552,1983062564,2092-01-01,delisted,12197Y_22877_1341_47000_59318,12197Y,1000003,Rivaroxaban Lupin,"{""pbs_code"": ""12197Y"", ""formulary"": ""F2"", ""brand_name"": ""Rivaroxaban Lupin"", ""li_item_id"": ""12197Y_22877_1341_47000_59318"", ""determined_price"": 20.11}",,,normal,PBS listing was present in the previous schedule and is now absent.,2026-08-30 02:00:11.220906+00
5553,1983062564,2092-01-01,delisted,12197Y_22877_1341_47000_66293,12197Y,1000003,APO-Rivaroxaban,"{""pbs_code"": ""12197Y"", ""formulary"": ""F2"", ""brand_name"": ""APO-Rivaroxaban"", ""li_item_id"": ""12197Y_22877_1341_47000_66293"", ""determined_price"": 20.11}",,,normal,PBS listing was present in the previous schedule and is now absent.,2026-08-30 02:00:11.220906+00
5554,1983062564,2092-01-01,delisted,13366L_22877_1341_47000_47009,13366L,1000003,Xarelto,"{""pbs_code"": ""13366L"", ""formulary"": ""F2"", ""brand_name"": ""Xarelto"", ""li_item_id"": ""13366L_22877_1341_47000_47009"", ""determined_price"": 20.11}",,,normal,PBS listing was present in the previous schedule and is now absent.,2026-08-30 02:00:11.220906+00
5555,1983062564,2092-01-01,delisted,13366L_22877_1341_47000_58527,13366L,1000003,RIVOXA,"{""pbs_code"": ""13366L"", ""formulary"": ""F2"", ""brand_name"": ""RIVOXA"", ""li_item_id"": ""13366L_22877_1341_47000_58527"", ""determined_price"": 20.11}",,,normal,PBS listing was present in the previous schedule and is now absent.,2026-08-30 02:00:11.220906+00
5556,1983062564,2092-01-01,delisted,13366L_22877_1341_47000_59089,13366L,1000003,Rivaroxaban-Teva,"{""pbs_code"": ""13366L"", ""formulary"": ""F2"", ""brand_name"": ""Rivaroxaban-Teva"", ""li_item_id"": ""13366L_22877_1341_47000_59089"", ""determined_price"": 20.11}",,,normal,PBS listing was present in the previous schedule and is now absent.,2026-08-30 02:00:11.220906+00
5557,1983062564,2092-01-01,delisted,13366L_22877_1341_47000_59318,13366L,1000003,Rivaroxaban Lupin,"{""pbs_code"": ""13366L"", ""formulary"": ""F2"", ""brand_name"": ""Rivaroxaban Lupin"", ""li_item_id"": ""13366L_22877_1341_47000_59318"", ""determined_price"": 20.11}",,,normal,PBS listing was present in the previous schedule and is now absent.,2026-08-30 02:00:11.220906+00
5558,1983062564,2092-01-01,delisted,13366L_22877_1341_47000_66293,13366L,1000003,APO-Rivaroxaban,"{""pbs_code"": ""13366L"", ""formulary"": ""F2"", ""brand_name"": ""APO-Rivaroxaban"", ""li_item_id"": ""13366L_22877_1341_47000_66293"", ""determined_price"": 20.11}",,,normal,PBS listing was present in the previous schedule and is now absent.,2026-08-30 02:00:11.220906+00
5559,1983062564,2092-01-01,delisted,13462M_11820_1341_25974_25977,13462M,1000003,Xarelto,"{""pbs_code"": ""13462M"", ""formulary"": ""F2"", ""brand_name"": ""Xarelto"", ""li_item_id"": ""13462M_11820_1341_25974_25977"", ""determined_price"": 19.81}",,,normal,PBS listing was present in the previous schedule and is now absent.,2026-08-30 02:00:11.220906+00
5560,1983062564,2092-01-01,delisted,13462M_11820_1341_25974_57136,13462M,1000003,Rivaroxaban Dr.Reddy's,"{""pbs_code"": ""13462M"", ""formulary"": ""F2"", ""brand_name"": ""Rivaroxaban Dr.Reddy's"", ""li_item_id"": ""13462M_11820_1341_25974_57136"", ""determined_price"": 19.81}",,,normal,PBS listing was present in the previous schedule and is now absent.,2026-08-30 02:00:11.220906+00
5561,1983062564,2092-01-01,delisted,13462M_11820_1341_25974_57144,13462M,1000003,iXarola,"{""pbs_code"": ""13462M"", ""formulary"": ""F2"", ""brand_name"": ""iXarola"", ""li_item_id"": ""13462M_11820_1341_25974_57144"", ""determined_price"": 19.81}",,,normal,PBS listing was present in the previous schedule and is now absent.,2026-08-30 02:00:11.220906+00
5562,1983062564,2092-01-01,delisted,13462M_11820_1341_25974_57151,13462M,1000003,Rivaroxaban Sandoz,"{""pbs_code"": ""13462M"", ""formulary"": ""F2"", ""brand_name"": ""Rivaroxaban Sandoz"", ""li_item_id"": ""13462M_11820_1341_25974_57151"", ""determined_price"": 19.81}",,,normal,PBS listing was present in the previous schedule and is now absent.,2026-08-30 02:00:11.220906+00
5563,1983062564,2092-01-01,delisted,13462M_11820_1341_25974_58528,13462M,1000003,Rivoxa,"{""pbs_code"": ""13462M"", ""formulary"": ""F2"", ""brand_name"": ""Rivoxa"", ""li_item_id"": ""13462M_11820_1341_25974_58528"", ""determined_price"": 19.81}",,,normal,PBS listing was present in the previous schedule and is now absent.,2026-08-30 02:00:11.220906+00
5564,1983062564,2092-01-01,delisted,13462M_11820_1341_25974_59090,13462M,1000003,Rivaroxaban-Teva,"{""pbs_code"": ""13462M"", ""formulary"": ""F2"", ""brand_name"": ""Rivaroxaban-Teva"", ""li_item_id"": ""13462M_11820_1341_25974_59090"", ""determined_price"": 19.81}",,,normal,PBS listing was present in the previous schedule and is now absent.,2026-08-30 02:00:11.220906+00
5565,1983062564,2092-01-01,delisted,13462M_11820_1341_25974_59297,13462M,1000003,ARX-Rivaroxaban 20,"{""pbs_code"": ""13462M"", ""formulary"": ""F2"", ""brand_name"": ""ARX-Rivaroxaban 20"", ""li_item_id"": ""13462M_11820_1341_25974_59297"", ""determined_price"": 19.81}",,,normal,PBS listing was present in the previous schedule and is now absent.,2026-08-30 02:00:11.220906+00
5566,1983062564,2092-01-01,delisted,13462M_11820_1341_25974_65900,13462M,1000003,Rivaroxaban Lupin,"{""pbs_code"": ""13462M"", ""formulary"": ""F2"", ""brand_name"": ""Rivaroxaban Lupin"", ""li_item_id"": ""13462M_11820_1341_25974_65900"", ""determined_price"": 19.81}",,,normal,PBS listing was present in the previous schedule and is now absent.,2026-08-30 02:00:11.220906+00
5567,1983062564,2092-01-01,delisted,13462M_11820_1341_25974_66071,13462M,1000003,RIVAXIB,"{""pbs_code"": ""13462M"", ""formulary"": ""F2"", ""brand_name"": ""RIVAXIB"", ""li_item_id"": ""13462M_11820_1341_25974_66071"", ""determined_price"": 19.81}",,,normal,PBS listing was present in the previous schedule and is now absent.,2026-08-30 02:00:11.220906+00
5568,1983062564,2092-01-01,delisted,13462M_11820_1341_25974_66288,13462M,1000003,APO-Rivaroxaban,"{""pbs_code"": ""13462M"", ""formulary"": ""F2"", ""brand_name"": ""APO-Rivaroxaban"", ""li_item_id"": ""13462M_11820_1341_25974_66288"", ""determined_price"": 19.81}",,,normal,PBS listing was present in the previous schedule and is now absent.,2026-08-30 02:00:11.220906+00
5569,1983062564,2092-01-01,delisted,13462M_11820_1341_25974_66292,13462M,1000003,Rivarelto,"{""pbs_code"": ""13462M"", ""formulary"": ""F2"", ""brand_name"": ""Rivarelto"", ""li_item_id"": ""13462M_11820_1341_25974_66292"", ""determined_price"": 19.81}",,,normal,PBS listing was present in the previous schedule and is now absent.,2026-08-30 02:00:11.220906+00
5570,1983062564,2092-01-01,delisted,13462M_11820_1341_25974_67870,13462M,1000003,XAREMED,"{""pbs_code"": ""13462M"", ""formulary"": ""F2"", ""brand_name"": ""XAREMED"", ""li_item_id"": ""13462M_11820_1341_25974_67870"", ""determined_price"": 19.81}",,,normal,PBS listing was present in the previous schedule and is now absent.,2026-08-30 02:00:11.220906+00
5571,1983062564,2092-01-01,delisted,13462M_11820_1341_25974_68919,13462M,1000003,TROXA,"{""pbs_code"": ""13462M"", ""formulary"": ""F2"", ""brand_name"": ""TROXA"", ""li_item_id"": ""13462M_11820_1341_25974_68919"", ""determined_price"": 19.81}",,,normal,PBS listing was present in the previous schedule and is now absent.,2026-08-30 02:00:11.220906+00
5572,1983062564,2092-01-01,delisted,13463N_10415_1341_30159_30161,13463N,1000003,Xarelto,"{""pbs_code"": ""13463N"", ""formulary"": ""F2"", ""brand_name"": ""Xarelto"", ""li_item_id"": ""13463N_10415_1341_30159_30161"", ""determined_price"": 20.05}",,,normal,PBS listing was present in the previous schedule and is now absent.,2026-08-30 02:00:11.220906+00
5573,1983062564,2092-01-01,delisted,13463N_10415_1341_30159_57134,13463N,1000003,Rivaroxaban Dr.Reddy's,"{""pbs_code"": ""13463N"", ""formulary"": ""F2"", ""brand_name"": ""Rivaroxaban Dr.Reddy's"", ""li_item_id"": ""13463N_10415_1341_30159_57134"", ""determined_price"": 20.05}",,,normal,PBS listing was present in the previous schedule and is now absent.,2026-08-30 02:00:11.220906+00
5574,1983062564,2092-01-01,delisted,13463N_10415_1341_30159_57143,13463N,1000003,iXarola,"{""pbs_code"": ""13463N"", ""formulary"": ""F2"", ""brand_name"": ""iXarola"", ""li_item_id"": ""13463N_10415_1341_30159_57143"", ""determined_price"": 20.05}",,,normal,PBS listing was present in the previous schedule and is now absent.,2026-08-30 02:00:11.220906+00
5575,1983062564,2092-01-01,delisted,13463N_10415_1341_30159_57149,13463N,1000003,Rivaroxaban Sandoz,"{""pbs_code"": ""13463N"", ""formulary"": ""F2"", ""brand_name"": ""Rivaroxaban Sandoz"", ""li_item_id"": ""13463N_10415_1341_30159_57149"", ""determined_price"": 20.05}",,,normal,PBS listing was present in the previous schedule and is now absent.,2026-08-30 02:00:11.220906+00
5576,1983062564,2092-01-01,delisted,13463N_10415_1341_30159_58525,13463N,1000003,Rivoxa,"{""pbs_code"": ""13463N"", ""formulary"": ""F2"", ""brand_name"": ""Rivoxa"", ""li_item_id"": ""13463N_10415_1341_30159_58525"", ""determined_price"": 20.05}",,,normal,PBS listing was present in the previous schedule and is now absent.,2026-08-30 02:00:11.220906+00
5577,1983062564,2092-01-01,delisted,13463N_10415_1341_30159_59087,13463N,1000003,Rivaroxaban-Teva,"{""pbs_code"": ""13463N"", ""formulary"": ""F2"", ""brand_name"": ""Rivaroxaban-Teva"", ""li_item_id"": ""13463N_10415_1341_30159_59087"", ""determined_price"": 20.05}",,,normal,PBS listing was present in the previous schedule and is now absent.,2026-08-30 02:00:11.220906+00
5578,1983062564,2092-01-01,delisted,13463N_10415_1341_30159_59295,13463N,1000003,ARX-Rivaroxaban 15,"{""pbs_code"": ""13463N"", ""formulary"": ""F2"", ""brand_name"": ""ARX-Rivaroxaban 15"", ""li_item_id"": ""13463N_10415_1341_30159_59295"", ""determined_price"": 20.05}",,,normal,PBS listing was present in the previous schedule and is now absent.,2026-08-30 02:00:11.220906+00
5579,1983062564,2092-01-01,delisted,13463N_10415_1341_30159_65898,13463N,1000003,Rivaroxaban Lupin,"{""pbs_code"": ""13463N"", ""formulary"": ""F2"", ""brand_name"": ""Rivaroxaban Lupin"", ""li_item_id"": ""13463N_10415_1341_30159_65898"", ""determined_price"": 20.05}",,,normal,PBS listing was present in the previous schedule and is now absent.,2026-08-30 02:00:11.220906+00
5580,1983062564,2092-01-01,delisted,13463N_10415_1341_30159_66069,13463N,1000003,RIVAXIB,"{""pbs_code"": ""13463N"", ""formulary"": ""F2"", ""brand_name"": ""RIVAXIB"", ""li_item_id"": ""13463N_10415_1341_30159_66069"", ""determined_price"": 20.05}",,,normal,PBS listing was present in the previous schedule and is now absent.,2026-08-30 02:00:11.220906+00
5581,1983062564,2092-01-01,delisted,13463N_10415_1341_30159_66286,13463N,1000003,APO-Rivaroxaban,"{""pbs_code"": ""13463N"", ""formulary"": ""F2"", ""brand_name"": ""APO-Rivaroxaban"", ""li_item_id"": ""13463N_10415_1341_30159_66286"", ""determined_price"": 20.05}",,,normal,PBS listing was present in the previous schedule and is now absent.,2026-08-30 02:00:11.220906+00
5582,1983062564,2092-01-01,delisted,13463N_10415_1341_30159_66290,13463N,1000003,Rivarelto,"{""pbs_code"": ""13463N"", ""formulary"": ""F2"", ""brand_name"": ""Rivarelto"", ""li_item_id"": ""13463N_10415_1341_30159_66290"", ""determined_price"": 20.05}",,,normal,PBS listing was present in the previous schedule and is now absent.,2026-08-30 02:00:11.220906+00
5583,1983062564,2092-01-01,delisted,13463N_10415_1341_30159_67868,13463N,1000003,XAREMED,"{""pbs_code"": ""13463N"", ""formulary"": ""F2"", ""brand_name"": ""XAREMED"", ""li_item_id"": ""13463N_10415_1341_30159_67868"", ""determined_price"": 20.05}",,,normal,PBS listing was present in the previous schedule and is now absent.,2026-08-30 02:00:11.220906+00
5584,1983062564,2092-01-01,delisted,13463N_10415_1341_30159_68916,13463N,1000003,TROXA,"{""pbs_code"": ""13463N"", ""formulary"": ""F2"", ""brand_name"": ""TROXA"", ""li_item_id"": ""13463N_10415_1341_30159_68916"", ""determined_price"": 20.05}",,,normal,PBS listing was present in the previous schedule and is now absent.,2026-08-30 02:00:11.220906+00
5585,1983062564,2092-01-01,delisted,13521P_10940_1341_5810_57133,13521P,1000003,Rivaroxaban Dr.Reddy's,"{""pbs_code"": ""13521P"", ""formulary"": ""F2"", ""brand_name"": ""Rivaroxaban Dr.Reddy's"", ""li_item_id"": ""13521P_10940_1341_5810_57133"", ""determined_price"": 11.39}",,,normal,PBS listing was present in the previous schedule and is now absent.,2026-08-30 02:00:11.220906+00
5586,1983062564,2092-01-01,delisted,13521P_10940_1341_5810_57142,13521P,1000003,iXarola,"{""pbs_code"": ""13521P"", ""formulary"": ""F2"", ""brand_name"": ""iXarola"", ""li_item_id"": ""13521P_10940_1341_5810_57142"", ""determined_price"": 11.39}",,,normal,PBS listing was present in the previous schedule and is now absent.,2026-08-30 02:00:11.220906+00
5587,1983062564,2092-01-01,delisted,13521P_10940_1341_5810_57148,13521P,1000003,Rivaroxaban Sandoz,"{""pbs_code"": ""13521P"", ""formulary"": ""F2"", ""brand_name"": ""Rivaroxaban Sandoz"", ""li_item_id"": ""13521P_10940_1341_5810_57148"", ""determined_price"": 11.39}",,,normal,PBS listing was present in the previous schedule and is now absent.,2026-08-30 02:00:11.220906+00
5588,1983062564,2092-01-01,delisted,13521P_10940_1341_5810_58524,13521P,1000003,Rivoxa,"{""pbs_code"": ""13521P"", ""formulary"": ""F2"", ""brand_name"": ""Rivoxa"", ""li_item_id"": ""13521P_10940_1341_5810_58524"", ""determined_price"": 11.39}",,,normal,PBS listing was present in the previous schedule and is now absent.,2026-08-30 02:00:11.220906+00
5589,1983062564,2092-01-01,delisted,13521P_10940_1341_5810_59086,13521P,1000003,Rivaroxaban-Teva,"{""pbs_code"": ""13521P"", ""formulary"": ""F2"", ""brand_name"": ""Rivaroxaban-Teva"", ""li_item_id"": ""13521P_10940_1341_5810_59086"", ""determined_price"": 11.39}",,,normal,PBS listing was present in the previous schedule and is now absent.,2026-08-30 02:00:11.220906+00
5590,1983062564,2092-01-01,delisted,13521P_10940_1341_5810_59294,13521P,1000003,ARX-Rivaroxaban 10,"{""pbs_code"": ""13521P"", ""formulary"": ""F2"", ""brand_name"": ""ARX-Rivaroxaban 10"", ""li_item_id"": ""13521P_10940_1341_5810_59294"", ""determined_price"": 11.39}",,,normal,PBS listing was present in the previous schedule and is now absent.,2026-08-30 02:00:11.220906+00
5591,1983062564,2092-01-01,delisted,13521P_10940_1341_5810_65899,13521P,1000003,Rivaroxaban Lupin,"{""pbs_code"": ""13521P"", ""formulary"": ""F2"", ""brand_name"": ""Rivaroxaban Lupin"", ""li_item_id"": ""13521P_10940_1341_5810_65899"", ""determined_price"": 11.39}",,,normal,PBS listing was present in the previous schedule and is now absent.,2026-08-30 02:00:11.220906+00
5592,1983062564,2092-01-01,delisted,13521P_10940_1341_5810_66068,13521P,1000003,RIVAXIB,"{""pbs_code"": ""13521P"", ""formulary"": ""F2"", ""brand_name"": ""RIVAXIB"", ""li_item_id"": ""13521P_10940_1341_5810_66068"", ""determined_price"": 11.39}",,,normal,PBS listing was present in the previous schedule and is now absent.,2026-08-30 02:00:11.220906+00
5593,1983062564,2092-01-01,delisted,13521P_10940_1341_5810_66285,13521P,1000003,APO-Rivaroxaban,"{""pbs_code"": ""13521P"", ""formulary"": ""F2"", ""brand_name"": ""APO-Rivaroxaban"", ""li_item_id"": ""13521P_10940_1341_5810_66285"", ""determined_price"": 11.39}",,,normal,PBS listing was present in the previous schedule and is now absent.,2026-08-30 02:00:11.220906+00
5594,1983062564,2092-01-01,delisted,13521P_10940_1341_5810_66289,13521P,1000003,Rivarelto,"{""pbs_code"": ""13521P"", ""formulary"": ""F2"", ""brand_name"": ""Rivarelto"", ""li_item_id"": ""13521P_10940_1341_5810_66289"", ""determined_price"": 11.39}",,,normal,PBS listing was present in the previous schedule and is now absent.,2026-08-30 02:00:11.220906+00
5595,1983062564,2092-01-01,delisted,13521P_10940_1341_5810_67867,13521P,1000003,XAREMED,"{""pbs_code"": ""13521P"", ""formulary"": ""F2"", ""brand_name"": ""XAREMED"", ""li_item_id"": ""13521P_10940_1341_5810_67867"", ""determined_price"": 11.39}",,,normal,PBS listing was present in the previous schedule and is now absent.,2026-08-30 02:00:11.220906+00
5596,1983062564,2092-01-01,delisted,13521P_10940_1341_5810_68915,13521P,1000003,TROXA,"{""pbs_code"": ""13521P"", ""formulary"": ""F2"", ""brand_name"": ""TROXA"", ""li_item_id"": ""13521P_10940_1341_5810_68915"", ""determined_price"": 11.39}",,,normal,PBS listing was present in the previous schedule and is now absent.,2026-08-30 02:00:11.220906+00
5597,1983062564,2092-01-01,delisted,13521P_10940_1341_5810_7079,13521P,1000003,Xarelto,"{""pbs_code"": ""13521P"", ""formulary"": ""F2"", ""brand_name"": ""Xarelto"", ""li_item_id"": ""13521P_10940_1341_5810_7079"", ""determined_price"": 11.39}",,,normal,PBS listing was present in the previous schedule and is now absent.,2026-08-30 02:00:11.220906+00
5598,1983062564,2092-01-01,delisted,14969W_30010_1341_66982_66984,14969W,1000003,Relaban,"{""pbs_code"": ""14969W"", ""formulary"": ""F2"", ""brand_name"": ""Relaban"", ""li_item_id"": ""14969W_30010_1341_66982_66984"", ""determined_price"": 26.99}",,,normal,PBS listing was present in the previous schedule and is now absent.,2026-08-30 02:00:11.220906+00
5599,1983062564,2092-01-01,delisted,14994E_30019_1341_66987_66989,14994E,1000003,Relaban,"{""pbs_code"": ""14994E"", ""formulary"": ""F2"", ""brand_name"": ""Relaban"", ""li_item_id"": ""14994E_30019_1341_66987_66989"", ""determined_price"": 26.66}",,,normal,PBS listing was present in the previous schedule and is now absent.,2026-08-30 02:00:11.220906+00
5600,1983062564,2092-01-01,delisted,15017J_30019_1341_66987_66989,15017J,1000003,Relaban,"{""pbs_code"": ""15017J"", ""formulary"": ""F2"", ""brand_name"": ""Relaban"", ""li_item_id"": ""15017J_30019_1341_66987_66989"", ""determined_price"": 26.66}",,,normal,PBS listing was present in the previous schedule and is now absent.,2026-08-30 02:00:11.220906+00
5601,1983062564,2092-01-01,delisted,15037K_30010_1341_66982_66984,15037K,1000003,Relaban,"{""pbs_code"": ""15037K"", ""formulary"": ""F2"", ""brand_name"": ""Relaban"", ""li_item_id"": ""15037K_30010_1341_66982_66984"", ""determined_price"": 26.99}",,,normal,PBS listing was present in the previous schedule and is now absent.,2026-08-30 02:00:11.220906+00
5602,1983062564,2092-01-01,delisted,2160Q_10415_1341_25972_25976,2160Q,1000003,Xarelto,"{""pbs_code"": ""2160Q"", ""formulary"": ""F2"", ""brand_name"": ""Xarelto"", ""li_item_id"": ""2160Q_10415_1341_25972_25976"", ""determined_price"": 20.05}",,,normal,PBS listing was present in the previous schedule and is now absent.,2026-08-30 02:00:11.220906+00
5603,1983062564,2092-01-01,delisted,2160Q_10415_1341_25972_57150,2160Q,1000003,Rivaroxaban Sandoz,"{""pbs_code"": ""2160Q"", ""formulary"": ""F2"", ""brand_name"": ""Rivaroxaban Sandoz"", ""li_item_id"": ""2160Q_10415_1341_25972_57150"", ""determined_price"": 20.05}",,,normal,PBS listing was present in the previous schedule and is now absent.,2026-08-30 02:00:11.220906+00
5604,1983062564,2092-01-01,delisted,2160Q_10415_1341_25972_58526,2160Q,1000003,Rivoxa,"{""pbs_code"": ""2160Q"", ""formulary"": ""F2"", ""brand_name"": ""Rivoxa"", ""li_item_id"": ""2160Q_10415_1341_25972_58526"", ""determined_price"": 20.05}",,,normal,PBS listing was present in the previous schedule and is now absent.,2026-08-30 02:00:11.220906+00
5605,1983062564,2092-01-01,delisted,2160Q_10415_1341_25972_59088,2160Q,1000003,Rivaroxaban-Teva,"{""pbs_code"": ""2160Q"", ""formulary"": ""F2"", ""brand_name"": ""Rivaroxaban-Teva"", ""li_item_id"": ""2160Q_10415_1341_25972_59088"", ""determined_price"": 20.05}",,,normal,PBS listing was present in the previous schedule and is now absent.,2026-08-30 02:00:11.220906+00
5606,1983062564,2092-01-01,delisted,2160Q_10415_1341_25972_59296,2160Q,1000003,ARX-Rivaroxaban 15,"{""pbs_code"": ""2160Q"", ""formulary"": ""F2"", ""brand_name"": ""ARX-Rivaroxaban 15"", ""li_item_id"": ""2160Q_10415_1341_25972_59296"", ""determined_price"": 20.05}",,,normal,PBS listing was present in the previous schedule and is now absent.,2026-08-30 02:00:11.220906+00
5607,1983062564,2092-01-01,delisted,2160Q_10415_1341_25972_65897,2160Q,1000003,Rivaroxaban Lupin,"{""pbs_code"": ""2160Q"", ""formulary"": ""F2"", ""brand_name"": ""Rivaroxaban Lupin"", ""li_item_id"": ""2160Q_10415_1341_25972_65897"", ""determined_price"": 20.05}",,,normal,PBS listing was present in the previous schedule and is now absent.,2026-08-30 02:00:11.220906+00
5608,1983062564,2092-01-01,delisted,2160Q_10415_1341_25972_66070,2160Q,1000003,RIVAXIB,"{""pbs_code"": ""2160Q"", ""formulary"": ""F2"", ""brand_name"": ""RIVAXIB"", ""li_item_id"": ""2160Q_10415_1341_25972_66070"", ""determined_price"": 20.05}",,,normal,PBS listing was present in the previous schedule and is now absent.,2026-08-30 02:00:11.220906+00
5609,1983062564,2092-01-01,delisted,2160Q_10415_1341_25972_66287,2160Q,1000003,APO-Rivaroxaban,"{""pbs_code"": ""2160Q"", ""formulary"": ""F2"", ""brand_name"": ""APO-Rivaroxaban"", ""li_item_id"": ""2160Q_10415_1341_25972_66287"", ""determined_price"": 20.05}",,,normal,PBS listing was present in the previous schedule and is now absent.,2026-08-30 02:00:11.220906+00
5610,1983062564,2092-01-01,delisted,2160Q_10415_1341_25972_66291,2160Q,1000003,Rivarelto,"{""pbs_code"": ""2160Q"", ""formulary"": ""F2"", ""brand_name"": ""Rivarelto"", ""li_item_id"": ""2160Q_10415_1341_25972_66291"", ""determined_price"": 20.05}",,,normal,PBS listing was present in the previous schedule and is now absent.,2026-08-30 02:00:11.220906+00
5611,1983062564,2092-01-01,delisted,2160Q_10415_1341_25972_67869,2160Q,1000003,XAREMED,"{""pbs_code"": ""2160Q"", ""formulary"": ""F2"", ""brand_name"": ""XAREMED"", ""li_item_id"": ""2160Q_10415_1341_25972_67869"", ""determined_price"": 20.05}",,,normal,PBS listing was present in the previous schedule and is now absent.,2026-08-30 02:00:11.220906+00
5612,1983062564,2092-01-01,delisted,2268J_11820_1341_25974_25977,2268J,1000003,Xarelto,"{""pbs_code"": ""2268J"", ""formulary"": ""F2"", ""brand_name"": ""Xarelto"", ""li_item_id"": ""2268J_11820_1341_25974_25977"", ""determined_price"": 19.81}",,,normal,PBS listing was present in the previous schedule and is now absent.,2026-08-30 02:00:11.220906+00
5613,1983062564,2092-01-01,delisted,2268J_11820_1341_25974_57136,2268J,1000003,Rivaroxaban Dr.Reddy's,"{""pbs_code"": ""2268J"", ""formulary"": ""F2"", ""brand_name"": ""Rivaroxaban Dr.Reddy's"", ""li_item_id"": ""2268J_11820_1341_25974_57136"", ""determined_price"": 19.81}",,,normal,PBS listing was present in the previous schedule and is now absent.,2026-08-30 02:00:11.220906+00
5614,1983062564,2092-01-01,delisted,2268J_11820_1341_25974_57144,2268J,1000003,iXarola,"{""pbs_code"": ""2268J"", ""formulary"": ""F2"", ""brand_name"": ""iXarola"", ""li_item_id"": ""2268J_11820_1341_25974_57144"", ""determined_price"": 19.81}",,,normal,PBS listing was present in the previous schedule and is now absent.,2026-08-30 02:00:11.220906+00
5615,1983062564,2092-01-01,delisted,2268J_11820_1341_25974_57151,2268J,1000003,Rivaroxaban Sandoz,"{""pbs_code"": ""2268J"", ""formulary"": ""F2"", ""brand_name"": ""Rivaroxaban Sandoz"", ""li_item_id"": ""2268J_11820_1341_25974_57151"", ""determined_price"": 19.81}",,,normal,PBS listing was present in the previous schedule and is now absent.,2026-08-30 02:00:11.220906+00
5616,1983062564,2092-01-01,delisted,2268J_11820_1341_25974_58528,2268J,1000003,Rivoxa,"{""pbs_code"": ""2268J"", ""formulary"": ""F2"", ""brand_name"": ""Rivoxa"", ""li_item_id"": ""2268J_11820_1341_25974_58528"", ""determined_price"": 19.81}",,,normal,PBS listing was present in the previous schedule and is now absent.,2026-08-30 02:00:11.220906+00
5617,1983062564,2092-01-01,delisted,2268J_11820_1341_25974_59090,2268J,1000003,Rivaroxaban-Teva,"{""pbs_code"": ""2268J"", ""formulary"": ""F2"", ""brand_name"": ""Rivaroxaban-Teva"", ""li_item_id"": ""2268J_11820_1341_25974_59090"", ""determined_price"": 19.81}",,,normal,PBS listing was present in the previous schedule and is now absent.,2026-08-30 02:00:11.220906+00
5618,1983062564,2092-01-01,delisted,2268J_11820_1341_25974_59297,2268J,1000003,ARX-Rivaroxaban 20,"{""pbs_code"": ""2268J"", ""formulary"": ""F2"", ""brand_name"": ""ARX-Rivaroxaban 20"", ""li_item_id"": ""2268J_11820_1341_25974_59297"", ""determined_price"": 19.81}",,,normal,PBS listing was present in the previous schedule and is now absent.,2026-08-30 02:00:11.220906+00
5619,1983062564,2092-01-01,delisted,2268J_11820_1341_25974_65900,2268J,1000003,Rivaroxaban Lupin,"{""pbs_code"": ""2268J"", ""formulary"": ""F2"", ""brand_name"": ""Rivaroxaban Lupin"", ""li_item_id"": ""2268J_11820_1341_25974_65900"", ""determined_price"": 19.81}",,,normal,PBS listing was present in the previous schedule and is now absent.,2026-08-30 02:00:11.220906+00
5620,1983062564,2092-01-01,delisted,2268J_11820_1341_25974_66071,2268J,1000003,RIVAXIB,"{""pbs_code"": ""2268J"", ""formulary"": ""F2"", ""brand_name"": ""RIVAXIB"", ""li_item_id"": ""2268J_11820_1341_25974_66071"", ""determined_price"": 19.81}",,,normal,PBS listing was present in the previous schedule and is now absent.,2026-08-30 02:00:11.220906+00
5621,1983062564,2092-01-01,delisted,2268J_11820_1341_25974_66288,2268J,1000003,APO-Rivaroxaban,"{""pbs_code"": ""2268J"", ""formulary"": ""F2"", ""brand_name"": ""APO-Rivaroxaban"", ""li_item_id"": ""2268J_11820_1341_25974_66288"", ""determined_price"": 19.81}",,,normal,PBS listing was present in the previous schedule and is now absent.,2026-08-30 02:00:11.220906+00
5622,1983062564,2092-01-01,delisted,2268J_11820_1341_25974_66292,2268J,1000003,Rivarelto,"{""pbs_code"": ""2268J"", ""formulary"": ""F2"", ""brand_name"": ""Rivarelto"", ""li_item_id"": ""2268J_11820_1341_25974_66292"", ""determined_price"": 19.81}",,,normal,PBS listing was present in the previous schedule and is now absent.,2026-08-30 02:00:11.220906+00
5623,1983062564,2092-01-01,delisted,2268J_11820_1341_25974_67870,2268J,1000003,XAREMED,"{""pbs_code"": ""2268J"", ""formulary"": ""F2"", ""brand_name"": ""XAREMED"", ""li_item_id"": ""2268J_11820_1341_25974_67870"", ""determined_price"": 19.81}",,,normal,PBS listing was present in the previous schedule and is now absent.,2026-08-30 02:00:11.220906+00
5624,1983062564,2092-01-01,delisted,2268J_11820_1341_25974_68919,2268J,1000003,TROXA,"{""pbs_code"": ""2268J"", ""formulary"": ""F2"", ""brand_name"": ""TROXA"", ""li_item_id"": ""2268J_11820_1341_25974_68919"", ""determined_price"": 19.81}",,,normal,PBS listing was present in the previous schedule and is now absent.,2026-08-30 02:00:11.220906+00
5625,1983062564,2092-01-01,delisted,2691P_10415_1341_30159_30161,2691P,1000003,Xarelto,"{""pbs_code"": ""2691P"", ""formulary"": ""F2"", ""brand_name"": ""Xarelto"", ""li_item_id"": ""2691P_10415_1341_30159_30161"", ""determined_price"": 20.05}",,,normal,PBS listing was present in the previous schedule and is now absent.,2026-08-30 02:00:11.220906+00
5626,1983062564,2092-01-01,delisted,2691P_10415_1341_30159_57134,2691P,1000003,Rivaroxaban Dr.Reddy's,"{""pbs_code"": ""2691P"", ""formulary"": ""F2"", ""brand_name"": ""Rivaroxaban Dr.Reddy's"", ""li_item_id"": ""2691P_10415_1341_30159_57134"", ""determined_price"": 20.05}",,,normal,PBS listing was present in the previous schedule and is now absent.,2026-08-30 02:00:11.220906+00
5627,1983062564,2092-01-01,delisted,2691P_10415_1341_30159_57143,2691P,1000003,iXarola,"{""pbs_code"": ""2691P"", ""formulary"": ""F2"", ""brand_name"": ""iXarola"", ""li_item_id"": ""2691P_10415_1341_30159_57143"", ""determined_price"": 20.05}",,,normal,PBS listing was present in the previous schedule and is now absent.,2026-08-30 02:00:11.220906+00
5628,1983062564,2092-01-01,delisted,2691P_10415_1341_30159_57149,2691P,1000003,Rivaroxaban Sandoz,"{""pbs_code"": ""2691P"", ""formulary"": ""F2"", ""brand_name"": ""Rivaroxaban Sandoz"", ""li_item_id"": ""2691P_10415_1341_30159_57149"", ""determined_price"": 20.05}",,,normal,PBS listing was present in the previous schedule and is now absent.,2026-08-30 02:00:11.220906+00
5629,1983062564,2092-01-01,delisted,2691P_10415_1341_30159_58525,2691P,1000003,Rivoxa,"{""pbs_code"": ""2691P"", ""formulary"": ""F2"", ""brand_name"": ""Rivoxa"", ""li_item_id"": ""2691P_10415_1341_30159_58525"", ""determined_price"": 20.05}",,,normal,PBS listing was present in the previous schedule and is now absent.,2026-08-30 02:00:11.220906+00
5630,1983062564,2092-01-01,delisted,2691P_10415_1341_30159_59087,2691P,1000003,Rivaroxaban-Teva,"{""pbs_code"": ""2691P"", ""formulary"": ""F2"", ""brand_name"": ""Rivaroxaban-Teva"", ""li_item_id"": ""2691P_10415_1341_30159_59087"", ""determined_price"": 20.05}",,,normal,PBS listing was present in the previous schedule and is now absent.,2026-08-30 02:00:11.220906+00
5631,1983062564,2092-01-01,delisted,2691P_10415_1341_30159_59295,2691P,1000003,ARX-Rivaroxaban 15,"{""pbs_code"": ""2691P"", ""formulary"": ""F2"", ""brand_name"": ""ARX-Rivaroxaban 15"", ""li_item_id"": ""2691P_10415_1341_30159_59295"", ""determined_price"": 20.05}",,,normal,PBS listing was present in the previous schedule and is now absent.,2026-08-30 02:00:11.220906+00
5632,1983062564,2092-01-01,delisted,2691P_10415_1341_30159_65898,2691P,1000003,Rivaroxaban Lupin,"{""pbs_code"": ""2691P"", ""formulary"": ""F2"", ""brand_name"": ""Rivaroxaban Lupin"", ""li_item_id"": ""2691P_10415_1341_30159_65898"", ""determined_price"": 20.05}",,,normal,PBS listing was present in the previous schedule and is now absent.,2026-08-30 02:00:11.220906+00
5633,1983062564,2092-01-01,delisted,2691P_10415_1341_30159_66069,2691P,1000003,RIVAXIB,"{""pbs_code"": ""2691P"", ""formulary"": ""F2"", ""brand_name"": ""RIVAXIB"", ""li_item_id"": ""2691P_10415_1341_30159_66069"", ""determined_price"": 20.05}",,,normal,PBS listing was present in the previous schedule and is now absent.,2026-08-30 02:00:11.220906+00
5634,1983062564,2092-01-01,delisted,2691P_10415_1341_30159_66286,2691P,1000003,APO-Rivaroxaban,"{""pbs_code"": ""2691P"", ""formulary"": ""F2"", ""brand_name"": ""APO-Rivaroxaban"", ""li_item_id"": ""2691P_10415_1341_30159_66286"", ""determined_price"": 20.05}",,,normal,PBS listing was present in the previous schedule and is now absent.,2026-08-30 02:00:11.220906+00
5635,1983062564,2092-01-01,delisted,2691P_10415_1341_30159_66290,2691P,1000003,Rivarelto,"{""pbs_code"": ""2691P"", ""formulary"": ""F2"", ""brand_name"": ""Rivarelto"", ""li_item_id"": ""2691P_10415_1341_30159_66290"", ""determined_price"": 20.05}",,,normal,PBS listing was present in the previous schedule and is now absent.,2026-08-30 02:00:11.220906+00
5636,1983062564,2092-01-01,delisted,2691P_10415_1341_30159_67868,2691P,1000003,XAREMED,"{""pbs_code"": ""2691P"", ""formulary"": ""F2"", ""brand_name"": ""XAREMED"", ""li_item_id"": ""2691P_10415_1341_30159_67868"", ""determined_price"": 20.05}",,,normal,PBS listing was present in the previous schedule and is now absent.,2026-08-30 02:00:11.220906+00
5637,1983062564,2092-01-01,delisted,2691P_10415_1341_30159_68916,2691P,1000003,TROXA,"{""pbs_code"": ""2691P"", ""formulary"": ""F2"", ""brand_name"": ""TROXA"", ""li_item_id"": ""2691P_10415_1341_30159_68916"", ""determined_price"": 20.05}",,,normal,PBS listing was present in the previous schedule and is now absent.,2026-08-30 02:00:11.220906+00
5638,1983062564,2092-01-01,delisted,9466F_10940_1341_15523_15330,9466F,1000003,Xarelto,"{""pbs_code"": ""9466F"", ""formulary"": ""F2"", ""brand_name"": ""Xarelto"", ""li_item_id"": ""9466F_10940_1341_15523_15330"", ""determined_price"": 11.39}",,,normal,PBS listing was present in the previous schedule and is now absent.,2026-08-30 02:00:11.220906+00
5639,1983062564,2092-01-01,delisted,9466F_10940_1341_15523_59293,9466F,1000003,ARX-Rivaroxaban 10,"{""pbs_code"": ""9466F"", ""formulary"": ""F2"", ""brand_name"": ""ARX-Rivaroxaban 10"", ""li_item_id"": ""9466F_10940_1341_15523_59293"", ""determined_price"": 11.39}",,,normal,PBS listing was present in the previous schedule and is now absent.,2026-08-30 02:00:11.220906+00
5640,1983062564,2092-01-01,delisted,9466F_10940_1341_15523_66284,9466F,1000003,APO-Rivaroxaban,"{""pbs_code"": ""9466F"", ""formulary"": ""F2"", ""brand_name"": ""APO-Rivaroxaban"", ""li_item_id"": ""9466F_10940_1341_15523_66284"", ""determined_price"": 11.39}",,,normal,PBS listing was present in the previous schedule and is now absent.,2026-08-30 02:00:11.220906+00
5641,1983062564,2092-01-01,delisted,9466F_10940_1341_15523_67045,9466F,1000003,RIVAXIB,"{""pbs_code"": ""9466F"", ""formulary"": ""F2"", ""brand_name"": ""RIVAXIB"", ""li_item_id"": ""9466F_10940_1341_15523_67045"", ""determined_price"": 11.39}",,,normal,PBS listing was present in the previous schedule and is now absent.,2026-08-30 02:00:11.220906+00
5642,1983062564,2092-01-01,delisted,9466F_10940_1341_15523_67871,9466F,1000003,XAREMED,"{""pbs_code"": ""9466F"", ""formulary"": ""F2"", ""brand_name"": ""XAREMED"", ""li_item_id"": ""9466F_10940_1341_15523_67871"", ""determined_price"": 11.39}",,,normal,PBS listing was present in the previous schedule and is now absent.,2026-08-30 02:00:11.220906+00
5643,1983062564,2092-01-01,delisted,9467G_10940_1341_5810_57133,9467G,1000003,Rivaroxaban Dr.Reddy's,"{""pbs_code"": ""9467G"", ""formulary"": ""F2"", ""brand_name"": ""Rivaroxaban Dr.Reddy's"", ""li_item_id"": ""9467G_10940_1341_5810_57133"", ""determined_price"": 11.39}",,,normal,PBS listing was present in the previous schedule and is now absent.,2026-08-30 02:00:11.220906+00
5644,1983062564,2092-01-01,delisted,9467G_10940_1341_5810_57142,9467G,1000003,iXarola,"{""pbs_code"": ""9467G"", ""formulary"": ""F2"", ""brand_name"": ""iXarola"", ""li_item_id"": ""9467G_10940_1341_5810_57142"", ""determined_price"": 11.39}",,,normal,PBS listing was present in the previous schedule and is now absent.,2026-08-30 02:00:11.220906+00
5645,1983062564,2092-01-01,delisted,9467G_10940_1341_5810_57148,9467G,1000003,Rivaroxaban Sandoz,"{""pbs_code"": ""9467G"", ""formulary"": ""F2"", ""brand_name"": ""Rivaroxaban Sandoz"", ""li_item_id"": ""9467G_10940_1341_5810_57148"", ""determined_price"": 11.39}",,,normal,PBS listing was present in the previous schedule and is now absent.,2026-08-30 02:00:11.220906+00
5646,1983062564,2092-01-01,delisted,9467G_10940_1341_5810_58524,9467G,1000003,Rivoxa,"{""pbs_code"": ""9467G"", ""formulary"": ""F2"", ""brand_name"": ""Rivoxa"", ""li_item_id"": ""9467G_10940_1341_5810_58524"", ""determined_price"": 11.39}",,,normal,PBS listing was present in the previous schedule and is now absent.,2026-08-30 02:00:11.220906+00
5647,1983062564,2092-01-01,delisted,9467G_10940_1341_5810_59086,9467G,1000003,Rivaroxaban-Teva,"{""pbs_code"": ""9467G"", ""formulary"": ""F2"", ""brand_name"": ""Rivaroxaban-Teva"", ""li_item_id"": ""9467G_10940_1341_5810_59086"", ""determined_price"": 11.39}",,,normal,PBS listing was present in the previous schedule and is now absent.,2026-08-30 02:00:11.220906+00
5648,1983062564,2092-01-01,delisted,9467G_10940_1341_5810_59294,9467G,1000003,ARX-Rivaroxaban 10,"{""pbs_code"": ""9467G"", ""formulary"": ""F2"", ""brand_name"": ""ARX-Rivaroxaban 10"", ""li_item_id"": ""9467G_10940_1341_5810_59294"", ""determined_price"": 11.39}",,,normal,PBS listing was present in the previous schedule and is now absent.,2026-08-30 02:00:11.220906+00
5649,1983062564,2092-01-01,delisted,9467G_10940_1341_5810_65899,9467G,1000003,Rivaroxaban Lupin,"{""pbs_code"": ""9467G"", ""formulary"": ""F2"", ""brand_name"": ""Rivaroxaban Lupin"", ""li_item_id"": ""9467G_10940_1341_5810_65899"", ""determined_price"": 11.39}",,,normal,PBS listing was present in the previous schedule and is now absent.,2026-08-30 02:00:11.220906+00
5650,1983062564,2092-01-01,delisted,9467G_10940_1341_5810_66068,9467G,1000003,RIVAXIB,"{""pbs_code"": ""9467G"", ""formulary"": ""F2"", ""brand_name"": ""RIVAXIB"", ""li_item_id"": ""9467G_10940_1341_5810_66068"", ""determined_price"": 11.39}",,,normal,PBS listing was present in the previous schedule and is now absent.,2026-08-30 02:00:11.220906+00
5651,1983062564,2092-01-01,delisted,9467G_10940_1341_5810_66285,9467G,1000003,APO-Rivaroxaban,"{""pbs_code"": ""9467G"", ""formulary"": ""F2"", ""brand_name"": ""APO-Rivaroxaban"", ""li_item_id"": ""9467G_10940_1341_5810_66285"", ""determined_price"": 11.39}",,,normal,PBS listing was present in the previous schedule and is now absent.,2026-08-30 02:00:11.220906+00
5652,1983062564,2092-01-01,delisted,9467G_10940_1341_5810_66289,9467G,1000003,Rivarelto,"{""pbs_code"": ""9467G"", ""formulary"": ""F2"", ""brand_name"": ""Rivarelto"", ""li_item_id"": ""9467G_10940_1341_5810_66289"", ""determined_price"": 11.39}",,,normal,PBS listing was present in the previous schedule and is now absent.,2026-08-30 02:00:11.220906+00
5653,1983062564,2092-01-01,delisted,9467G_10940_1341_5810_67867,9467G,1000003,XAREMED,"{""pbs_code"": ""9467G"", ""formulary"": ""F2"", ""brand_name"": ""XAREMED"", ""li_item_id"": ""9467G_10940_1341_5810_67867"", ""determined_price"": 11.39}",,,normal,PBS listing was present in the previous schedule and is now absent.,2026-08-30 02:00:11.220906+00
5654,1983062564,2092-01-01,delisted,9467G_10940_1341_5810_68915,9467G,1000003,TROXA,"{""pbs_code"": ""9467G"", ""formulary"": ""F2"", ""brand_name"": ""TROXA"", ""li_item_id"": ""9467G_10940_1341_5810_68915"", ""determined_price"": 11.39}",,,normal,PBS listing was present in the previous schedule and is now absent.,2026-08-30 02:00:11.220906+00
5655,1983062564,2092-01-01,delisted,9467G_10940_1341_5810_7079,9467G,1000003,Xarelto,"{""pbs_code"": ""9467G"", ""formulary"": ""F2"", ""brand_name"": ""Xarelto"", ""li_item_id"": ""9467G_10940_1341_5810_7079"", ""determined_price"": 11.39}",,,normal,PBS listing was present in the previous schedule and is now absent.,2026-08-30 02:00:11.220906+00
5656,1983062564,2092-01-01,delisted,9469J_10940_1341_15523_15330,9469J,1000003,Xarelto,"{""pbs_code"": ""9469J"", ""formulary"": ""F2"", ""brand_name"": ""Xarelto"", ""li_item_id"": ""9469J_10940_1341_15523_15330"", ""determined_price"": 11.39}",,,normal,PBS listing was present in the previous schedule and is now absent.,2026-08-30 02:00:11.220906+00
5657,1983062564,2092-01-01,delisted,9469J_10940_1341_15523_59293,9469J,1000003,ARX-Rivaroxaban 10,"{""pbs_code"": ""9469J"", ""formulary"": ""F2"", ""brand_name"": ""ARX-Rivaroxaban 10"", ""li_item_id"": ""9469J_10940_1341_15523_59293"", ""determined_price"": 11.39}",,,normal,PBS listing was present in the previous schedule and is now absent.,2026-08-30 02:00:11.220906+00
5658,1983062564,2092-01-01,delisted,9469J_10940_1341_15523_66284,9469J,1000003,APO-Rivaroxaban,"{""pbs_code"": ""9469J"", ""formulary"": ""F2"", ""brand_name"": ""APO-Rivaroxaban"", ""li_item_id"": ""9469J_10940_1341_15523_66284"", ""determined_price"": 11.39}",,,normal,PBS listing was present in the previous schedule and is now absent.,2026-08-30 02:00:11.220906+00
5659,1983062564,2092-01-01,delisted,9469J_10940_1341_15523_67045,9469J,1000003,RIVAXIB,"{""pbs_code"": ""9469J"", ""formulary"": ""F2"", ""brand_name"": ""RIVAXIB"", ""li_item_id"": ""9469J_10940_1341_15523_67045"", ""determined_price"": 11.39}",,,normal,PBS listing was present in the previous schedule and is now absent.,2026-08-30 02:00:11.220906+00
5660,1983062564,2092-01-01,delisted,9469J_10940_1341_15523_67871,9469J,1000003,XAREMED,"{""pbs_code"": ""9469J"", ""formulary"": ""F2"", ""brand_name"": ""XAREMED"", ""li_item_id"": ""9469J_10940_1341_15523_67871"", ""determined_price"": 11.39}",,,normal,PBS listing was present in the previous schedule and is now absent.,2026-08-30 02:00:11.220906+00
5661,1983062564,2092-01-01,delisted,13406N_10828_1247_5567_28371,13406N,1000001,Rosuvastatin Sandoz,"{""pbs_code"": ""13406N"", ""formulary"": ""F2"", ""brand_name"": ""Rosuvastatin Sandoz"", ""li_item_id"": ""13406N_10828_1247_5567_28371"", ""determined_price"": 2.5}",,,normal,PBS listing was present in the previous schedule and is now absent.,2026-08-30 02:00:11.220906+00
5662,1983062564,2092-01-01,delisted,13406N_10828_1247_5567_28769,13406N,1000001,Rosuvastatin RBX,"{""pbs_code"": ""13406N"", ""formulary"": ""F2"", ""brand_name"": ""Rosuvastatin RBX"", ""li_item_id"": ""13406N_10828_1247_5567_28769"", ""determined_price"": 2.5}",,,normal,PBS listing was present in the previous schedule and is now absent.,2026-08-30 02:00:11.220906+00
5663,1983062564,2092-01-01,delisted,13406N_10828_1247_5567_28773,13406N,1000001,APO-ROSUVASTATIN,"{""pbs_code"": ""13406N"", ""formulary"": ""F2"", ""brand_name"": ""APO-ROSUVASTATIN"", ""li_item_id"": ""13406N_10828_1247_5567_28773"", ""determined_price"": 2.5}",,,normal,PBS listing was present in the previous schedule and is now absent.,2026-08-30 02:00:11.220906+00
5664,1983062564,2092-01-01,delisted,13406N_10828_1247_5567_28785,13406N,1000001,Cavstat,"{""pbs_code"": ""13406N"", ""formulary"": ""F2"", ""brand_name"": ""Cavstat"", ""li_item_id"": ""13406N_10828_1247_5567_28785"", ""determined_price"": 2.5}",,,normal,PBS listing was present in the previous schedule and is now absent.,2026-08-30 02:00:11.220906+00
5665,1983062564,2092-01-01,delisted,13406N_10828_1247_5567_31846,13406N,1000001,Crosuva 5,"{""pbs_code"": ""13406N"", ""formulary"": ""F2"", ""brand_name"": ""Crosuva 5"", ""li_item_id"": ""13406N_10828_1247_5567_31846"", ""determined_price"": 2.5}",,,normal,PBS listing was present in the previous schedule and is now absent.,2026-08-30 02:00:11.220906+00
5666,1983062564,2092-01-01,delisted,13406N_10828_1247_5567_44135,13406N,1000001,Pharmacor Rosuvastatin 5,"{""pbs_code"": ""13406N"", ""formulary"": ""F2"", ""brand_name"": ""Pharmacor Rosuvastatin 5"", ""li_item_id"": ""13406N_10828_1247_5567_44135"", ""determined_price"": 2.5}",,,normal,PBS listing was present in the previous schedule and is now absent.,2026-08-30 02:00:11.220906+00
5667,1983062564,2092-01-01,delisted,13406N_10828_1247_5567_51470,13406N,1000001,Rosuvastatin Lupin,"{""pbs_code"": ""13406N"", ""formulary"": ""F2"", ""brand_name"": ""Rosuvastatin Lupin"", ""li_item_id"": ""13406N_10828_1247_5567_51470"", ""determined_price"": 2.5}",,,normal,PBS listing was present in the previous schedule and is now absent.,2026-08-30 02:00:11.220906+00
5668,1983062564,2092-01-01,delisted,13406N_10828_1247_5567_52067,13406N,1000001,APX-Rosuvastatin,"{""pbs_code"": ""13406N"", ""formulary"": ""F2"", ""brand_name"": ""APX-Rosuvastatin"", ""li_item_id"": ""13406N_10828_1247_5567_52067"", ""determined_price"": 2.5}",,,normal,PBS listing was present in the previous schedule and is now absent.,2026-08-30 02:00:11.220906+00
5669,1983062564,2092-01-01,delisted,13406N_10828_1247_5567_56720,13406N,1000001,Blooms Rosuvastatin,"{""pbs_code"": ""13406N"", ""formulary"": ""F2"", ""brand_name"": ""Blooms Rosuvastatin"", ""li_item_id"": ""13406N_10828_1247_5567_56720"", ""determined_price"": 2.5}",,,normal,PBS listing was present in the previous schedule and is now absent.,2026-08-30 02:00:11.220906+00
5670,1983062564,2092-01-01,delisted,13406N_10828_1247_5567_58390,13406N,1000001,ROSUVASTATIN-WGR,"{""pbs_code"": ""13406N"", ""formulary"": ""F2"", ""brand_name"": ""ROSUVASTATIN-WGR"", ""li_item_id"": ""13406N_10828_1247_5567_58390"", ""determined_price"": 2.5}",,,normal,PBS listing was present in the previous schedule and is now absent.,2026-08-30 02:00:11.220906+00
5671,1983062564,2092-01-01,delisted,13406N_10828_1247_5567_6749,13406N,1000001,Crestor,"{""pbs_code"": ""13406N"", ""formulary"": ""F2"", ""brand_name"": ""Crestor"", ""li_item_id"": ""13406N_10828_1247_5567_6749"", ""determined_price"": 2.5}",,,normal,PBS listing was present in the previous schedule and is now absent.,2026-08-30 02:00:11.220906+00
5672,1983062564,2092-01-01,delisted,13586C_8808_1247_5561_28372,13586C,1000001,Rosuvastatin Sandoz,"{""pbs_code"": ""13586C"", ""formulary"": ""F2"", ""brand_name"": ""Rosuvastatin Sandoz"", ""li_item_id"": ""13586C_8808_1247_5561_28372"", ""determined_price"": 3.5}",,,normal,PBS listing was present in the previous schedule and is now absent.,2026-08-30 02:00:11.220906+00
5673,1983062564,2092-01-01,delisted,13586C_8808_1247_5561_28770,13586C,1000001,Rosuvastatin RBX,"{""pbs_code"": ""13586C"", ""formulary"": ""F2"", ""brand_name"": ""Rosuvastatin RBX"", ""li_item_id"": ""13586C_8808_1247_5561_28770"", ""determined_price"": 3.5}",,,normal,PBS listing was present in the previous schedule and is now absent.,2026-08-30 02:00:11.220906+00
5674,1983062564,2092-01-01,delisted,13586C_8808_1247_5561_28776,13586C,1000001,APO-ROSUVASTATIN,"{""pbs_code"": ""13586C"", ""formulary"": ""F2"", ""brand_name"": ""APO-ROSUVASTATIN"", ""li_item_id"": ""13586C_8808_1247_5561_28776"", ""determined_price"": 3.5}",,,normal,PBS listing was present in the previous schedule and is now absent.,2026-08-30 02:00:11.220906+00
5675,1983062564,2092-01-01,delisted,13586C_8808_1247_5561_28786,13586C,1000001,Cavstat,"{""pbs_code"": ""13586C"", ""formulary"": ""F2"", ""brand_name"": ""Cavstat"", ""li_item_id"": ""13586C_8808_1247_5561_28786"", ""determined_price"": 3.5}",,,normal,PBS listing was present in the previous schedule and is now absent.,2026-08-30 02:00:11.220906+00
5676,1983062564,2092-01-01,delisted,13586C_8808_1247_5561_31849,13586C,1000001,Crosuva 10,"{""pbs_code"": ""13586C"", ""formulary"": ""F2"", ""brand_name"": ""Crosuva 10"", ""li_item_id"": ""13586C_8808_1247_5561_31849"", ""determined_price"": 3.5}",,,normal,PBS listing was present in the previous schedule and is now absent.,2026-08-30 02:00:11.220906+00
5677,1983062564,2092-01-01,delisted,13586C_8808_1247_5561_44137,13586C,1000001,Pharmacor Rosuvastatin 10,"{""pbs_code"": ""13586C"", ""formulary"": ""F2"", ""brand_name"": ""Pharmacor Rosuvastatin 10"", ""li_item_id"": ""13586C_8808_1247_5561_44137"", ""determined_price"": 3.5}",,,normal,PBS listing was present in the previous schedule and is now absent.,2026-08-30 02:00:11.220906+00
5678,1983062564,2092-01-01,delisted,13586C_8808_1247_5561_51469,13586C,1000001,Rosuvastatin Lupin,"{""pbs_code"": ""13586C"", ""formulary"": ""F2"", ""brand_name"": ""Rosuvastatin Lupin"", ""li_item_id"": ""13586C_8808_1247_5561_51469"", ""determined_price"": 3.5}",,,normal,PBS listing was present in the previous schedule and is now absent.,2026-08-30 02:00:11.220906+00
5679,1983062564,2092-01-01,delisted,13586C_8808_1247_5561_52064,13586C,1000001,APX-Rosuvastatin,"{""pbs_code"": ""13586C"", ""formulary"": ""F2"", ""brand_name"": ""APX-Rosuvastatin"", ""li_item_id"": ""13586C_8808_1247_5561_52064"", ""determined_price"": 3.5}",,,normal,PBS listing was present in the previous schedule and is now absent.,2026-08-30 02:00:11.220906+00
5680,1983062564,2092-01-01,delisted,13586C_8808_1247_5561_56721,13586C,1000001,Blooms Rosuvastatin,"{""pbs_code"": ""13586C"", ""formulary"": ""F2"", ""brand_name"": ""Blooms Rosuvastatin"", ""li_item_id"": ""13586C_8808_1247_5561_56721"", ""determined_price"": 3.5}",,,normal,PBS listing was present in the previous schedule and is now absent.,2026-08-30 02:00:11.220906+00
5681,1983062564,2092-01-01,delisted,13586C_8808_1247_5561_58387,13586C,1000001,ROSUVASTATIN-WGR,"{""pbs_code"": ""13586C"", ""formulary"": ""F2"", ""brand_name"": ""ROSUVASTATIN-WGR"", ""li_item_id"": ""13586C_8808_1247_5561_58387"", ""determined_price"": 3.5}",,,normal,PBS listing was present in the previous schedule and is now absent.,2026-08-30 02:00:11.220906+00
5682,1983062564,2092-01-01,delisted,13586C_8808_1247_5561_6743,13586C,1000001,Crestor,"{""pbs_code"": ""13586C"", ""formulary"": ""F2"", ""brand_name"": ""Crestor"", ""li_item_id"": ""13586C_8808_1247_5561_6743"", ""determined_price"": 3.5}",,,normal,PBS listing was present in the previous schedule and is now absent.,2026-08-30 02:00:11.220906+00
5683,1983062564,2092-01-01,delisted,13588E_10829_1247_5563_28373,13588E,1000001,Rosuvastatin Sandoz,"{""pbs_code"": ""13588E"", ""formulary"": ""F2"", ""brand_name"": ""Rosuvastatin Sandoz"", ""li_item_id"": ""13588E_10829_1247_5563_28373"", ""determined_price"": 3.55}",,,normal,PBS listing was present in the previous schedule and is now absent.,2026-08-30 02:00:11.220906+00
5684,1983062564,2092-01-01,delisted,13588E_10829_1247_5563_28771,13588E,1000001,Rosuvastatin RBX,"{""pbs_code"": ""13588E"", ""formulary"": ""F2"", ""brand_name"": ""Rosuvastatin RBX"", ""li_item_id"": ""13588E_10829_1247_5563_28771"", ""determined_price"": 3.55}",,,normal,PBS listing was present in the previous schedule and is now absent.,2026-08-30 02:00:11.220906+00
5685,1983062564,2092-01-01,delisted,13588E_10829_1247_5563_28779,13588E,1000001,APO-ROSUVASTATIN,"{""pbs_code"": ""13588E"", ""formulary"": ""F2"", ""brand_name"": ""APO-ROSUVASTATIN"", ""li_item_id"": ""13588E_10829_1247_5563_28779"", ""determined_price"": 3.55}",,,normal,PBS listing was present in the previous schedule and is now absent.,2026-08-30 02:00:11.220906+00
5686,1983062564,2092-01-01,delisted,13588E_10829_1247_5563_28787,13588E,1000001,Cavstat,"{""pbs_code"": ""13588E"", ""formulary"": ""F2"", ""brand_name"": ""Cavstat"", ""li_item_id"": ""13588E_10829_1247_5563_28787"", ""determined_price"": 3.55}",,,normal,PBS listing was present in the previous schedule and is now absent.,2026-08-30 02:00:11.220906+00
5687,1983062564,2092-01-01,delisted,13588E_10829_1247_5563_31850,13588E,1000001,Crosuva 20,"{""pbs_code"": ""13588E"", ""formulary"": ""F2"", ""brand_name"": ""Crosuva 20"", ""li_item_id"": ""13588E_10829_1247_5563_31850"", ""determined_price"": 3.55}",,,normal,PBS listing was present in the previous schedule and is now absent.,2026-08-30 02:00:11.220906+00
5688,1983062564,2092-01-01,delisted,13588E_10829_1247_5563_44138,13588E,1000001,Pharmacor Rosuvastatin 20,"{""pbs_code"": ""13588E"", ""formulary"": ""F2"", ""brand_name"": ""Pharmacor Rosuvastatin 20"", ""li_item_id"": ""13588E_10829_1247_5563_44138"", ""determined_price"": 3.55}",,,normal,PBS listing was present in the previous schedule and is now absent.,2026-08-30 02:00:11.220906+00
5689,1983062564,2092-01-01,delisted,13588E_10829_1247_5563_51471,13588E,1000001,Rosuvastatin Lupin,"{""pbs_code"": ""13588E"", ""formulary"": ""F2"", ""brand_name"": ""Rosuvastatin Lupin"", ""li_item_id"": ""13588E_10829_1247_5563_51471"", ""determined_price"": 3.55}",,,normal,PBS listing was present in the previous schedule and is now absent.,2026-08-30 02:00:11.220906+00
5690,1983062564,2092-01-01,delisted,13588E_10829_1247_5563_52065,13588E,1000001,APX-Rosuvastatin,"{""pbs_code"": ""13588E"", ""formulary"": ""F2"", ""brand_name"": ""APX-Rosuvastatin"", ""li_item_id"": ""13588E_10829_1247_5563_52065"", ""determined_price"": 3.55}",,,normal,PBS listing was present in the previous schedule and is now absent.,2026-08-30 02:00:11.220906+00
5691,1983062564,2092-01-01,delisted,13588E_10829_1247_5563_56722,13588E,1000001,Blooms Rosuvastatin,"{""pbs_code"": ""13588E"", ""formulary"": ""F2"", ""brand_name"": ""Blooms Rosuvastatin"", ""li_item_id"": ""13588E_10829_1247_5563_56722"", ""determined_price"": 3.55}",,,normal,PBS listing was present in the previous schedule and is now absent.,2026-08-30 02:00:11.220906+00
5692,1983062564,2092-01-01,delisted,13588E_10829_1247_5563_58388,13588E,1000001,ROSUVASTATIN-WGR,"{""pbs_code"": ""13588E"", ""formulary"": ""F2"", ""brand_name"": ""ROSUVASTATIN-WGR"", ""li_item_id"": ""13588E_10829_1247_5563_58388"", ""determined_price"": 3.55}",,,normal,PBS listing was present in the previous schedule and is now absent.,2026-08-30 02:00:11.220906+00
5693,1983062564,2092-01-01,delisted,13588E_10829_1247_5563_6745,13588E,1000001,Crestor,"{""pbs_code"": ""13588E"", ""formulary"": ""F2"", ""brand_name"": ""Crestor"", ""li_item_id"": ""13588E_10829_1247_5563_6745"", ""determined_price"": 3.55}",,,normal,PBS listing was present in the previous schedule and is now absent.,2026-08-30 02:00:11.220906+00
5694,1983062564,2092-01-01,delisted,13589F_9472_1247_5565_28374,13589F,1000001,Rosuvastatin Sandoz,"{""pbs_code"": ""13589F"", ""formulary"": ""F2"", ""brand_name"": ""Rosuvastatin Sandoz"", ""li_item_id"": ""13589F_9472_1247_5565_28374"", ""determined_price"": 5.06}",,,normal,PBS listing was present in the previous schedule and is now absent.,2026-08-30 02:00:11.220906+00
5695,1983062564,2092-01-01,delisted,13589F_9472_1247_5565_28772,13589F,1000001,Rosuvastatin RBX,"{""pbs_code"": ""13589F"", ""formulary"": ""F2"", ""brand_name"": ""Rosuvastatin RBX"", ""li_item_id"": ""13589F_9472_1247_5565_28772"", ""determined_price"": 5.06}",,,normal,PBS listing was present in the previous schedule and is now absent.,2026-08-30 02:00:11.220906+00
5696,1983062564,2092-01-01,delisted,13589F_9472_1247_5565_28782,13589F,1000001,APO-ROSUVASTATIN,"{""pbs_code"": ""13589F"", ""formulary"": ""F2"", ""brand_name"": ""APO-ROSUVASTATIN"", ""li_item_id"": ""13589F_9472_1247_5565_28782"", ""determined_price"": 5.06}",,,normal,PBS listing was present in the previous schedule and is now absent.,2026-08-30 02:00:11.220906+00
5697,1983062564,2092-01-01,delisted,13589F_9472_1247_5565_28788,13589F,1000001,Cavstat,"{""pbs_code"": ""13589F"", ""formulary"": ""F2"", ""brand_name"": ""Cavstat"", ""li_item_id"": ""13589F_9472_1247_5565_28788"", ""determined_price"": 5.06}",,,normal,PBS listing was present in the previous schedule and is now absent.,2026-08-30 02:00:11.220906+00
5698,1983062564,2092-01-01,delisted,13589F_9472_1247_5565_31851,13589F,1000001,Crosuva 40,"{""pbs_code"": ""13589F"", ""formulary"": ""F2"", ""brand_name"": ""Crosuva 40"", ""li_item_id"": ""13589F_9472_1247_5565_31851"", ""determined_price"": 5.06}",,,normal,PBS listing was present in the previous schedule and is now absent.,2026-08-30 02:00:11.220906+00
5699,1983062564,2092-01-01,delisted,13589F_9472_1247_5565_44136,13589F,1000001,Pharmacor Rosuvastatin 40,"{""pbs_code"": ""13589F"", ""formulary"": ""F2"", ""brand_name"": ""Pharmacor Rosuvastatin 40"", ""li_item_id"": ""13589F_9472_1247_5565_44136"", ""determined_price"": 5.06}",,,normal,PBS listing was present in the previous schedule and is now absent.,2026-08-30 02:00:11.220906+00
5700,1983062564,2092-01-01,delisted,13589F_9472_1247_5565_51472,13589F,1000001,Rosuvastatin Lupin,"{""pbs_code"": ""13589F"", ""formulary"": ""F2"", ""brand_name"": ""Rosuvastatin Lupin"", ""li_item_id"": ""13589F_9472_1247_5565_51472"", ""determined_price"": 5.06}",,,normal,PBS listing was present in the previous schedule and is now absent.,2026-08-30 02:00:11.220906+00
5701,1983062564,2092-01-01,delisted,13589F_9472_1247_5565_52066,13589F,1000001,APX-Rosuvastatin,"{""pbs_code"": ""13589F"", ""formulary"": ""F2"", ""brand_name"": ""APX-Rosuvastatin"", ""li_item_id"": ""13589F_9472_1247_5565_52066"", ""determined_price"": 5.06}",,,normal,PBS listing was present in the previous schedule and is now absent.,2026-08-30 02:00:11.220906+00
5702,1983062564,2092-01-01,delisted,13589F_9472_1247_5565_56719,13589F,1000001,Blooms Rosuvastatin,"{""pbs_code"": ""13589F"", ""formulary"": ""F2"", ""brand_name"": ""Blooms Rosuvastatin"", ""li_item_id"": ""13589F_9472_1247_5565_56719"", ""determined_price"": 5.06}",,,normal,PBS listing was present in the previous schedule and is now absent.,2026-08-30 02:00:11.220906+00
5703,1983062564,2092-01-01,delisted,13589F_9472_1247_5565_58389,13589F,1000001,ROSUVASTATIN-WGR,"{""pbs_code"": ""13589F"", ""formulary"": ""F2"", ""brand_name"": ""ROSUVASTATIN-WGR"", ""li_item_id"": ""13589F_9472_1247_5565_58389"", ""determined_price"": 5.06}",,,normal,PBS listing was present in the previous schedule and is now absent.,2026-08-30 02:00:11.220906+00
5704,1983062564,2092-01-01,delisted,13589F_9472_1247_5565_6747,13589F,1000001,Crestor,"{""pbs_code"": ""13589F"", ""formulary"": ""F2"", ""brand_name"": ""Crestor"", ""li_item_id"": ""13589F_9472_1247_5565_6747"", ""determined_price"": 5.06}",,,normal,PBS listing was present in the previous schedule and is now absent.,2026-08-30 02:00:11.220906+00
5705,1983062564,2092-01-01,delisted,2574L_10829_1247_5563_28373,2574L,1000001,Rosuvastatin Sandoz,"{""pbs_code"": ""2574L"", ""formulary"": ""F2"", ""brand_name"": ""Rosuvastatin Sandoz"", ""li_item_id"": ""2574L_10829_1247_5563_28373"", ""determined_price"": 3.55}",,,normal,PBS listing was present in the previous schedule and is now absent.,2026-08-30 02:00:11.220906+00
5706,1983062564,2092-01-01,delisted,2574L_10829_1247_5563_28771,2574L,1000001,Rosuvastatin RBX,"{""pbs_code"": ""2574L"", ""formulary"": ""F2"", ""brand_name"": ""Rosuvastatin RBX"", ""li_item_id"": ""2574L_10829_1247_5563_28771"", ""determined_price"": 3.55}",,,normal,PBS listing was present in the previous schedule and is now absent.,2026-08-30 02:00:11.220906+00
5707,1983062564,2092-01-01,delisted,2574L_10829_1247_5563_28779,2574L,1000001,APO-ROSUVASTATIN,"{""pbs_code"": ""2574L"", ""formulary"": ""F2"", ""brand_name"": ""APO-ROSUVASTATIN"", ""li_item_id"": ""2574L_10829_1247_5563_28779"", ""determined_price"": 3.55}",,,normal,PBS listing was present in the previous schedule and is now absent.,2026-08-30 02:00:11.220906+00
5708,1983062564,2092-01-01,delisted,2574L_10829_1247_5563_28787,2574L,1000001,Cavstat,"{""pbs_code"": ""2574L"", ""formulary"": ""F2"", ""brand_name"": ""Cavstat"", ""li_item_id"": ""2574L_10829_1247_5563_28787"", ""determined_price"": 3.55}",,,normal,PBS listing was present in the previous schedule and is now absent.,2026-08-30 02:00:11.220906+00
5709,1983062564,2092-01-01,delisted,2574L_10829_1247_5563_31850,2574L,1000001,Crosuva 20,"{""pbs_code"": ""2574L"", ""formulary"": ""F2"", ""brand_name"": ""Crosuva 20"", ""li_item_id"": ""2574L_10829_1247_5563_31850"", ""determined_price"": 3.55}",,,normal,PBS listing was present in the previous schedule and is now absent.,2026-08-30 02:00:11.220906+00
5710,1983062564,2092-01-01,delisted,2574L_10829_1247_5563_44138,2574L,1000001,Pharmacor Rosuvastatin 20,"{""pbs_code"": ""2574L"", ""formulary"": ""F2"", ""brand_name"": ""Pharmacor Rosuvastatin 20"", ""li_item_id"": ""2574L_10829_1247_5563_44138"", ""determined_price"": 3.55}",,,normal,PBS listing was present in the previous schedule and is now absent.,2026-08-30 02:00:11.220906+00
5711,1983062564,2092-01-01,delisted,2574L_10829_1247_5563_51471,2574L,1000001,Rosuvastatin Lupin,"{""pbs_code"": ""2574L"", ""formulary"": ""F2"", ""brand_name"": ""Rosuvastatin Lupin"", ""li_item_id"": ""2574L_10829_1247_5563_51471"", ""determined_price"": 3.55}",,,normal,PBS listing was present in the previous schedule and is now absent.,2026-08-30 02:00:11.220906+00
5712,1983062564,2092-01-01,delisted,2574L_10829_1247_5563_52065,2574L,1000001,APX-Rosuvastatin,"{""pbs_code"": ""2574L"", ""formulary"": ""F2"", ""brand_name"": ""APX-Rosuvastatin"", ""li_item_id"": ""2574L_10829_1247_5563_52065"", ""determined_price"": 3.55}",,,normal,PBS listing was present in the previous schedule and is now absent.,2026-08-30 02:00:11.220906+00
5713,1983062564,2092-01-01,delisted,2574L_10829_1247_5563_56722,2574L,1000001,Blooms Rosuvastatin,"{""pbs_code"": ""2574L"", ""formulary"": ""F2"", ""brand_name"": ""Blooms Rosuvastatin"", ""li_item_id"": ""2574L_10829_1247_5563_56722"", ""determined_price"": 3.55}",,,normal,PBS listing was present in the previous schedule and is now absent.,2026-08-30 02:00:11.220906+00
5714,1983062564,2092-01-01,delisted,2574L_10829_1247_5563_58388,2574L,1000001,ROSUVASTATIN-WGR,"{""pbs_code"": ""2574L"", ""formulary"": ""F2"", ""brand_name"": ""ROSUVASTATIN-WGR"", ""li_item_id"": ""2574L_10829_1247_5563_58388"", ""determined_price"": 3.55}",,,normal,PBS listing was present in the previous schedule and is now absent.,2026-08-30 02:00:11.220906+00
5715,1983062564,2092-01-01,delisted,2574L_10829_1247_5563_6745,2574L,1000001,Crestor,"{""pbs_code"": ""2574L"", ""formulary"": ""F2"", ""brand_name"": ""Crestor"", ""li_item_id"": ""2574L_10829_1247_5563_6745"", ""determined_price"": 3.55}",,,normal,PBS listing was present in the previous schedule and is now absent.,2026-08-30 02:00:11.220906+00
5716,1983062564,2092-01-01,delisted,2594M_9472_1247_5565_28374,2594M,1000001,Rosuvastatin Sandoz,"{""pbs_code"": ""2594M"", ""formulary"": ""F2"", ""brand_name"": ""Rosuvastatin Sandoz"", ""li_item_id"": ""2594M_9472_1247_5565_28374"", ""determined_price"": 5.06}",,,normal,PBS listing was present in the previous schedule and is now absent.,2026-08-30 02:00:11.220906+00
5717,1983062564,2092-01-01,delisted,2594M_9472_1247_5565_28772,2594M,1000001,Rosuvastatin RBX,"{""pbs_code"": ""2594M"", ""formulary"": ""F2"", ""brand_name"": ""Rosuvastatin RBX"", ""li_item_id"": ""2594M_9472_1247_5565_28772"", ""determined_price"": 5.06}",,,normal,PBS listing was present in the previous schedule and is now absent.,2026-08-30 02:00:11.220906+00
5718,1983062564,2092-01-01,delisted,2594M_9472_1247_5565_28782,2594M,1000001,APO-ROSUVASTATIN,"{""pbs_code"": ""2594M"", ""formulary"": ""F2"", ""brand_name"": ""APO-ROSUVASTATIN"", ""li_item_id"": ""2594M_9472_1247_5565_28782"", ""determined_price"": 5.06}",,,normal,PBS listing was present in the previous schedule and is now absent.,2026-08-30 02:00:11.220906+00
5719,1983062564,2092-01-01,delisted,2594M_9472_1247_5565_28788,2594M,1000001,Cavstat,"{""pbs_code"": ""2594M"", ""formulary"": ""F2"", ""brand_name"": ""Cavstat"", ""li_item_id"": ""2594M_9472_1247_5565_28788"", ""determined_price"": 5.06}",,,normal,PBS listing was present in the previous schedule and is now absent.,2026-08-30 02:00:11.220906+00
5720,1983062564,2092-01-01,delisted,2594M_9472_1247_5565_31851,2594M,1000001,Crosuva 40,"{""pbs_code"": ""2594M"", ""formulary"": ""F2"", ""brand_name"": ""Crosuva 40"", ""li_item_id"": ""2594M_9472_1247_5565_31851"", ""determined_price"": 5.06}",,,normal,PBS listing was present in the previous schedule and is now absent.,2026-08-30 02:00:11.220906+00
5721,1983062564,2092-01-01,delisted,2594M_9472_1247_5565_44136,2594M,1000001,Pharmacor Rosuvastatin 40,"{""pbs_code"": ""2594M"", ""formulary"": ""F2"", ""brand_name"": ""Pharmacor Rosuvastatin 40"", ""li_item_id"": ""2594M_9472_1247_5565_44136"", ""determined_price"": 5.06}",,,normal,PBS listing was present in the previous schedule and is now absent.,2026-08-30 02:00:11.220906+00
5722,1983062564,2092-01-01,delisted,2594M_9472_1247_5565_51472,2594M,1000001,Rosuvastatin Lupin,"{""pbs_code"": ""2594M"", ""formulary"": ""F2"", ""brand_name"": ""Rosuvastatin Lupin"", ""li_item_id"": ""2594M_9472_1247_5565_51472"", ""determined_price"": 5.06}",,,normal,PBS listing was present in the previous schedule and is now absent.,2026-08-30 02:00:11.220906+00
5723,1983062564,2092-01-01,delisted,2594M_9472_1247_5565_52066,2594M,1000001,APX-Rosuvastatin,"{""pbs_code"": ""2594M"", ""formulary"": ""F2"", ""brand_name"": ""APX-Rosuvastatin"", ""li_item_id"": ""2594M_9472_1247_5565_52066"", ""determined_price"": 5.06}",,,normal,PBS listing was present in the previous schedule and is now absent.,2026-08-30 02:00:11.220906+00
5724,1983062564,2092-01-01,delisted,2594M_9472_1247_5565_56719,2594M,1000001,Blooms Rosuvastatin,"{""pbs_code"": ""2594M"", ""formulary"": ""F2"", ""brand_name"": ""Blooms Rosuvastatin"", ""li_item_id"": ""2594M_9472_1247_5565_56719"", ""determined_price"": 5.06}",,,normal,PBS listing was present in the previous schedule and is now absent.,2026-08-30 02:00:11.220906+00
5725,1983062564,2092-01-01,delisted,2594M_9472_1247_5565_58389,2594M,1000001,ROSUVASTATIN-WGR,"{""pbs_code"": ""2594M"", ""formulary"": ""F2"", ""brand_name"": ""ROSUVASTATIN-WGR"", ""li_item_id"": ""2594M_9472_1247_5565_58389"", ""determined_price"": 5.06}",,,normal,PBS listing was present in the previous schedule and is now absent.,2026-08-30 02:00:11.220906+00
5726,1983062564,2092-01-01,delisted,2594M_9472_1247_5565_6747,2594M,1000001,Crestor,"{""pbs_code"": ""2594M"", ""formulary"": ""F2"", ""brand_name"": ""Crestor"", ""li_item_id"": ""2594M_9472_1247_5565_6747"", ""determined_price"": 5.06}",,,normal,PBS listing was present in the previous schedule and is now absent.,2026-08-30 02:00:11.220906+00
5727,1983062564,2092-01-01,delisted,2606E_10828_1247_5567_28371,2606E,1000001,Rosuvastatin Sandoz,"{""pbs_code"": ""2606E"", ""formulary"": ""F2"", ""brand_name"": ""Rosuvastatin Sandoz"", ""li_item_id"": ""2606E_10828_1247_5567_28371"", ""determined_price"": 2.5}",,,normal,PBS listing was present in the previous schedule and is now absent.,2026-08-30 02:00:11.220906+00
5728,1983062564,2092-01-01,delisted,2606E_10828_1247_5567_28769,2606E,1000001,Rosuvastatin RBX,"{""pbs_code"": ""2606E"", ""formulary"": ""F2"", ""brand_name"": ""Rosuvastatin RBX"", ""li_item_id"": ""2606E_10828_1247_5567_28769"", ""determined_price"": 2.5}",,,normal,PBS listing was present in the previous schedule and is now absent.,2026-08-30 02:00:11.220906+00
5729,1983062564,2092-01-01,delisted,2606E_10828_1247_5567_28773,2606E,1000001,APO-ROSUVASTATIN,"{""pbs_code"": ""2606E"", ""formulary"": ""F2"", ""brand_name"": ""APO-ROSUVASTATIN"", ""li_item_id"": ""2606E_10828_1247_5567_28773"", ""determined_price"": 2.5}",,,normal,PBS listing was present in the previous schedule and is now absent.,2026-08-30 02:00:11.220906+00
5730,1983062564,2092-01-01,delisted,2606E_10828_1247_5567_28785,2606E,1000001,Cavstat,"{""pbs_code"": ""2606E"", ""formulary"": ""F2"", ""brand_name"": ""Cavstat"", ""li_item_id"": ""2606E_10828_1247_5567_28785"", ""determined_price"": 2.5}",,,normal,PBS listing was present in the previous schedule and is now absent.,2026-08-30 02:00:11.220906+00
5731,1983062564,2092-01-01,delisted,2606E_10828_1247_5567_31846,2606E,1000001,Crosuva 5,"{""pbs_code"": ""2606E"", ""formulary"": ""F2"", ""brand_name"": ""Crosuva 5"", ""li_item_id"": ""2606E_10828_1247_5567_31846"", ""determined_price"": 2.5}",,,normal,PBS listing was present in the previous schedule and is now absent.,2026-08-30 02:00:11.220906+00
5732,1983062564,2092-01-01,delisted,2606E_10828_1247_5567_44135,2606E,1000001,Pharmacor Rosuvastatin 5,"{""pbs_code"": ""2606E"", ""formulary"": ""F2"", ""brand_name"": ""Pharmacor Rosuvastatin 5"", ""li_item_id"": ""2606E_10828_1247_5567_44135"", ""determined_price"": 2.5}",,,normal,PBS listing was present in the previous schedule and is now absent.,2026-08-30 02:00:11.220906+00
5733,1983062564,2092-01-01,delisted,2606E_10828_1247_5567_51470,2606E,1000001,Rosuvastatin Lupin,"{""pbs_code"": ""2606E"", ""formulary"": ""F2"", ""brand_name"": ""Rosuvastatin Lupin"", ""li_item_id"": ""2606E_10828_1247_5567_51470"", ""determined_price"": 2.5}",,,normal,PBS listing was present in the previous schedule and is now absent.,2026-08-30 02:00:11.220906+00
5734,1983062564,2092-01-01,delisted,2606E_10828_1247_5567_52067,2606E,1000001,APX-Rosuvastatin,"{""pbs_code"": ""2606E"", ""formulary"": ""F2"", ""brand_name"": ""APX-Rosuvastatin"", ""li_item_id"": ""2606E_10828_1247_5567_52067"", ""determined_price"": 2.5}",,,normal,PBS listing was present in the previous schedule and is now absent.,2026-08-30 02:00:11.220906+00
5735,1983062564,2092-01-01,delisted,2606E_10828_1247_5567_56720,2606E,1000001,Blooms Rosuvastatin,"{""pbs_code"": ""2606E"", ""formulary"": ""F2"", ""brand_name"": ""Blooms Rosuvastatin"", ""li_item_id"": ""2606E_10828_1247_5567_56720"", ""determined_price"": 2.5}",,,normal,PBS listing was present in the previous schedule and is now absent.,2026-08-30 02:00:11.220906+00
5736,1983062564,2092-01-01,delisted,2606E_10828_1247_5567_58390,2606E,1000001,ROSUVASTATIN-WGR,"{""pbs_code"": ""2606E"", ""formulary"": ""F2"", ""brand_name"": ""ROSUVASTATIN-WGR"", ""li_item_id"": ""2606E_10828_1247_5567_58390"", ""determined_price"": 2.5}",,,normal,PBS listing was present in the previous schedule and is now absent.,2026-08-30 02:00:11.220906+00
5737,1983062564,2092-01-01,delisted,2606E_10828_1247_5567_6749,2606E,1000001,Crestor,"{""pbs_code"": ""2606E"", ""formulary"": ""F2"", ""brand_name"": ""Crestor"", ""li_item_id"": ""2606E_10828_1247_5567_6749"", ""determined_price"": 2.5}",,,normal,PBS listing was present in the previous schedule and is now absent.,2026-08-30 02:00:11.220906+00
5738,1983062564,2092-01-01,delisted,2628H_8808_1247_5561_28372,2628H,1000001,Rosuvastatin Sandoz,"{""pbs_code"": ""2628H"", ""formulary"": ""F2"", ""brand_name"": ""Rosuvastatin Sandoz"", ""li_item_id"": ""2628H_8808_1247_5561_28372"", ""determined_price"": 3.5}",,,normal,PBS listing was present in the previous schedule and is now absent.,2026-08-30 02:00:11.220906+00
5739,1983062564,2092-01-01,delisted,2628H_8808_1247_5561_28770,2628H,1000001,Rosuvastatin RBX,"{""pbs_code"": ""2628H"", ""formulary"": ""F2"", ""brand_name"": ""Rosuvastatin RBX"", ""li_item_id"": ""2628H_8808_1247_5561_28770"", ""determined_price"": 3.5}",,,normal,PBS listing was present in the previous schedule and is now absent.,2026-08-30 02:00:11.220906+00
5740,1983062564,2092-01-01,delisted,2628H_8808_1247_5561_28776,2628H,1000001,APO-ROSUVASTATIN,"{""pbs_code"": ""2628H"", ""formulary"": ""F2"", ""brand_name"": ""APO-ROSUVASTATIN"", ""li_item_id"": ""2628H_8808_1247_5561_28776"", ""determined_price"": 3.5}",,,normal,PBS listing was present in the previous schedule and is now absent.,2026-08-30 02:00:11.220906+00
5741,1983062564,2092-01-01,delisted,2628H_8808_1247_5561_28786,2628H,1000001,Cavstat,"{""pbs_code"": ""2628H"", ""formulary"": ""F2"", ""brand_name"": ""Cavstat"", ""li_item_id"": ""2628H_8808_1247_5561_28786"", ""determined_price"": 3.5}",,,normal,PBS listing was present in the previous schedule and is now absent.,2026-08-30 02:00:11.220906+00
5742,1983062564,2092-01-01,delisted,2628H_8808_1247_5561_31849,2628H,1000001,Crosuva 10,"{""pbs_code"": ""2628H"", ""formulary"": ""F2"", ""brand_name"": ""Crosuva 10"", ""li_item_id"": ""2628H_8808_1247_5561_31849"", ""determined_price"": 3.5}",,,normal,PBS listing was present in the previous schedule and is now absent.,2026-08-30 02:00:11.220906+00
5743,1983062564,2092-01-01,delisted,2628H_8808_1247_5561_44137,2628H,1000001,Pharmacor Rosuvastatin 10,"{""pbs_code"": ""2628H"", ""formulary"": ""F2"", ""brand_name"": ""Pharmacor Rosuvastatin 10"", ""li_item_id"": ""2628H_8808_1247_5561_44137"", ""determined_price"": 3.5}",,,normal,PBS listing was present in the previous schedule and is now absent.,2026-08-30 02:00:11.220906+00
5744,1983062564,2092-01-01,delisted,2628H_8808_1247_5561_51469,2628H,1000001,Rosuvastatin Lupin,"{""pbs_code"": ""2628H"", ""formulary"": ""F2"", ""brand_name"": ""Rosuvastatin Lupin"", ""li_item_id"": ""2628H_8808_1247_5561_51469"", ""determined_price"": 3.5}",,,normal,PBS listing was present in the previous schedule and is now absent.,2026-08-30 02:00:11.220906+00
5745,1983062564,2092-01-01,delisted,2628H_8808_1247_5561_52064,2628H,1000001,APX-Rosuvastatin,"{""pbs_code"": ""2628H"", ""formulary"": ""F2"", ""brand_name"": ""APX-Rosuvastatin"", ""li_item_id"": ""2628H_8808_1247_5561_52064"", ""determined_price"": 3.5}",,,normal,PBS listing was present in the previous schedule and is now absent.,2026-08-30 02:00:11.220906+00
5746,1983062564,2092-01-01,delisted,2628H_8808_1247_5561_56721,2628H,1000001,Blooms Rosuvastatin,"{""pbs_code"": ""2628H"", ""formulary"": ""F2"", ""brand_name"": ""Blooms Rosuvastatin"", ""li_item_id"": ""2628H_8808_1247_5561_56721"", ""determined_price"": 3.5}",,,normal,PBS listing was present in the previous schedule and is now absent.,2026-08-30 02:00:11.220906+00
5747,1983062564,2092-01-01,delisted,2628H_8808_1247_5561_58387,2628H,1000001,ROSUVASTATIN-WGR,"{""pbs_code"": ""2628H"", ""formulary"": ""F2"", ""brand_name"": ""ROSUVASTATIN-WGR"", ""li_item_id"": ""2628H_8808_1247_5561_58387"", ""determined_price"": 3.5}",,,normal,PBS listing was present in the previous schedule and is now absent.,2026-08-30 02:00:11.220906+00
5748,1983062564,2092-01-01,delisted,2628H_8808_1247_5561_6743,2628H,1000001,Crestor,"{""pbs_code"": ""2628H"", ""formulary"": ""F2"", ""brand_name"": ""Crestor"", ""li_item_id"": ""2628H_8808_1247_5561_6743"", ""determined_price"": 3.5}",,,normal,PBS listing was present in the previous schedule and is now absent.,2026-08-30 02:00:11.220906+00
5749,1983062564,2092-01-01,delisted,13464P_11488_1404_5958_68710,13464P,2100003004,Apexa,"{""pbs_code"": ""13464P"", ""formulary"": ""F2"", ""brand_name"": ""Apexa"", ""li_item_id"": ""13464P_11488_1404_5958_68710"", ""determined_price"": 12.95}",,,normal,PBS listing was present in the previous schedule and is now absent.,2026-08-30 02:00:11.220906+00
5750,1983062564,2092-01-01,delisted,13464P_11488_1404_5958_68713,13464P,2100003004,APIXABAN-WGR,"{""pbs_code"": ""13464P"", ""formulary"": ""F2"", ""brand_name"": ""APIXABAN-WGR"", ""li_item_id"": ""13464P_11488_1404_5958_68713"", ""determined_price"": 12.95}",,,normal,PBS listing was present in the previous schedule and is now absent.,2026-08-30 02:00:11.220906+00
5751,1983062564,2092-01-01,delisted,13464P_11488_1404_5958_68717,13464P,2100003004,Apixaban-APX,"{""pbs_code"": ""13464P"", ""formulary"": ""F2"", ""brand_name"": ""Apixaban-APX"", ""li_item_id"": ""13464P_11488_1404_5958_68717"", ""determined_price"": 12.95}",,,normal,PBS listing was present in the previous schedule and is now absent.,2026-08-30 02:00:11.220906+00
5752,1983062564,2092-01-01,delisted,13464P_11488_1404_5958_68719,13464P,2100003004,Apixaban Sandoz,"{""pbs_code"": ""13464P"", ""formulary"": ""F2"", ""brand_name"": ""Apixaban Sandoz"", ""li_item_id"": ""13464P_11488_1404_5958_68719"", ""determined_price"": 12.95}",,,normal,PBS listing was present in the previous schedule and is now absent.,2026-08-30 02:00:11.220906+00
5753,1983062564,2092-01-01,delisted,13464P_11488_1404_5958_68721,13464P,2100003004,APO-Apixaban,"{""pbs_code"": ""13464P"", ""formulary"": ""F2"", ""brand_name"": ""APO-Apixaban"", ""li_item_id"": ""13464P_11488_1404_5958_68721"", ""determined_price"": 12.95}",,,normal,PBS listing was present in the previous schedule and is now absent.,2026-08-30 02:00:11.220906+00
5754,1983062564,2092-01-01,delisted,13464P_11488_1404_5958_68723,13464P,2100003004,Apixaban Lupin,"{""pbs_code"": ""13464P"", ""formulary"": ""F2"", ""brand_name"": ""Apixaban Lupin"", ""li_item_id"": ""13464P_11488_1404_5958_68723"", ""determined_price"": 12.95}",,,normal,PBS listing was present in the previous schedule and is now absent.,2026-08-30 02:00:11.220906+00
5755,1983062564,2092-01-01,delisted,13464P_11488_1404_5958_68728,13464P,2100003004,Cip Apixaban 2.5,"{""pbs_code"": ""13464P"", ""formulary"": ""F2"", ""brand_name"": ""Cip Apixaban 2.5"", ""li_item_id"": ""13464P_11488_1404_5958_68728"", ""determined_price"": 12.95}",,,normal,PBS listing was present in the previous schedule and is now absent.,2026-08-30 02:00:11.220906+00
5756,1983062564,2092-01-01,delisted,13464P_11488_1404_5958_7255,13464P,2100003004,Eliquis,"{""pbs_code"": ""13464P"", ""formulary"": ""F2"", ""brand_name"": ""Eliquis"", ""li_item_id"": ""13464P_11488_1404_5958_7255"", ""determined_price"": 12.95}",,,normal,PBS listing was present in the previous schedule and is now absent.,2026-08-30 02:00:11.220906+00
5757,1983062564,2092-01-01,delisted,13525W_13786_1404_30165_30167,13525W,2100003004,Eliquis,"{""pbs_code"": ""13525W"", ""formulary"": ""F2"", ""brand_name"": ""Eliquis"", ""li_item_id"": ""13525W_13786_1404_30165_30167"", ""determined_price"": 37.8}",,,normal,PBS listing was present in the previous schedule and is now absent.,2026-08-30 02:00:11.220906+00
5758,1983062564,2092-01-01,delisted,13525W_13786_1404_30165_68711,13525W,2100003004,Apexa,"{""pbs_code"": ""13525W"", ""formulary"": ""F2"", ""brand_name"": ""Apexa"", ""li_item_id"": ""13525W_13786_1404_30165_68711"", ""determined_price"": 37.8}",,,normal,PBS listing was present in the previous schedule and is now absent.,2026-08-30 02:00:11.220906+00
5759,1983062564,2092-01-01,delisted,13525W_13786_1404_30165_68715,13525W,2100003004,APIXABAN-WGR,"{""pbs_code"": ""13525W"", ""formulary"": ""F2"", ""brand_name"": ""APIXABAN-WGR"", ""li_item_id"": ""13525W_13786_1404_30165_68715"", ""determined_price"": 37.8}",,,normal,PBS listing was present in the previous schedule and is now absent.,2026-08-30 02:00:11.220906+00
5760,1983062564,2092-01-01,delisted,13525W_13786_1404_30165_68718,13525W,2100003004,Apixaban-APX,"{""pbs_code"": ""13525W"", ""formulary"": ""F2"", ""brand_name"": ""Apixaban-APX"", ""li_item_id"": ""13525W_13786_1404_30165_68718"", ""determined_price"": 37.8}",,,normal,PBS listing was present in the previous schedule and is now absent.,2026-08-30 02:00:11.220906+00
5761,1983062564,2092-01-01,delisted,13525W_13786_1404_30165_68720,13525W,2100003004,Apixaban Sandoz,"{""pbs_code"": ""13525W"", ""formulary"": ""F2"", ""brand_name"": ""Apixaban Sandoz"", ""li_item_id"": ""13525W_13786_1404_30165_68720"", ""determined_price"": 37.8}",,,normal,PBS listing was present in the previous schedule and is now absent.,2026-08-30 02:00:11.220906+00
5762,1983062564,2092-01-01,delisted,13525W_13786_1404_30165_68722,13525W,2100003004,APO-Apixaban,"{""pbs_code"": ""13525W"", ""formulary"": ""F2"", ""brand_name"": ""APO-Apixaban"", ""li_item_id"": ""13525W_13786_1404_30165_68722"", ""determined_price"": 37.8}",,,normal,PBS listing was present in the previous schedule and is now absent.,2026-08-30 02:00:11.220906+00
5763,1983062564,2092-01-01,delisted,13525W_13786_1404_30165_68724,13525W,2100003004,Apixaban Lupin,"{""pbs_code"": ""13525W"", ""formulary"": ""F2"", ""brand_name"": ""Apixaban Lupin"", ""li_item_id"": ""13525W_13786_1404_30165_68724"", ""determined_price"": 37.8}",,,normal,PBS listing was present in the previous schedule and is now absent.,2026-08-30 02:00:11.220906+00
5764,1983062564,2092-01-01,delisted,13525W_13786_1404_30165_68729,13525W,2100003004,Cip Apixaban 5,"{""pbs_code"": ""13525W"", ""formulary"": ""F2"", ""brand_name"": ""Cip Apixaban 5"", ""li_item_id"": ""13525W_13786_1404_30165_68729"", ""determined_price"": 37.8}",,,normal,PBS listing was present in the previous schedule and is now absent.,2026-08-30 02:00:11.220906+00
5765,1983062564,2092-01-01,delisted,2735Y_13786_1404_30165_30167,2735Y,2100003004,Eliquis,"{""pbs_code"": ""2735Y"", ""formulary"": ""F2"", ""brand_name"": ""Eliquis"", ""li_item_id"": ""2735Y_13786_1404_30165_30167"", ""determined_price"": 37.8}",,,normal,PBS listing was present in the previous schedule and is now absent.,2026-08-30 02:00:11.220906+00
5766,1983062564,2092-01-01,delisted,2735Y_13786_1404_30165_68711,2735Y,2100003004,Apexa,"{""pbs_code"": ""2735Y"", ""formulary"": ""F2"", ""brand_name"": ""Apexa"", ""li_item_id"": ""2735Y_13786_1404_30165_68711"", ""determined_price"": 37.8}",,,normal,PBS listing was present in the previous schedule and is now absent.,2026-08-30 02:00:11.220906+00
5767,1983062564,2092-01-01,delisted,2735Y_13786_1404_30165_68715,2735Y,2100003004,APIXABAN-WGR,"{""pbs_code"": ""2735Y"", ""formulary"": ""F2"", ""brand_name"": ""APIXABAN-WGR"", ""li_item_id"": ""2735Y_13786_1404_30165_68715"", ""determined_price"": 37.8}",,,normal,PBS listing was present in the previous schedule and is now absent.,2026-08-30 02:00:11.220906+00
5768,1983062564,2092-01-01,delisted,2735Y_13786_1404_30165_68718,2735Y,2100003004,Apixaban-APX,"{""pbs_code"": ""2735Y"", ""formulary"": ""F2"", ""brand_name"": ""Apixaban-APX"", ""li_item_id"": ""2735Y_13786_1404_30165_68718"", ""determined_price"": 37.8}",,,normal,PBS listing was present in the previous schedule and is now absent.,2026-08-30 02:00:11.220906+00
5769,1983062564,2092-01-01,delisted,2735Y_13786_1404_30165_68720,2735Y,2100003004,Apixaban Sandoz,"{""pbs_code"": ""2735Y"", ""formulary"": ""F2"", ""brand_name"": ""Apixaban Sandoz"", ""li_item_id"": ""2735Y_13786_1404_30165_68720"", ""determined_price"": 37.8}",,,normal,PBS listing was present in the previous schedule and is now absent.,2026-08-30 02:00:11.220906+00
5770,1983062564,2092-01-01,delisted,2735Y_13786_1404_30165_68722,2735Y,2100003004,APO-Apixaban,"{""pbs_code"": ""2735Y"", ""formulary"": ""F2"", ""brand_name"": ""APO-Apixaban"", ""li_item_id"": ""2735Y_13786_1404_30165_68722"", ""determined_price"": 37.8}",,,normal,PBS listing was present in the previous schedule and is now absent.,2026-08-30 02:00:11.220906+00
5771,1983062564,2092-01-01,delisted,2735Y_13786_1404_30165_68724,2735Y,2100003004,Apixaban Lupin,"{""pbs_code"": ""2735Y"", ""formulary"": ""F2"", ""brand_name"": ""Apixaban Lupin"", ""li_item_id"": ""2735Y_13786_1404_30165_68724"", ""determined_price"": 37.8}",,,normal,PBS listing was present in the previous schedule and is now absent.,2026-08-30 02:00:11.220906+00
5772,1983062564,2092-01-01,delisted,2735Y_13786_1404_30165_68729,2735Y,2100003004,Cip Apixaban 5,"{""pbs_code"": ""2735Y"", ""formulary"": ""F2"", ""brand_name"": ""Cip Apixaban 5"", ""li_item_id"": ""2735Y_13786_1404_30165_68729"", ""determined_price"": 37.8}",,,normal,PBS listing was present in the previous schedule and is now absent.,2026-08-30 02:00:11.220906+00
5773,1983062564,2092-01-01,delisted,2744K_11488_1404_5958_68710,2744K,2100003004,Apexa,"{""pbs_code"": ""2744K"", ""formulary"": ""F2"", ""brand_name"": ""Apexa"", ""li_item_id"": ""2744K_11488_1404_5958_68710"", ""determined_price"": 12.95}",,,normal,PBS listing was present in the previous schedule and is now absent.,2026-08-30 02:00:11.220906+00
5774,1983062564,2092-01-01,delisted,2744K_11488_1404_5958_68713,2744K,2100003004,APIXABAN-WGR,"{""pbs_code"": ""2744K"", ""formulary"": ""F2"", ""brand_name"": ""APIXABAN-WGR"", ""li_item_id"": ""2744K_11488_1404_5958_68713"", ""determined_price"": 12.95}",,,normal,PBS listing was present in the previous schedule and is now absent.,2026-08-30 02:00:11.220906+00
5775,1983062564,2092-01-01,delisted,2744K_11488_1404_5958_68717,2744K,2100003004,Apixaban-APX,"{""pbs_code"": ""2744K"", ""formulary"": ""F2"", ""brand_name"": ""Apixaban-APX"", ""li_item_id"": ""2744K_11488_1404_5958_68717"", ""determined_price"": 12.95}",,,normal,PBS listing was present in the previous schedule and is now absent.,2026-08-30 02:00:11.220906+00
5776,1983062564,2092-01-01,delisted,2744K_11488_1404_5958_68719,2744K,2100003004,Apixaban Sandoz,"{""pbs_code"": ""2744K"", ""formulary"": ""F2"", ""brand_name"": ""Apixaban Sandoz"", ""li_item_id"": ""2744K_11488_1404_5958_68719"", ""determined_price"": 12.95}",,,normal,PBS listing was present in the previous schedule and is now absent.,2026-08-30 02:00:11.220906+00
5777,1983062564,2092-01-01,delisted,2744K_11488_1404_5958_68721,2744K,2100003004,APO-Apixaban,"{""pbs_code"": ""2744K"", ""formulary"": ""F2"", ""brand_name"": ""APO-Apixaban"", ""li_item_id"": ""2744K_11488_1404_5958_68721"", ""determined_price"": 12.95}",,,normal,PBS listing was present in the previous schedule and is now absent.,2026-08-30 02:00:11.220906+00
5778,1983062564,2092-01-01,delisted,2744K_11488_1404_5958_68723,2744K,2100003004,Apixaban Lupin,"{""pbs_code"": ""2744K"", ""formulary"": ""F2"", ""brand_name"": ""Apixaban Lupin"", ""li_item_id"": ""2744K_11488_1404_5958_68723"", ""determined_price"": 12.95}",,,normal,PBS listing was present in the previous schedule and is now absent.,2026-08-30 02:00:11.220906+00
5779,1983062564,2092-01-01,delisted,2744K_11488_1404_5958_68728,2744K,2100003004,Cip Apixaban 2.5,"{""pbs_code"": ""2744K"", ""formulary"": ""F2"", ""brand_name"": ""Cip Apixaban 2.5"", ""li_item_id"": ""2744K_11488_1404_5958_68728"", ""determined_price"": 12.95}",,,normal,PBS listing was present in the previous schedule and is now absent.,2026-08-30 02:00:11.220906+00
5780,1983062564,2092-01-01,delisted,2744K_11488_1404_5958_7255,2744K,2100003004,Eliquis,"{""pbs_code"": ""2744K"", ""formulary"": ""F2"", ""brand_name"": ""Eliquis"", ""li_item_id"": ""2744K_11488_1404_5958_7255"", ""determined_price"": 12.95}",,,normal,PBS listing was present in the previous schedule and is now absent.,2026-08-30 02:00:11.220906+00
5781,1983062564,2092-01-01,delisted,5054B_11488_1404_5957_68709,5054B,2100003004,Apexa,"{""pbs_code"": ""5054B"", ""formulary"": ""F2"", ""brand_name"": ""Apexa"", ""li_item_id"": ""5054B_11488_1404_5957_68709"", ""determined_price"": 12.95}",,,normal,PBS listing was present in the previous schedule and is now absent.,2026-08-30 02:00:11.220906+00
5782,1983062564,2092-01-01,delisted,5054B_11488_1404_5957_68727,5054B,2100003004,Cip Apixaban 2.5,"{""pbs_code"": ""5054B"", ""formulary"": ""F2"", ""brand_name"": ""Cip Apixaban 2.5"", ""li_item_id"": ""5054B_11488_1404_5957_68727"", ""determined_price"": 12.95}",,,normal,PBS listing was present in the previous schedule and is now absent.,2026-08-30 02:00:11.220906+00
5783,1983062564,2092-01-01,delisted,5054B_11488_1404_5957_7254,5054B,2100003004,Eliquis,"{""pbs_code"": ""5054B"", ""formulary"": ""F2"", ""brand_name"": ""Eliquis"", ""li_item_id"": ""5054B_11488_1404_5957_7254"", ""determined_price"": 12.95}",,,normal,PBS listing was present in the previous schedule and is now absent.,2026-08-30 02:00:11.220906+00
5784,1983062564,2092-01-01,delisted,5061J_11488_1404_5958_68710,5061J,2100003004,Apexa,"{""pbs_code"": ""5061J"", ""formulary"": ""F2"", ""brand_name"": ""Apexa"", ""li_item_id"": ""5061J_11488_1404_5958_68710"", ""determined_price"": 12.95}",,,normal,PBS listing was present in the previous schedule and is now absent.,2026-08-30 02:00:11.220906+00
5785,1983062564,2092-01-01,delisted,5061J_11488_1404_5958_68713,5061J,2100003004,APIXABAN-WGR,"{""pbs_code"": ""5061J"", ""formulary"": ""F2"", ""brand_name"": ""APIXABAN-WGR"", ""li_item_id"": ""5061J_11488_1404_5958_68713"", ""determined_price"": 12.95}",,,normal,PBS listing was present in the previous schedule and is now absent.,2026-08-30 02:00:11.220906+00
5786,1983062564,2092-01-01,delisted,5061J_11488_1404_5958_68717,5061J,2100003004,Apixaban-APX,"{""pbs_code"": ""5061J"", ""formulary"": ""F2"", ""brand_name"": ""Apixaban-APX"", ""li_item_id"": ""5061J_11488_1404_5958_68717"", ""determined_price"": 12.95}",,,normal,PBS listing was present in the previous schedule and is now absent.,2026-08-30 02:00:11.220906+00
5787,1983062564,2092-01-01,delisted,5061J_11488_1404_5958_68719,5061J,2100003004,Apixaban Sandoz,"{""pbs_code"": ""5061J"", ""formulary"": ""F2"", ""brand_name"": ""Apixaban Sandoz"", ""li_item_id"": ""5061J_11488_1404_5958_68719"", ""determined_price"": 12.95}",,,normal,PBS listing was present in the previous schedule and is now absent.,2026-08-30 02:00:11.220906+00
5788,1983062564,2092-01-01,delisted,5061J_11488_1404_5958_68721,5061J,2100003004,APO-Apixaban,"{""pbs_code"": ""5061J"", ""formulary"": ""F2"", ""brand_name"": ""APO-Apixaban"", ""li_item_id"": ""5061J_11488_1404_5958_68721"", ""determined_price"": 12.95}",,,normal,PBS listing was present in the previous schedule and is now absent.,2026-08-30 02:00:11.220906+00
5789,1983062564,2092-01-01,delisted,5061J_11488_1404_5958_68723,5061J,2100003004,Apixaban Lupin,"{""pbs_code"": ""5061J"", ""formulary"": ""F2"", ""brand_name"": ""Apixaban Lupin"", ""li_item_id"": ""5061J_11488_1404_5958_68723"", ""determined_price"": 12.95}",,,normal,PBS listing was present in the previous schedule and is now absent.,2026-08-30 02:00:11.220906+00
5790,1983062564,2092-01-01,delisted,5061J_11488_1404_5958_68728,5061J,2100003004,Cip Apixaban 2.5,"{""pbs_code"": ""5061J"", ""formulary"": ""F2"", ""brand_name"": ""Cip Apixaban 2.5"", ""li_item_id"": ""5061J_11488_1404_5958_68728"", ""determined_price"": 12.95}",,,normal,PBS listing was present in the previous schedule and is now absent.,2026-08-30 02:00:11.220906+00
5791,1983062564,2092-01-01,delisted,5061J_11488_1404_5958_7255,5061J,2100003004,Eliquis,"{""pbs_code"": ""5061J"", ""formulary"": ""F2"", ""brand_name"": ""Eliquis"", ""li_item_id"": ""5061J_11488_1404_5958_7255"", ""determined_price"": 12.95}",,,normal,PBS listing was present in the previous schedule and is now absent.,2026-08-30 02:00:11.220906+00
5792,1983062564,2092-01-01,delisted,5500L_11488_1404_5956_68708,5500L,2100003004,Apexa,"{""pbs_code"": ""5500L"", ""formulary"": ""F2"", ""brand_name"": ""Apexa"", ""li_item_id"": ""5500L_11488_1404_5956_68708"", ""determined_price"": 12.95}",,,normal,PBS listing was present in the previous schedule and is now absent.,2026-08-30 02:00:11.220906+00
5793,1983062564,2092-01-01,delisted,5500L_11488_1404_5956_68716,5500L,2100003004,Apixaban-APX,"{""pbs_code"": ""5500L"", ""formulary"": ""F2"", ""brand_name"": ""Apixaban-APX"", ""li_item_id"": ""5500L_11488_1404_5956_68716"", ""determined_price"": 12.95}",,,normal,PBS listing was present in the previous schedule and is now absent.,2026-08-30 02:00:11.220906+00
5794,1983062564,2092-01-01,delisted,5500L_11488_1404_5956_68726,5500L,2100003004,Cip Apixaban 2.5,"{""pbs_code"": ""5500L"", ""formulary"": ""F2"", ""brand_name"": ""Cip Apixaban 2.5"", ""li_item_id"": ""5500L_11488_1404_5956_68726"", ""determined_price"": 12.95}",,,normal,PBS listing was present in the previous schedule and is now absent.,2026-08-30 02:00:11.220906+00
5795,1983062564,2092-01-01,delisted,5500L_11488_1404_5956_7253,5500L,2100003004,Eliquis,"{""pbs_code"": ""5500L"", ""formulary"": ""F2"", ""brand_name"": ""Eliquis"", ""li_item_id"": ""5500L_11488_1404_5956_7253"", ""determined_price"": 12.95}",,,normal,PBS listing was present in the previous schedule and is now absent.,2026-08-30 02:00:11.220906+00
7881,1983062564,2092-01-01,delisted,5469W_11563_1279_5651_55565,5469W,2100003005,VARENAPIX,"{""pbs_code"": ""5469W"", ""formulary"": ""F2"", ""brand_name"": ""VARENAPIX"", ""li_item_id"": ""5469W_11563_1279_5651_55565"", ""determined_price"": 53.46}",,,normal,PBS listing was present in the previous schedule and is now absent.,2026-08-30 02:05:42.774799+00
7882,1983062564,2092-01-01,delisted,5469W_11563_1279_5651_56894,5469W,2100003005,PHARMACOR VARENICLINE,"{""pbs_code"": ""5469W"", ""formulary"": ""F2"", ""brand_name"": ""PHARMACOR VARENICLINE"", ""li_item_id"": ""5469W_11563_1279_5651_56894"", ""determined_price"": 53.46}",,,normal,PBS listing was present in the previous schedule and is now absent.,2026-08-30 02:05:42.774799+00
7883,1983062564,2092-01-01,delisted,5469W_11563_1279_5651_58049,5469W,2100003005,Varenicline Viatris,"{""pbs_code"": ""5469W"", ""formulary"": ""F2"", ""brand_name"": ""Varenicline Viatris"", ""li_item_id"": ""5469W_11563_1279_5651_58049"", ""determined_price"": 53.46}",,,normal,PBS listing was present in the previous schedule and is now absent.,2026-08-30 02:05:42.774799+00
7884,1983062564,2092-01-01,delisted,5469W_11563_1279_5651_59403,5469W,2100003005,Varenicline Sandoz,"{""pbs_code"": ""5469W"", ""formulary"": ""F2"", ""brand_name"": ""Varenicline Sandoz"", ""li_item_id"": ""5469W_11563_1279_5651_59403"", ""determined_price"": 53.46}",,,normal,PBS listing was present in the previous schedule and is now absent.,2026-08-30 02:05:42.774799+00
7885,1983062564,2092-01-01,delisted,5469W_11563_1279_5651_66607,5469W,2100003005,Varenicline Lupin,"{""pbs_code"": ""5469W"", ""formulary"": ""F2"", ""brand_name"": ""Varenicline Lupin"", ""li_item_id"": ""5469W_11563_1279_5651_66607"", ""determined_price"": 53.46}",,,normal,PBS listing was present in the previous schedule and is now absent.,2026-08-30 02:05:42.774799+00
7886,1983062564,2092-01-01,delisted,9128K_8191_1279_5650_56893,9128K,2100003005,PHARMACOR VARENICLINE,"{""pbs_code"": ""9128K"", ""formulary"": ""F2"", ""brand_name"": ""PHARMACOR VARENICLINE"", ""li_item_id"": ""9128K_8191_1279_5650_56893"", ""determined_price"": 45.35}",,,normal,PBS listing was present in the previous schedule and is now absent.,2026-08-30 02:05:42.774799+00
7887,1983062564,2092-01-01,delisted,9128K_8191_1279_5650_57413,9128K,2100003005,VARENAPIX,"{""pbs_code"": ""9128K"", ""formulary"": ""F2"", ""brand_name"": ""VARENAPIX"", ""li_item_id"": ""9128K_8191_1279_5650_57413"", ""determined_price"": 45.35}",,,normal,PBS listing was present in the previous schedule and is now absent.,2026-08-30 02:05:42.774799+00
7888,1983062564,2092-01-01,delisted,9128K_8191_1279_5650_58519,9128K,2100003005,Varenicline Viatris,"{""pbs_code"": ""9128K"", ""formulary"": ""F2"", ""brand_name"": ""Varenicline Viatris"", ""li_item_id"": ""9128K_8191_1279_5650_58519"", ""determined_price"": 45.35}",,,normal,PBS listing was present in the previous schedule and is now absent.,2026-08-30 02:05:42.774799+00
7889,1983062564,2092-01-01,delisted,9128K_8191_1279_5650_59404,9128K,2100003005,Varenicline Sandoz,"{""pbs_code"": ""9128K"", ""formulary"": ""F2"", ""brand_name"": ""Varenicline Sandoz"", ""li_item_id"": ""9128K_8191_1279_5650_59404"", ""determined_price"": 45.35}",,,normal,PBS listing was present in the previous schedule and is now absent.,2026-08-30 02:05:42.774799+00
7890,1983062564,2092-01-01,delisted,9128K_8191_1279_5650_66608,9128K,2100003005,Varenicline Lupin,"{""pbs_code"": ""9128K"", ""formulary"": ""F2"", ""brand_name"": ""Varenicline Lupin"", ""li_item_id"": ""9128K_8191_1279_5650_66608"", ""determined_price"": 45.35}",,,normal,PBS listing was present in the previous schedule and is now absent.,2026-08-30 02:05:42.774799+00
7891,1983062564,2092-01-01,delisted,9129L_11563_1279_5651_55565,9129L,2100003005,VARENAPIX,"{""pbs_code"": ""9129L"", ""formulary"": ""F2"", ""brand_name"": ""VARENAPIX"", ""li_item_id"": ""9129L_11563_1279_5651_55565"", ""determined_price"": 53.46}",,,normal,PBS listing was present in the previous schedule and is now absent.,2026-08-30 02:05:42.774799+00
7892,1983062564,2092-01-01,delisted,9129L_11563_1279_5651_56894,9129L,2100003005,PHARMACOR VARENICLINE,"{""pbs_code"": ""9129L"", ""formulary"": ""F2"", ""brand_name"": ""PHARMACOR VARENICLINE"", ""li_item_id"": ""9129L_11563_1279_5651_56894"", ""determined_price"": 53.46}",,,normal,PBS listing was present in the previous schedule and is now absent.,2026-08-30 02:05:42.774799+00
7893,1983062564,2092-01-01,delisted,9129L_11563_1279_5651_58049,9129L,2100003005,Varenicline Viatris,"{""pbs_code"": ""9129L"", ""formulary"": ""F2"", ""brand_name"": ""Varenicline Viatris"", ""li_item_id"": ""9129L_11563_1279_5651_58049"", ""determined_price"": 53.46}",,,normal,PBS listing was present in the previous schedule and is now absent.,2026-08-30 02:05:42.774799+00
7894,1983062564,2092-01-01,delisted,9129L_11563_1279_5651_59403,9129L,2100003005,Varenicline Sandoz,"{""pbs_code"": ""9129L"", ""formulary"": ""F2"", ""brand_name"": ""Varenicline Sandoz"", ""li_item_id"": ""9129L_11563_1279_5651_59403"", ""determined_price"": 53.46}",,,normal,PBS listing was present in the previous schedule and is now absent.,2026-08-30 02:05:42.774799+00
7895,1983062564,2092-01-01,delisted,9129L_11563_1279_5651_66607,9129L,2100003005,Varenicline Lupin,"{""pbs_code"": ""9129L"", ""formulary"": ""F2"", ""brand_name"": ""Varenicline Lupin"", ""li_item_id"": ""9129L_11563_1279_5651_66607"", ""determined_price"": 53.46}",,,normal,PBS listing was present in the previous schedule and is now absent.,2026-08-30 02:05:42.774799+00
8800,1983062564,2092-01-01,delisted,10061M_7360_1385_5923_66256,10061M,2100003006,Wyost,"{""pbs_code"": ""10061M"", ""formulary"": ""F2"", ""brand_name"": ""Wyost"", ""li_item_id"": ""10061M_7360_1385_5923_66256"", ""determined_price"": 296.93}",,,normal,PBS listing was present in the previous schedule and is now absent.,2026-08-30 02:26:35.144498+00
8801,1983062564,2092-01-01,delisted,10061M_7360_1385_5923_66883,10061M,2100003006,GANVADO,"{""pbs_code"": ""10061M"", ""formulary"": ""F2"", ""brand_name"": ""GANVADO"", ""li_item_id"": ""10061M_7360_1385_5923_66883"", ""determined_price"": 296.93}",,,normal,PBS listing was present in the previous schedule and is now absent.,2026-08-30 02:26:35.144498+00
8802,1983062564,2092-01-01,delisted,10061M_7360_1385_5923_67806,10061M,2100003006,Osenvelt,"{""pbs_code"": ""10061M"", ""formulary"": ""F2"", ""brand_name"": ""Osenvelt"", ""li_item_id"": ""10061M_7360_1385_5923_67806"", ""determined_price"": 296.93}",,,normal,PBS listing was present in the previous schedule and is now absent.,2026-08-30 02:26:35.144498+00
8803,1983062564,2092-01-01,delisted,10061M_7360_1385_5923_7212,10061M,2100003006,Xgeva,"{""pbs_code"": ""10061M"", ""formulary"": ""F2"", ""brand_name"": ""Xgeva"", ""li_item_id"": ""10061M_7360_1385_5923_7212"", ""determined_price"": 296.93}",,,normal,PBS listing was present in the previous schedule and is now absent.,2026-08-30 02:26:35.144498+00
8804,1983062564,2092-01-01,delisted,15001M_29781_1385_66690_66692,15001M,2100003006,Xgeva,"{""pbs_code"": ""15001M"", ""formulary"": ""F2"", ""brand_name"": ""Xgeva"", ""li_item_id"": ""15001M_29781_1385_66690_66692"", ""determined_price"": 301.39}",,,normal,PBS listing was present in the previous schedule and is now absent.,2026-08-30 02:26:35.144498+00
8805,1983062564,2092-01-01,delisted,15013E_29781_1385_66690_66692,15013E,2100003006,Xgeva,"{""pbs_code"": ""15013E"", ""formulary"": ""F2"", ""brand_name"": ""Xgeva"", ""li_item_id"": ""15013E_29781_1385_66690_66692"", ""determined_price"": 301.39}",,,normal,PBS listing was present in the previous schedule and is now absent.,2026-08-30 02:26:35.144498+00
8806,1983062564,2092-01-01,delisted,5110Y_7360_1385_5923_66256,5110Y,2100003006,Wyost,"{""pbs_code"": ""5110Y"", ""formulary"": ""F2"", ""brand_name"": ""Wyost"", ""li_item_id"": ""5110Y_7360_1385_5923_66256"", ""determined_price"": 296.93}",,,normal,PBS listing was present in the previous schedule and is now absent.,2026-08-30 02:26:35.144498+00
8807,1983062564,2092-01-01,delisted,5110Y_7360_1385_5923_66883,5110Y,2100003006,GANVADO,"{""pbs_code"": ""5110Y"", ""formulary"": ""F2"", ""brand_name"": ""GANVADO"", ""li_item_id"": ""5110Y_7360_1385_5923_66883"", ""determined_price"": 296.93}",,,normal,PBS listing was present in the previous schedule and is now absent.,2026-08-30 02:26:35.144498+00
8808,1983062564,2092-01-01,delisted,5110Y_7360_1385_5923_67806,5110Y,2100003006,Osenvelt,"{""pbs_code"": ""5110Y"", ""formulary"": ""F2"", ""brand_name"": ""Osenvelt"", ""li_item_id"": ""5110Y_7360_1385_5923_67806"", ""determined_price"": 296.93}",,,normal,PBS listing was present in the previous schedule and is now absent.,2026-08-30 02:26:35.144498+00
8809,1983062564,2092-01-01,delisted,5110Y_7360_1385_5923_7212,5110Y,2100003006,Xgeva,"{""pbs_code"": ""5110Y"", ""formulary"": ""F2"", ""brand_name"": ""Xgeva"", ""li_item_id"": ""5110Y_7360_1385_5923_7212"", ""determined_price"": 296.93}",,,normal,PBS listing was present in the previous schedule and is now absent.,2026-08-30 02:26:35.144498+00
8810,1983062564,2092-01-01,delisted,5457F_11560_1385_5924_66255,5457F,2100003006,Jubbonti,"{""pbs_code"": ""5457F"", ""formulary"": ""F2"", ""brand_name"": ""Jubbonti"", ""li_item_id"": ""5457F_11560_1385_5924_66255"", ""determined_price"": 159.38}",,,normal,PBS listing was present in the previous schedule and is now absent.,2026-08-30 02:26:35.144498+00
8811,1983062564,2092-01-01,delisted,5457F_11560_1385_5924_66884,5457F,2100003006,CORORA,"{""pbs_code"": ""5457F"", ""formulary"": ""F2"", ""brand_name"": ""CORORA"", ""li_item_id"": ""5457F_11560_1385_5924_66884"", ""determined_price"": 159.38}",,,normal,PBS listing was present in the previous schedule and is now absent.,2026-08-30 02:26:35.144498+00
8812,1983062564,2092-01-01,delisted,5457F_11560_1385_5924_67807,5457F,2100003006,Stoboclo,"{""pbs_code"": ""5457F"", ""formulary"": ""F2"", ""brand_name"": ""Stoboclo"", ""li_item_id"": ""5457F_11560_1385_5924_67807"", ""determined_price"": 159.38}",,,normal,PBS listing was present in the previous schedule and is now absent.,2026-08-30 02:26:35.144498+00
8813,1983062564,2092-01-01,delisted,5457F_11560_1385_5924_7213,5457F,2100003006,Prolia,"{""pbs_code"": ""5457F"", ""formulary"": ""F2"", ""brand_name"": ""Prolia"", ""li_item_id"": ""5457F_11560_1385_5924_7213"", ""determined_price"": 159.38}",,,normal,PBS listing was present in the previous schedule and is now absent.,2026-08-30 02:26:35.144498+00
